id,site,job_url,job_url_direct,title,company,location,date_posted,job_type,salary_source,interval,min_amount,max_amount,currency,is_remote,job_level,job_function,listing_type,emails,description,company_industry,company_url,company_logo,company_url_direct,company_addresses,company_num_employees,company_revenue,company_description,skills,experience_range,company_rating,company_reviews_count,vacancy_count,work_from_home_type,termino_de_busqueda
in-f7f5f1d41f45f156,indeed,https://pe.indeed.com/viewjob?jk=f7f5f1d41f45f156,https://worldvision.wd1.myworkdayjobs.com/es/WorldVisionInternational/job/Cluster-Occidente---El-Salvador/Facilitador-a-de-Desarrollo_JR51571,Facilitador/a de Desarrollo,World Vision International,"El Salvador, CAJ, PE",2026-07-31,fulltime,,,,,,False,,,,,"With 75 years of experience, our focus is on helping the most vulnerable children overcome poverty and experience fullness of life. We help children of all backgrounds, even in the most dangerous places, inspired by our Christian faith.


Come join our 31,000\+ staff working in nearly 100 countries and share the joy of transforming vulnerable children’s life stories!


Key Responsibilities:


Objetivo del puesto.  

Implementar acciones de desarrollo que constituyen el vínculo principal entre el equipo de programa de WV y los actores y comunidades locales enfocados en trabajar con grupos y organizaciones locales para contribuir a las prioridades de bienestar de la niñez.  

  

Funciones principales.  

* Implementar y monitorear la participación de la niñez y adolescencia en actividades de desarrollo planificados desde una visión compartida con la comunidad.
* Asegurar el cumplimiento de comunicaciones entre el niño y niña y el patrocinador.


Requisitos.  

* Graduado o estudiante universitario o nivel técnico en carreras Humanísticas o Sociales (Sociología, Trabajo Social, Psicología, Educación) u otras carreras afines con experiencia complementaria en el área.
* Experiencia Técnica: Mínimo de 2 a 3 años de experiencia en trabajo de desarrollo comunitario.
* Experiencia en implementación de técnicas o dinámicas con enfoque de prevención de violencia.
* Experiencia de trabajo en contextos de riesgo de inseguridad social
* Manejo de vehículo 4x4 indispensable.
* Residir en la zona de trabajo o municipios aledaños.


Competencias.  

* Identificarse con la misión, visión y valores de la Organización.
* Establecer relaciones.
* Aprender y desarrollarse.
* Asociarse y colaborar.
* Entregar resultados.
* Ser responsable.
* Mejorar e innovar.
* Apropiarse de los cambios.

Applicant Types Accepted:


Local Applicants Only",Organization,https://pe.indeed.com/cmp/World-Vision-International,https://d2q79iu7y748jz.cloudfront.net/s/_squarelogo/256x256/c62e46e499c3ab25ba075f21419c7a86,https://wvi.org,Global,"10,000+",$1B to $5B (USD),"We help the most vulnerable girls and boys overcome poverty and experience fullness of life. We help children of all backgrounds, even in the most dangerous places, inspired by our Christian faith.",,,,,,,"""Sociologia"""
in-398ae61bcb5d821e,indeed,https://pe.indeed.com/viewjob?jk=398ae61bcb5d821e,https://venparanexa.gupy.io/job/eyJqb2JJZCI6MTE4ODM4NDEsInNvdXJjZSI6ImluZGVlZCJ9?jobBoardSource=indeed,Jefe de Gestión Social - Temporal | El Porvenir,Nexa Resources,"Yanacancha, PAS, PE",2026-07-31,temporary,,,,,,False,,,,,"¡En Nexa, valoramos y promovemos la pluralidad en todas sus formas!

  

Siguiendo nuestro compromiso con la diversidad e inclusión,estamos especialmente motivados por recibir solicitudes de **mujeres** para esta posición. No obstante, animamos a todas las personas calificadas a postularse, independientemente de su género, identidad o cualquier otra característica, y unirse a nuestro equipo en el puesto de **JEFE DE GESTIÓN SOCIAL \- TEMPORAL** para trabajar en el área de **GESTIÓN SOCIAL**, en nuestra unidad de El Porvenir.

  

Somos una empresa que se conecta e integra su negocio a las necesidades de la sociedad. Esta es nuestra forma de desarrollar la minería, siempre conectados a los cambios con personas comprometidas, inspiradas y en constante desarrollo.

 **¡Únete a Nexa y forma parte de la minería que se mueve con el mundo!**

 **\#mujerestalentoenminería**

 **Responsabilidades y atribuciones**  

La posición será responsable de reemplazar temporalmente a las jefaturas en las siguientes funciones:

  

* Liderar la ejecución de la estrategia interna de gestión social en la zona de influencia, priorizando el enfoque de diálogo, alerta temprana, prevención de controversias y respuesta ante crisis sociales.
* Desarrollar mapas de actores dinámicos e informes de inteligencia social para anticipar riesgos que puedan impactar las operaciones mineras.
* Facilitar de manera presencial los procesos de diálogo directo con comunidades campesinas, líderes locales y comités multisectoriales, promoviendo relaciones de confianza mutua.
* Diseñar e implementar planes de intervención social ad\-hoc para reducir la conflictividad y asegurar la paz social en el territorio.
* Dirigir los procesos de saneamiento legal de tierras e instrumentos jurídicos requeridos para formalizar acuerdos comunales de largo plazo.
* Implementar matrices de monitoreo participativo para supervisar el avance y cumplimiento de los acuerdos asumidos en las mesas de desarrollo.
* Coordinar la asignación de recursos y supervisar la ejecución de proyectos sociales articulados con la estrategia de sostenibilidad corporativa.

  

**Requisitos y calificaciones**  

* Profesionales en Derecho, Sociología o Ingeniería. Deseable, contar con colegiatura.
* Estudios en Gestión y transformación de conflictos socioambientales o afines.
* **Más de 10 años de experiencia especializada** en áreas de Relaciones Comunitarias y/o Gestión Social.
* Experiencia en facilitación o conducción de procesos de diálogo, negociación de tierras y/o mediación y transformación de conflictos sociales en general o socioambientales, mineros, entre otros.

 **Requisitos deseables:**

* Estudios de Maestría en Gestión: Social / Pública / Solución de Conflictos sociales o afines.
* Diplomas en: Relaciones Comunitarias / Resolución de conflictos socioambientales o afines

  

**Informaciones adicionales**  

* **Lugar de Trabajo:** El Porvenir
* **Modalidad de Trabajo:** régimen atípico 14x7

  

En NEXA trabajamos en un ambiente diverso donde las personas se sienten libres para ser ellas mismos. Quieres se parte de nuestro equipo?


\#venparanexa

  

Somos una empresa global de minería y metalurgia, que pertenece al Grupo Votorantim (Brasil). Con el tiempo, hemos crecido, nos hemos reinventado y nos hemos consolidado como uno de los principales productores de zinc Somos una de las mayores empresas mineras globales de zinc en el mundo. Hace más de 65 años actuamos operando activos de minería y metalurgia, y actualmente tenemos acciones negociadas en la bolsa de New York.

  

Contamos con 8 operaciones distribuidas entre Brasil y Perú (5 minas y 3 refinerías), destacando la mina subterránea de zinc más grande de Perú (Cerro Lindo) y la refinería de zinc más grande de América (Cajamarquilla). También producimos cobre, plomo, plata y oro como coproductos.

  

Guiados por nuestros valores: **Seguridad, Integridad, Excelencia e innovación, Colaboración y Legado Positivo**, tenemos como propósito integrar la minería a un mundo en constante cambio como una oportunidad para el desarrollo sostenible.  



  

Para garantizar procesos transparentes, confiables y con oportunidades reales para todos, te invitamos a proteger tu seguridad consultando y postulando únicamente a través de nuestros canales oficiales.

 **Nexa. Minería que se mueve con el mundo.**",,https://pe.indeed.com/cmp/Nexa-Resources,,https://www.nexaresources.com,"São Paulo, São Paulo","1,001 to 5,000",Decline to state,Levamos a essência do mundo da mineração para o mundo das pessoas.,,,,,,,"""Sociologia"""
in-0b486694b423ce9b,indeed,https://pe.indeed.com/viewjob?jk=0b486694b423ce9b,http://pe.indeed.com/job/jefe-de-recursos-humanos-0b486694b423ce9b,Jefe(a) de Recursos Humanos,ARGOS SOLUCIONES B Y C SAC,"Independencia, LIM, PE",2026-07-30,fulltime,,,,,,False,,,,,"Somos la empresa ARGOS SOLUCIONES B Y C S.A.C.

Estamos en búsqueda de JEFE DE RECURSOS HUMANOS

REQUISITOS

\- Carreras a fines**: Administración de Empresas, Psicología, Derecho, Sociología y Pedagogía**

\- Con Experiencia: Minimo 3 años de experiencia

\- Nivel de Estudio Mínimo: BACHILLER \-TITULADO

\- Que tenga Dominio en el rubro

**FUNCIONES:**

* **Planificación y reclutamiento:** Identificar necesidades de personal, publicar ofertas, filtrar currículums y seleccionar candidatos idóneos.
* **Administración de personal:** Gestionar contratos, nóminas, afiliaciones, expedientes y procesos administrativos del personal.
* **Desarrollo y formación:** Implementar planes de carrera, capacitación y desarrollo de competencias para los empleados.
* **Gestión del desempeño:** Evaluar el rendimiento, establecer sistemas de evaluación y feedback.
* **Compensaciones y beneficios:** Diseñar políticas salariales, beneficios y programas de incentivos.
* **Clima laboral y relaciones:** Fomentar una cultura organizacional positiva, mediar en conflictos y gestionar las relaciones laborales.
* **Salud y Seguridad en el Trabajo (SST):** Garantizar un entorno de trabajo seguro y saludable, gestionando la prevención de riesgos laborales.
* **Enlace y comunicación:** Actuar como puente entre la dirección y los empleados, asegurando la comunicación interna.
* **Cumplimiento legal:** Asegurar que la empresa cumple con la normativa laboral vigente.

\-\-\-\-\> Horario Laboral de Lunes a Viernes de 8am a 6pm y Sábados de 8am a 1pm.

Tipo de puesto: Tiempo completo

Sueldo: S/.1,500\.00 \- S/.2,500\.00 al mes

Lugar de trabajo: Empleo presencial",,https://pe.indeed.com/cmp/Argos-Soluciones-B-Y-C-Sac,,,,,,,,,,,,,"""Sociologia"""
in-26e0adcc54f7eecf,indeed,https://pe.indeed.com/viewjob?jk=26e0adcc54f7eecf,https://jobs.engie.com/default/job/Jefe-de-Gestion-Territorial-Lima/69350-en_US,Jefe de Gestion Territorial - Lima,ENGIE,"Chorrillos, LIM, PE",2026-07-30,,,,,,,False,,,,,"En **ENGIE Energía Perú**, aceleramos la transición hacia una economía carbono neutral. Somos la empresa de generación de energía más diversificada del país, con el respaldo del Grupo ENGIE, el mayor productor independiente de energía con 96 mil **Transition Makers** en 31 países, de tanto en matriz energética como en ubicación geográfica y la \#1 del sector energía para atraer y retener talento y formando parte del ranking MERCO Top 50 general del Perú. Además, contamos con la certificación EDGE que refleja nuestro compromiso con la equidad de género y diversidad en el trabajo.


En ENGIE valoramos:


* **Evolución profesional:** Autogestiona tu carrera en un entorno dinámico con oportunidades constantes de crecimiento, capacitación continua y desarrollo.
* **Bienestar y equilibrio:** Impulsamos una cultura de bienestar, cuidado y equilibrio vida–trabajo, promoviendo entornos laborales que priorizan la salud mental, la seguridad y el desarrollo sostenible de las personas.
* **Diversidad, equidad e inclusión:** Promovemos procesos libres de sesgos y un entorno laboral seguro, de confianza y respeto, donde puedes ser tú mismo y desempeñarte con tu máximo potencial, sin importar tu origen, género, generación, discapacidad u orientación sexual.
  


**Jefe de Gestión Territorial \- Lima** **(Plazo fijo)**


**Tus principales responsabilidades serán:**

* Liderar la estrategia de obtención de servidumbres, accesos y acuerdos territoriales.
* Supervisar el desempeño técnico, contractual y operativo de la consultora predial.
* Gestionar stakeholders críticos y participar en negociaciones complejas.
* Identificar y mitigar riesgos sociales, territoriales y reputacionales. Informar a gerencia sobre avances, riesgos y decisiones críticas.
* Garantizar cumplimiento de estándares de ética, derechos humanos y sostenibilidad de ENGIE.


**¿Qué necesitamos de ti?**

* Profesional de las carreras de Antropología, Sociología, Derecho, Economía para el Desarrollo, Agronomía o afines.
* Alrededor de 10 años de experiencia en gestión social, predial, territorial.
* Alrededor de 5 años de experiencia liderando equipos multidisciplinarios.
* Disponibilidad para realizar viajes frecuentes al interior del país.
* Competencias sólidas en: Liderazgo e influencia, negociación avanzada, comunicación ejecutiva, construcción de relaciones de confianza.


**Los beneficios que te ofrecemos:**

* Prima seguro médico cubierto al 100%
* Prima seguro oncológico cubierto al 100%
* Bono por desempeño
* Bono por seguridad y salud Ocupacional
* Capacitación y entrenamientos


***En ENGIE,*** *cada persona desempeña un papel clave en la aceleración de la transición energética. Marca la diferencia y vive una experiencia profesional con propósito. Asume retos apasionantes, crece en un entorno innovador y construye una carrera que refleje quién eres realmente.* ***¡Únete a nosotros y sé parte de la aventura del siglo!***


Business Unit: GBU Networks
Division: Power Networks Peru
Legal Entity: ENGIE ENERGIA PERU S.A.
Company Name: ENGIE Perú
Minimum Base Salary:
Maximum Base Salary:
Pay Basis:
### **Why this matters to us**


Our organisation is an equal opportunity employer and is committed to fostering a diverse and inclusive workplace. We offer reasonable accommodations upon request for individuals with disabilities.",,https://pe.indeed.com/cmp/Engie-7,https://d2q79iu7y748jz.cloudfront.net/s/_squarelogo/256x256/0c023a426e3c0751b123ed6850a87518,https://www.engie.com/pourquoi-rejoindre-engie,Courbevoie,"10,000+",more than $10B (USD),,,,,,,,"""Sociologia"""
in-6f9b4a70148f6a96,indeed,https://pe.indeed.com/viewjob?jk=6f9b4a70148f6a96,http://pe.indeed.com/job/soci%C3%B3logo-6f9b4a70148f6a96,Sociólogo,CDH Empresarial,"Piura, PIU, PE",2026-07-28,,,,,,,False,,,,,"Estoy en búsqueda de Sociólogo o Especialista en Asuntos Sociales que brinde capacitaciones en Piura, con experiencia en gestión social minera, formulación y gestión de proyectos de desarrollo comunitario.

**Requisitos:**

* Titulado
* Experiencia en manejo de grupo
* Experiencia capacitando
* Residir en Piura

Enviar currículum a: seleccion.empresarial@cdh\-peru.com  
O al: \+51 977538263

Lugar de trabajo: Empleo presencial",,https://pe.indeed.com/cmp/Cdh-Empresarial,,,,,,,,,,,,,"""Sociologia"""
in-c06ca0fc0b2a3d7c,indeed,https://pe.indeed.com/viewjob?jk=c06ca0fc0b2a3d7c,https://acciona.wd3.myworkdayjobs.com/en-US/ACCIONA_Employment_Channel/job/Lima/ANALISTA-PREDIAL_20099440,ANALISTA PREDIAL,Acciona,"Lima, LIM, PE",2026-07-27,,,,,,,False,,,,,"**Somos una compañía internacional formada por más de 65\.000 empleados y presente en más de 40 países de los cinco continentes. Líderes en innovación y desarrollo tecnológico, buscamos expertos en impulsar el desarrollo sostenible y encontrar soluciones a los mayores retos mundiales, como el calentamiento global, la superpoblación y la escasez hídrica.**

**Descripción del puesto**

**Misión:**


Realizar el seguimiento, supervisión y control de la gestión predial de los proyectos a su cargo, asegurando el cumplimiento de los objetivos de plazo, costo, calidad y gestión social, mediante la coordinación con consultoras externas, autoridades y grupos de interés, contribuyendo al desarrollo oportuno y sostenible de los proyectos.

**Requisitos del candidato**

**Acciona Transmisión Perú S.A.,** se encuentra en la búsqueda de un(a) Analista Predial que contribuya en la gestión predial de nuestros proyectos de transmisión eléctrica, asegurando el cumplimiento de los plazos y estándares de calidad de la organización, con capacidad de organización, seguimiento y coordinación, interesados en desarrollar su experiencia en proyectos de infraestructura y gestión territorial.

**Funciones:**

* Encargarse de la supervisión y monitoreo de la gestión predial del proyecto en el que participa.
* Realizar el seguimiento a las actividades de gestión predial ejecutadas por la consultora.
* cargo del proyecto velando por el cumplimiento de los objetivos de plazo y costo.
* Supervisar el avance y cumplimiento de las actividades realizadas por las consultoras externas, asegurando calidad, plazos y presupuesto
* Participar en procesos de negociación predial y reuniones con diversos actores.
* Contribuir al desarrollo e implementación de la estrategia de gestión social – predial del proyecto en colaboración con el coordinador de sostenibilidad.
* Participar en reuniones de seguimiento estratégicas de la gestión de permisos de los proyectos en los que participa.
* Elaborar reportes diarios, semanales y mensuales de avance predial, usando herramientas
* avanzadas de análisis y visualización (Excel, Power BI).
* Diseñar, revisar procesos internos de la gestión predial (flujos, formatos, matrices)
* Generar mapas, polígonos, capas temáticas y análisis espaciales para decisiones de la gerencia.
* Reportar los avances de la gestión predial de los proyectos en los que participa.
* Identificar, analizar y reportar riesgos e incidencias asociados a la gestión predial, proponiendo medidas de mitigación y planes de acción oportunos.
* Realizar el seguimiento al cumplimiento de los compromisos asumidos con propietarios, comunidades, autoridades y demás grupos de interés vinculados a la gestión predial.
* Administrar y mantener actualizada la información predial y documental de los proyectos,
* asegurando la trazabilidad y disponibilidad de la información.
* Coordinar con las áreas técnicas, legales, ambientales y de sostenibilidad para garantizar la adecuada ejecución de la gestión predial del proyecto.
* Elaborar indicadores de gestión (KPI) y cuadros de control que permitan monitorear el desempeño y avance de la gestión predial.
* Apoyar en la elaboración de presupuestos, cronogramas y proyecciones relacionados con la gestión predial de los proyectos.
* Demás funciones asignadas por el jefe directo.

**Perfil**

**Formación académica / Titulación:**

* Derecho, antropología, sociología, ingeniería industrial, ingeniería geógrafa o carreras afines relacionadas con la gestión territorial, social y predial.
* Se valorarán estudios de especialización o diplomados en gestión predial, gestión social, catastro, SIG o gestión de proyectos.

**Experiencia:**

* Es necesaria la experiencia mínima de 4 años en la gestión predial de proyectos lineales.
* Experiencia en procesos de negociación, saneamiento físico\-legal, servidumbres y relacionamiento con propietarios y grupos de interés.
* Experiencia en supervisión y seguimiento de consultoras externas y contratistas.
* Se valorará experiencia en proyectos de infraestructura energética, especialmente líneas de transmisión y subestaciones eléctricas.

**Idiomas y nivel requerido**

* Nivel alto de español.
* Nivel intermedio\-avanzado de inglés (mínimo B2\), deseable para la elaboración y revisión de documentación técnica y coordinación con equipos internacionales.

**Conocimientos complementarios**

* Dominio avanzado de Excel (tablas dinámicas, dashboards).
* Manejo de Power BI para reportes dinámicos, tableros ejecutivos y análisis predial.
* Manejo de QGIS y/o Autocad y/o ArcGis para elaboración de mapas y análisis espacial.
* Conocimiento de normativa predial, servidumbres, adquisición de derechos superficiales y permisos aplicables a proyectos de infraestructura.
* Conocimiento en interpretación de planos, cartografía y sistemas de información geográfica (SIG).
* Alto nivel de gestión.
* Capacidad de análisis, negociación, planificación y resolución de conflictos.
* Manejo de indicadores (KPI) y herramientas de seguimiento y control de proyectos.
* Se valorará el conocimiento especifico en proyectos de líneas de transmisión.

**Disponibilidad para viajar** – SI

* Disponibilidad para realizar viajes frecuentes a campo y supervisar actividades prediales en las zonas de influencia de los proyectos.


ACCIONA ha recibido la certificación Top Employer 2024 y 2025\. Este sello reconoce a la Compañía como una de las mejores empresas para trabajar por su compromiso en situar la gestión de las personas como eje central de su estrategia. Somos una compañía con igualdad de oportunidades y estamos comprometidos con la diversidad. ACCIONA está alineada con la ley Nº 27278 y prohíbe la discriminación basada en el género, raza, religión o idioma.",Energy And Utilities,https://pe.indeed.com/cmp/Acciona,https://d2q79iu7y748jz.cloudfront.net/s/_squarelogo/256x256/4dad86700c0cf6532e52c9ebd7284359,http://www.acciona.es/,"Madrid, SP","10,000+",more than $10B (USD),,,,,,,,"""Sociologia"""
in-5040e485810dd595,indeed,https://pe.indeed.com/viewjob?jk=5040e485810dd595,https://acciona.wd3.myworkdayjobs.com/en-US/ACCIONA_Employment_Channel/job/Lima/ASISTENTE-PREDIAL_20099514,ASISTENTE PREDIAL,Acciona,"Lima, LIM, PE",2026-07-27,,,,,,,False,,,,,"**Somos una compañía internacional formada por más de 65\.000 empleados y presente en más de 40 países de los cinco continentes. Líderes en innovación y desarrollo tecnológico, buscamos expertos en impulsar el desarrollo sostenible y encontrar soluciones a los mayores retos mundiales, como el calentamiento global, la superpoblación y la escasez hídrica.**

**Descripción del puesto**

**Misión:**


Brindar soporte operativo, administrativo y de seguimiento a la gestión predial de los proyectos en los que participa, contribuyendo al cumplimiento de los objetivos de plazo, costo, calidad y gestión social, mediante la coordinación con consultoras externas, propietarios, entidades y áreas internas de la organización.

**Requisitos del candidato**

**Acciona Transmisión Perú S.A.**, se encuentra en la búsqueda de un(a) Asistente Predial para brindar soporte en la gestión predial de nuestros proyectos de transmisión. Buscamos profesionales con capacidad de organización, seguimiento y coordinación, interesados en desarrollar su experiencia en proyectos de infraestructura y gestión territorial.

**Funciones:**

* Apoyar en el seguimiento a las actividades de gestión predial ejecutadas por la consultora a cargo del proyecto con especial énfasis en el cumplimiento de los objetivos de plazo y costo.
* Apoyar en la supervisión y control del avance de las actividades prediales desarrolladas por las consultoras externas, verificando el cumplimiento de cronogramas y entregables.
* Apoyar en la implementación de la estrategia de gestión social – predial del proyecto en colaboración con el coordinador de sostenibilidad.
* Participar en reuniones de seguimiento estratégicas de la gestión de permisos de los proyectos en los que participa.
* Realizar seguimiento y control de los acuerdos suscritos con titulares de predios sirvientes.
* Realizar coordinaciones con notarias y la consultora predial para la formalización de los acuerdos prediales.
* Mantener actualizada la base de datos, matrices de seguimiento y el archivo documental de la gestión predial de los proyectos.
* Apoyar en el seguimiento de compromisos asumidos con propietarios, autoridades, comunidades y demás grupos de interés vinculados a la gestión predial.
* Realizar el control y seguimiento de expedientes, contratos, servidumbres, permisos y demás documentación asociada a la gestión predial.
* Apoyar en la elaboración de reportes, presentaciones ejecutivas e indicadores de gestión predial utilizando herramientas como Excel y Power BI.
* Apoyar en la elaboración y actualización de mapas, planos y registros georreferenciados mediante herramientas SIG, cuando corresponda.
* Elaborar reportes de la gestión en la que participa.
* Reportar los avances de la gestión predial de los proyectos en los que participa.
* Identificar y reportar oportunamente desviaciones, riesgos e incidencias relacionadas con la gestión predial, proponiendo acciones de seguimiento.
* Demás funciones asignadas por el jefe directo.

**Perfil requerido**
====================

**Formación académica / Titulación:**
-------------------------------------

* Grado de bachiller en derecho, antropología, sociología, ingeniería industrial, ingeniería geógrafa o carreras afines relacionadas con la gestión territorial, social y predial.
* Se valorarán estudios complementarios o especializaciones en gestión predial, gestión social, catastro o sistemas de información geográfica (SIG).

**Experiencia:**
----------------

* Es necesaria la experiencia mínima de 2 años en la gestión predial de proyectos de inversión público\-privada, preferentemente en proyectos de infraestructura o proyectos lineales.
* De preferencia, experiencia en procesos de negociación, servidumbres, seguimiento documental y relacionamiento con propietarios y grupos de interés.

**Idiomas y nivel requerido**
-----------------------------

* Nivel alto de español.
* Nivel intermedio\-avanzado de inglés (mínimo B2\).

**Conocimientos complementarios**
---------------------------------

* Dominio avanzado de Excel (tablas dinámicas, dashboards)
* Manejo de Power BI para reportes dinámicos, tableros ejecutivos y análisis predial (deseable).
* Conocimiento de herramientas SIG, tales como QGIS, ArcGIS y/o AutoCAD (deseable).
* Conocimiento básico de normativa predial, servidumbres y permisos aplicables a proyectos de infraestructura.
* Capacidad de organización, seguimiento y control de expedientes y documentación predial.
* Habilidades de comunicación, negociación y coordinación con actores internos y externos.
* Se valorará el conocimiento especifico en proyectos de líneas de Transmisión.

**Disponibilidad para viajar** – SI


ACCIONA ha recibido la certificación Top Employer 2024 y 2025\. Este sello reconoce a la Compañía como una de las mejores empresas para trabajar por su compromiso en situar la gestión de las personas como eje central de su estrategia. Somos una compañía con igualdad de oportunidades y estamos comprometidos con la diversidad. ACCIONA está alineada con la ley Nº 27278 y prohíbe la discriminación basada en el género, raza, religión o idioma.",Energy And Utilities,https://pe.indeed.com/cmp/Acciona,https://d2q79iu7y748jz.cloudfront.net/s/_squarelogo/256x256/4dad86700c0cf6532e52c9ebd7284359,http://www.acciona.es/,"Madrid, SP","10,000+",more than $10B (USD),,,,,,,,"""Sociologia"""
in-30c6bea2e225e1c2,indeed,https://pe.indeed.com/viewjob?jk=30c6bea2e225e1c2,https://oportunidadesalicorp.com/job/Lima-SERVICE-DESIGNER-LIMA/1412609800/,SERVICE DESIGNER,AliCorp,"Lima, LIM, PE",2026-07-25,,,,,,,False,,,,,"**Fecha:** 24 jul 2026


**Ubicación:** LIMA, Peru


**Empresa:** Alicorp S.A.A.



**¿Cuál será tu desafío?**
--------------------------


Diseñar, potenciar y evolucionar servicios centrados en las personas, asegurando que sean útiles, efectivos, deseables, viables para el negocio y factibles para la organización. El Service Designer comprende las necesidades de clientes y usuarios a partir de investigación, evidencia, datos e insights, y traduce ese conocimiento en oportunidades, soluciones y experiencias integrales que generen valor para las personas y para la compañía.


Su misión es orquestar la experiencia end\-to\-end del servicio, conectando lo que el cliente percibe con los procesos, capacidades, equipos y decisiones internas que hacen posible dicha experiencia, contribuyendo a la mejora continua, innovación y transformación de los servicios.


**¿Qué harás en tu rol?**
-------------------------


* Investiga necesidades, comportamientos, expectativas y fricciones de clientes, usuarios y stakeholders internos.
* Analiza información cualitativa y cuantitativa proveniente de research, data, negocio, canales, operación y feedback de clientes.
* Construye journeys, blueprints de servicio, ecosistemas, procesos y puntos de contacto de la experiencia.
* Identifica pain points, necesidades no resueltas y oportunidades de innovación o mejora continua.
* Traduce insights de usuarios, clientes y negocio en oportunidades de diseño accionables.
* Diseña propuestas de valor, conceptos de servicio, flujos, interacciones, procesos y experiencias integrales.
* Conecta la experiencia visible del cliente con los procesos, capacidades, sistemas, equipos y decisiones internas que la habilitan.
* Facilita sesiones de co\-creación, workshops y dinámicas de alineamiento con equipos multidisciplinarios.
* Prototipa soluciones, experiencias, procesos o interacciones de servicio en distintos niveles de fidelidad.
* Define principios, lineamientos y criterios de diseño para la experiencia del servicio.
* Colabora con equipos de producto, UX, tecnología, canales, negocio y operaciones durante el diseño e implementación de soluciones.
* Comunica hallazgos, oportunidades, propuestas y recomendaciones de manera clara y accionable.
* Acompaña la evolución de servicios existentes, identificando mejoras en experiencia, procesos y entrega del servicio.
**¿Qué necesitamos de ti?**
---------------------------


* Profesional de la carrera de Ingeniería Industrial, Diseño Industrial, Letras y Ciencias Humanas (Psicología, Antropología, Sociología y afines).
* Contar con curso, especialización y/o diplomado en Service Design.
* Deseable contar con curso, especialización y/o diplomado en Research, Behavioral Design, Business Intelligence.
* Contar con experiencia mínima de 02 años en el rol de Service Design o realizando funciones similares.
* Contar con experiencia en diseño de experiencias en productos digitales.
* Deseable el manejo de herramientas de análisis de información cualitativa a nivel intermedio (ejemplo: Condens u otros)
* Manejo de Figma y Miro nivel intermedio.
* Manejo de inglés nivel intermedio.",,https://pe.indeed.com/cmp/Alicorp,,https://www.alicorp.com.pe,Lima,"1,001 to 5,000",,,,,,,,,"""Sociologia"""
in-cef67bc069fd8396,indeed,https://pe.indeed.com/viewjob?jk=cef67bc069fd8396,https://golder.taleo.net/careersection/globalcareersection/jobdetail.ftl?job=26001023&tz=GMT-05%3A00&tzname=America%2FChicago,Especialista Social Intermedio - Minería,Golder Associates,"Lima, LIM, PE",2026-07-24,fulltime,,,,,,False,,,,,"**Especialista Social Intermedio \- Minería**


 \- (26001023\) **En WSP Perú, nos mueven los desafíos.**


WSP Perú es mucho más que un lugar de trabajo, somos una empresa multinacional, líder en servicios de ingeniería, con un ambiente dinámico, donde a través de la innovación y la colaboración, construimos relaciones duraderas que posibilitan el crecimiento profesional en un ambiente de corresponsabilidad.


WSP Perú además valoramos la diversidad e inclusión de personas en situación de discapacidad (Ley 29973\), y por ello estamos comprometidos con la equidad y con entregar igualdad de oportunidades a todos nuestros candidatos(as). Por lo cual, te invitamos a participar en nuestra búsqueda de un(a) **Especialista Social Intermedio \- Minería.**

 **Principales funciones del cargo:**

* Redactar proyectos de informes, memorandos técnicos, documentos varios, capítulos relacionados con los aspectos socioeconómicos (línea base, identificación y evaluación de impactos al medio social, plan de gestión social y valoración económica del impacto ambiental) y de participación ciudadana que se le encarguen.
* Revisar, procesar, sistematizar y analizar información relacionada a la elaboración de la línea base socioeconómica de los proyectos en los que participe el equipo de socioeconomía.
* Coordinar las actividades previas para las salidas de campo en el marco de la elaboración de líneas base u otros estudios sociales específicos.
* Realizar el recojo de información en trabajo de campo, liderando de ser el caso el equipo destacado.
* Colaborar en el diseño de propuestas técnicas y económicas para servicios en los que se considere aspectos socioeconómicos.
* Participar en reuniones técnicas con los clientes y con la autoridad ambiental.
* Cumplir con las políticas y procedimientos internos del Sistema Integrado de Gestión de Calidad, Medio Ambiente y de Seguridad y Salud en el Trabajo en las actividades que desempeña, entre otros.

 **Antecedentes profesionales:**

* Bachiller de la carrera de Antropología, Sociología, Economía o carreras afines.
* Tener una experiencia mínima de 03 años en general.
* Deseable contar con experiencia en empresas consultoras.
* Deseable con participación en la elaboración de estudios de línea base socioeconómica o estudios sociales en relación a instrumentos de gestión ambiental, mecanismos de participación ciudadana en el marco de procesos de certificación ambiental y en el diseño o ejecución de planes de gestión social.
* Deseable con conocimiento de inglés básico o intermedio.
  

\#Perú


\#LI\-VE1


\#LI\-Hybrid

  

**Primary Location** PE\-LIM\-Lima**Schedule** Full\-time**Employee Status** Temporary**Experience (Minimum Yrs.)** 3**Job Posting** Jul 24, 2026, 3:12:54 PM",Consulting And Business Services,https://pe.indeed.com/cmp/Golder-Associates,https://d2q79iu7y748jz.cloudfront.net/s/_squarelogo/256x256/d1036448d4eae665d1a945859c4c3922,https://www.golder.com/member_location/norway/,"Palm Beach, FL","5,001 to 10,000",$500M to $1B (USD),,,,,,,,"""Sociologia"""
in-db49d0e47bd2e5df,indeed,https://pe.indeed.com/viewjob?jk=db49d0e47bd2e5df,http://pe.indeed.com/job/practicante-de-asuntos-p%C3%BAblicos-db49d0e47bd2e5df,Practicante de Asuntos Públicos,Apoyo Comunicación S.A.C.,"San Isidro, LIM, PE",2026-07-24,internship,,,,,,False,,,,,"\#ChambaSiHay

¡Te estamos buscando!

En APOYO Comunicación buscamos al mejor talento para el puesto de Practicante de Asuntos Públicos

Requisitos:

· Estudiante de los últimos ciclos o egresado de la carrera de Ciencia Política, sociología, Derecho, Ciencias de la Comunicación o afines.

· Conocimientos básicos sobre el sistema político y legislativo peruana.

· Excelente redacción y ortografía para la elaboración de informes políticos.

· Interés por la coyuntura nacional e internacional.

· Capacidad de análisis de medios.

· Enfoque creativo para proponer ideas y soluciones.

· Capacidad de trabajar en equipo y adaptarse a entornos dinámicos.

· Manejo de Microsoft Excel y Word a nivel intermedio.

· Inglés intermedio.

· Conocimiento y uso de herramientas de IA para optimizar sus labores.

· Compartir nuestros valores: que crea en las empresas con propósito y tenga pasión por promoverlas, así como tatuados los principios de equidad e inclusión.

Funciones:

* Apoyar en el monitoreo diario del entorno político, regulatorio y de medios.
* Monitoreo de páginas web públicas (Seace, Congreso, Contraloría, Defensoría, TC, MML, agendas de entidades públicas, etc).
* Monitoreo de encuestas (IPSOS, Datum, IEP).
* Asistir en la elaboración de informes de coyuntura, reportes ad hoc.
* Elaboración de perfiles, ayudas memoria y resúmenes.
* Asistir en la investigación de temas específicos.
* Asistir en la elaboración de mapeo de stakeholders y presentaciones.
* Apoyar en la organización de reuniones con autoridades.
* Participar en reuniones internas del equipo y contribuir con ideas.

Sueldo: S/.1,130\.00 \- S/.1,430\.00 al mes

Lugar de trabajo: Híbrido en San Isidro, Lima",,https://pe.indeed.com/cmp/Apoyo-Comunicaci%C3%B3n-S.a.c.,,,,,,,,,,,,,"""Sociologia"""
in-8e15d89de8ad7280,indeed,https://pe.indeed.com/viewjob?jk=8e15d89de8ad7280,https://jobs.engie.com/default/job/COORDINADORA-SOCIAL/69339-en_US,COORDINADOR/A SOCIAL,ENGIE,"Chorrillos, LIM, PE",2026-07-22,,,,,,,False,,,,,"En **ENGIE Energía Perú**, aceleramos la transición hacia una economía carbono neutral. Somos la empresa de generación de energía más diversificada del país, con el respaldo del Grupo ENGIE, el mayor productor independiente de energía con 96 mil **Transition Makers** en 31 países, de tanto en matriz energética como en ubicación geográfica y la \#1 del sector energía para atraer y retener talento y formando parte del ranking MERCO Top 50 general del Perú. Además, contamos con la certificación EDGE que refleja nuestro compromiso con la equidad de género y diversidad en el trabajo.

  




En ENGIE valoramos:


* **Evolución profesional:** Autogestiona tu carrera en un entorno dinámico con oportunidades constantes de crecimiento, capacitación continua y desarrollo.
* **Bienestar y equilibrio:** Impulsamos una cultura de bienestar, cuidado y equilibrio vida–trabajo, promoviendo entornos laborales que priorizan la salud mental, la seguridad y el desarrollo sostenible de las personas.
* **Diversidad, equidad e inclusión:** Promovemos procesos libres de sesgos y un entorno laboral seguro, de confianza y respeto, donde puedes ser tú mismo y desempeñarte con tu máximo potencial, sin importar tu origen, género, generación, discapacidad u orientación sexual.
  


**Coordinador/a Social – Aguaytia (Pucallpa)**


**(Plazo fijo)**

  


**Tus principales responsabilidades serán:**

* Gestionar el relacionamiento y participar activamente en el proceso de obtención de derechos superficiales (servidumbres, compra, etc) sobre predios deinterés con propietarios de predios de las áreas de interés del proyecto.
* Identificación de grupos de interés y su posición respecto de los proyectos y la empresa.
* Elaborar el informe de diagnóstico social territorial.
* Identificación de los diferentes usos del territorio ya sean culturales, ancestrales, comerciales u otros.
* Identificación temprana de riesgos sociales asociados al acceso al territorio y a la negociación de tierras.
* Gestiona la información de levantamiento de línea de base social para los Instrumentos de Gestion Ambiental y otros permisos que requiere la organización para los proyectos.

  


**¿Qué necesitamos de ti?**

* Carrera universitaria: Antropología, Sociología, Economía para el desarrollo y afines.
* Experiencia en relacionamiento comunitario y gestión predial
* Manejo de la regulación asociada a la ley de comunidades campesinas, consulta previa.
* Conocimiento de los estándares deOIT y OCDE para derechos humanos
* MS Office a nivel usuario
* Manejo de software especializado (Arc Gis, QGis, Autocad, similares)
* MS Project deseable

**Los beneficios que te ofrecemos:**

* Prima seguro médico cubierto al 100%
* Prima seguro oncológico cubierto al 100%
* Bono por desempeño
* Bono por seguridad y salud Ocupacional
* Capacitación y entrenamientos

  


***En ENGIE,*** *cada persona desempeña un papel clave en la aceleración de la transición energética. Marca la diferencia y vive una experiencia profesional con propósito. Asume retos apasionantes, crece en un entorno innovador y construye una carrera que refleje quién eres realmente.* ***¡Únete a nosotros y sé parte de la aventura del siglo!***


Business Unit: GBU Networks
Division: Power Networks Peru
Legal Entity: ENGIE ENERGIA PERU S.A.
Company Name: ENGIE Perú
Minimum Base Salary:
Maximum Base Salary:
Pay Basis:
### **Why this matters to us**


Our organisation is an equal opportunity employer and is committed to fostering a diverse and inclusive workplace. We offer reasonable accommodations upon request for individuals with disabilities.",,https://pe.indeed.com/cmp/Engie-7,https://d2q79iu7y748jz.cloudfront.net/s/_squarelogo/256x256/0c023a426e3c0751b123ed6850a87518,https://www.engie.com/pourquoi-rejoindre-engie,Courbevoie,"10,000+",more than $10B (USD),,,,,,,,"""Sociologia"""
in-bbb01d499f332cd7,indeed,https://pe.indeed.com/viewjob?jk=bbb01d499f332cd7,https://camposol.our-jobs.com/job/q5ivl0y7o8,Analista de Sostenibilidad H/F,Camposol S.A,"Chao, LLI, PE",2026-07-22,,,,,,,False,,,,,"### **Descripción**


**Llevamos lo mejor del campo al mundo. ¡Súmate a una de las empresas agroindustriales más grandes!**


Somos una multinacional peruana líder en la industria de la agroexportación, con presencia en Perú, Colombia, Chile y Uruguay, y oficinas comerciales en Estados Unidos, Europa y Asia. Nuestros productos llegan a más de 40 países, destacándonos por ofrecer frutas de la más alta calidad, como paltas, arándanos, uvas, mangos, mandarinas, cerezas, entre otras.


Comprometidos con la excelencia en el cultivo, procesamiento y comercialización de productos agrícolas, seguimos creciendo y buscamos incorporar al mejor talento a nuestro equipo.


¡Sé parte de nuestra historia!


Actualmente, estamos en búsqueda de un(a): **Analista de Sostenibilidad \- Chao**

**Tu impacto en nuestro equipo:**


Contribuir a la implementación de la estrategia ESG de Camposol, generando análisis, propuestas y recomendaciones que fortalezcan la toma de decisiones del negocio, articulando iniciativas con las distintas áreas y asegurando el cumplimiento de los compromisos de sostenibilidad corporativa.


### **Responsabilidades**


* Implementar la estrategia ESG corporativa en coordinación con las distintas áreas de la organización.
* Gestionar, analizar e interpretar indicadores ESG para identificar riesgos, oportunidades y apoyar la toma de decisiones.
* Elaborar y consolidar reportes de sostenibilidad bajo estándares internacionales como GRI y NIIF S1/S2\.
* Participar en procesos de análisis de materialidad, benchmarking ESG y evaluación de tendencias regulatorias y de mercado.
* Coordinar y dar seguimiento a iniciativas estratégicas de sostenibilidad relacionadas con cambio climático, biodiversidad, agua y otros criterios ESG, articulando a las áreas responsables.
* Acompañar auditorías, certificaciones y requerimientos ESG de clientes, inversionistas y organismos externos.
* Preparar análisis, presentaciones ejecutivas y recomendaciones para facilitar la gestión y seguimiento de la estrategia ESG.
* Participar en mesas de trabajo con áreas operativas para incorporar criterios ESG en la toma de decisiones del negocio.


### **Requisitos**


* Profesional en Ingeniería Industrial, Administración, Economía, Gestión, Ingeniería Ambiental, Sociología, Ciencias Políticas, Comunicaciones para el Desarrollo o carreras afines.
* Experiencia mínima de 3 años en sostenibilidad corporativa, ESG, consultoría en sostenibilidad o funciones afines dentro de empresas de sectores productivos.
* Experiencia gestionando indicadores ESG y elaborando reportes bajo estándares como GRI. Deseable conocimiento en NIIF S1/S2\.
* Experiencia participando en proyectos de sostenibilidad, estrategia ESG, análisis de materialidad, gestión de riesgos o relacionamiento con stakeholders.
* Capacidad para coordinar transversalmente con diferentes áreas y generar recomendaciones para la toma de decisiones.
* **Modalidad:** Trabajo 100% presencial.
* **Ubicación:** Chao, La Libertad.


✨ Postula con nosotros y da el primer paso hacia una carrera llena de oportunidades y desafíos, para que juntos **trabajemos el campo para mejorar vidas**


En Camposol promovemos la **inclusión de personas con discapacidad y la equidad de género**, con igualdad de condiciones y beneficios para mujeres y hombres.",,https://pe.indeed.com/cmp/Camposol-S.a,,,,,,,,,,,,,"""Sociologia"""
in-62c7b7c592be7408,indeed,https://pe.indeed.com/viewjob?jk=62c7b7c592be7408,https://bbva.wd3.myworkdayjobs.com/en-US/BBVA/job/Lima-San-Isidro/DESIGN-SOLUTIONS-DEVELOPMENT-ASSOCIATE-I--DESIGN-RESEARCH-_JR00110059,DESIGN SOLUTIONS DEVELOPMENT ASSOCIATE I (DESIGN RESEARCH),BBVA,"San Isidro, LIM, PE",2026-07-21,,,,,,,False,,,,,"**¿Quieres desarrollar tu carrera profesional?**

BBVA es una empresa global con más de 160 años de historia que opera en más de 25 países en los que damos servicio a más de 80 millones de clientes. Somos más de 121\.000 profesionales que trabajamos en equipos multidisciplinares y de perfiles tan diversos como financieros, expertos jurídicos, científicos de datos, desarrolladores, ingenieros o diseñadores.


Nuestra gente marca la diferencia en nuestro éxito.


**Tipo de Contrato:**

Regular (Undefined)
**¿Qué estamos buscando?**

Funciones:


* Ejecutar actividades de investigación exploratoria y evaluativa para generar información relevante sobre usuarios, necesidades, comportamientos, fricciones y oportunidades de mejora en productos, servicios o experiencias.
* Apoyar la planificación operativa de investigaciones, organizando actividades, tiempos, insumos, participantes, materiales y dependencias necesarias para la correcta ejecución del trabajo de campo.
* Preparar guías, protocolos, estímulos y materiales de investigación, asegurando consistencia metodológica, claridad de objetivos y alineamiento con los lineamientos definidos por la especialidad.
* Realizar trabajo de campo cualitativo o evaluativo, aplicando técnicas de investigación definidas para recolectar información válida, ordenada y útil para los objetivos del proyecto.
* Sistematizar, ordenar y analizar información levantada en investigaciones, identificando patrones, hallazgos, tensiones, comportamientos e insights relevantes para los equipos de diseño y negocio.
* Elaborar entregables de investigación, como reportes, mapas de hallazgos, síntesis de aprendizajes, journey maps, matrices de insights u otros insumos requeridos por los proyectos.
* Documentar evidencias, fuentes, decisiones metodológicas y materiales de soporte, asegurando trazabilidad, reutilización y consistencia de los entregables de Design Research.
* Actualizar repositorios y sistemas de conocimiento de la especialidad, incorporando hallazgos, aprendizajes, reportes y materiales finales en el Design Info System u otros espacios definidos por el equipo.
* Brindar soporte técnico a Design Shapers y equipos de diseño, resolviendo consultas operativas o metodológicas dentro de su ámbito de actuación y escalando dudas complejas cuando corresponda.
* Coordinar actividades operativas con Research Ops, facilitando la gestión de participantes, incentivos, documentación, calendarios, consentimientos u otros insumos requeridos para la ejecución de investigaciones.
* Asegurar el orden y calidad documental de los entregables de investigación, manteniendo estructuras, nomenclaturas, versiones y evidencias conforme a los estándares definidos por la especialidad.
* Participar en ceremonias de seguimiento de la especialidad, reportando avances, bloqueos, aprendizajes y necesidades de soporte relacionadas con las investigaciones asignadas.
* Contribuir a la generación de materiales de gestión del conocimiento, documentando buenas prácticas, aprendizajes recurrentes, casos de uso y referencias metodológicas aplicables a futuros proyectos.
* Apoyar la preparación de contenidos para espacios de difusión de Design Research, contribuyendo con hallazgos, ejemplos, materiales o aprendizajes para comunidades de práctica, talleres o sesiones internas.
* Colaborar con otras especialidades de diseño y disciplinas relacionadas, aportando insumos de investigación que contribuyan al desarrollo de propuestas, hipótesis, conceptos, prototipos o mejoras de experiencia.
* Identificar oportunidades de mejora en la ejecución de investigaciones, proponiendo ajustes operativos, metodológicos o documentales dentro de su ámbito de responsabilidad.
* Otras funciones que le asigne el líder e impulsar la mejora continua del cargo.

**Requisitos** :


**Requisitos Académicos**

* Formación académica en disciplinas como: Sociología, Psicología, Antropología o Diseño Industrial .

**Experiencia Requerida**

* Mínimo de 4 años de experiencia sólida dedicada exclusivamente a la investigación como Design research o Service Design
* Preferiblemente con experiencia previa en el sector bancario o de consumo masivo .

**Habilidades Técnicas**

* **Herramientas de diseño y análisis:** Dominio fluido de herramientas como Figma o Miro .
* **Excel:** Nivel intermedio .
* **Idioma:** Dominio fluido del idioma inglés (especialmente orientado a la lectura) .
* *Valorado:* Iniciativa y conocimientos en el uso de herramientas de Inteligencia Artificial.

**Competencias Operativas y Blandas**

* **Enfoque en ejecución:** Capacidad demostrada para la planificación y realización práctica de entrevistas y diagnósticos de usuario .
* **Habilidades comunicativas:** Comunicación asertiva y ejecutiva para interactuar eficazmente con diversos *stakeholders* .
* **Habilidades interpersonales:** Capacidad de trabajo en equipo, proactividad y alta empatía con el cliente .

**Banca responsable**
---------------------

Nuestro modelo de banca responsable **aspira a lograr una sociedad más inclusiva y sostenible.** Porque el futuro de las finanzas es financiar el futuro.


Empezamos con el espíritu de ayudar a otros a tomar las mejores decisiones financieras. Ese espíritu permanece hoy en día y nos anima a seguir avanzando, dando prioridad a la innovación y a la transformación digital y poner al alcance de todos las oportunidades de esta nueva era.


**Diversidad**
--------------

En BBVA creemos que contar con un **equipo diverso** , nos hace ser un mejor banco.


Por este motivo **apoyamos activamente la diversidad, la inclusión y la igualdad de oportunidades** sin importar raza, sexo, edad, religión, orientación sexual, identidad de género, expresión de género, entre otras. Cultivamos un ambiente de trabajo colaborativo e inclusivo que nos permita mostrar lo mejor de cada persona.


**Nuestros valores**
--------------------

**Nuestros valores definen nuestra identidad** y son la palanca que nos impulsan a hacer realidad nuestro propósito y nos guían en todas nuestras acciones y decisiones.


**Requisitos legales**

Si el puesto al que optas se encuentra fuera del país en el que te encuentras actualmente, es posible que necesites obtener un visado y/o permiso de trabajo y/o residencia, así como cumplir con cualesquiera otros requisitos que puedan ser exigidos por la normativa laboral y de inmigración o por la normativa profesional local aplicable al puesto en el país en cuestión.


En el caso de que usted sea el candidato final, BBVA podrá asistirle en la tramitación del correspondiente permiso/visado, entendiéndose que si por cualquier circunstancia (i.) no se expide el correspondiente visado y/o permiso de trabajo y/o residencia, (ii.) o no se cumplen cualesquiera otros requisitos exigidos por la normativa laboral y/o de inmigración y/o la normativa profesional local aplicable al desempeño del puesto vigente en el país, lamentablemente usted será excluido del puesto. Asimismo, si dispone de visado y/o permiso de trabajo y/o residencia para el país correspondiente, le rogamos que lo indique al solicitar el puesto.",,https://pe.indeed.com/cmp/Bbva,https://d2q79iu7y748jz.cloudfront.net/s/_squarelogo/256x256/49efbf9b3036df2c9bab67bd60aed232,http://www.bbva.com,Bilbao,"10,000+",$1B to $5B (USD),"BBVA is a global company with over 160 years of history present in 25 countries with over 85.1 million customers. We are more than 112,000 professionals working in multidisciplinary and diverse teams.",,,,,,,"""Sociologia"""
in-19e2df9bb91b5142,indeed,https://pe.indeed.com/viewjob?jk=19e2df9bb91b5142,https://aldesaconstrucciones.factorialhr.com/job_posting/asistente-social-comunitario-tacna-313981?utm_source=indeed,Asistente Social Comunitario - Tacna,GRUPO ALDESA,"San Pedro de Tacna, TAC, PE",2026-07-21,fulltime,,,,,,False,,,,,"* Otros
* Tiempo completo
* Tacna, Tacna, Perú
* Proyectos
¿Te apasiona la construcción? ¡Únete a Aldesa y crece con nosotros!


Ubicación: Corredor Vial 42 \- Tacna / Candarave


Posición: Asistente Social Comunitario


En Aldesa, cada día tendrás la oportunidad para aprender, innovar y superar retos. Estamos buscando un/a Asistente Social Comunitario para colaborar con nosotros en el Corredor Vial 42\. Si tienes experiencia en proyectos de obras viales o movimiento de tierras ¡queremos conocerte!


Tus responsabilidades:


* Generar reuniones informativas con comunidades y grupos de interés.
* Participar en negociaciones y acuerdos comunitarios.
* Elaborar informes mensuales de gestión social.
* Realizar seguimiento a compromisos sociales del proyecto.
* Mantener una comunicación efectiva con actores de la zona de influencia.
* Gestionar y actualizar reportes e indicadores en Excel.

Requisitos:


* Egresado(a), Bachiller o Licenciado(a) en Comunicación Social, Sociología, Antropología o carreras afines.
* Experiencia mínima de 2 años en funciones similares vinculadas a gestión social, relacionamiento comunitario o trabajo con grupos de interés.
* Experiencia en proyectos de obras viales o construcción de carreteras.
* Manejo de reuniones informativas y coordinación con comunidades.
* Manejo de Excel a nivel intermedio

¿Qué te ofrecemos?:


* Salario competitivo acorde al mercado.
* Ingreso a planilla con todos los beneficios de ley.
* Alimentación y alojamiento cubiertos en obra.
* EPS cubierta al 100% para titular y derechohabientes.
* Formación constante mediante planes adaptados a tu rol.
* Oportunidades de desarrollo y crecimiento profesional.
* Excelente clima laboral y participación en proyectos de gran envergadura.",,https://pe.indeed.com/cmp/Grupo-Aldesa,https://d2q79iu7y748jz.cloudfront.net/s/_squarelogo/256x256/44d117f6117b69dd2f17445d4fd1cb4f,https://www.aldesa.es/,,,,,,,,,,,"""Sociologia"""
in-234244862e187d2d,indeed,https://pe.indeed.com/viewjob?jk=234244862e187d2d,https://aldesaconstrucciones.factorialhr.com/job_posting/asistente-social-comunitario-moquegua-313980?utm_source=indeed,Asistente Social Comunitario - Moquegua,GRUPO ALDESA,"Moquegua, MOQ, PE",2026-07-21,fulltime,,,,,,False,,,,,"* Otros
* Tiempo completo
* Moquegua, Moquegua, Perú
* Proyectos
¿Te apasiona la construcción? ¡Únete a Aldesa y crece con nosotros!


Ubicación: Corredor Vial 41 B \- Moquegua / Matalaque


Posición: Asistente Social Comunitario


En Aldesa, cada día tendrás la oportunidad para aprender, innovar y superar retos. Estamos buscando un/a Asistente Social Comunitario para colaborar con nosotros en el Corredor Vial 41B. Si tienes experiencia en proyectos de obras viales o movimiento de tierras ¡queremos conocerte!


Tus responsabilidades:


* Generar reuniones informativas con comunidades y grupos de interés.
* Participar en negociaciones y acuerdos comunitarios.
* Elaborar informes mensuales de gestión social.
* Realizar seguimiento a compromisos sociales del proyecto.
* Mantener una comunicación efectiva con actores de la zona de influencia.
* Gestionar y actualizar reportes e indicadores en Excel.

Requisitos:


* Egresado(a), Bachiller o Licenciado(a) en Comunicación Social, Sociología, Antropología o carreras afines.
* Experiencia mínima de 2 años en funciones similares vinculadas a gestión social, relacionamiento comunitario o trabajo con grupos de interés.
* Experiencia en proyectos de obras viales o construcción de carreteras.
* Manejo de reuniones informativas y coordinación con comunidades.
* Manejo de Excel a nivel intermedio

¿Qué te ofrecemos?:


* Salario competitivo acorde al mercado.
* Ingreso a planilla con todos los beneficios de ley.
* Alimentación y alojamiento cubiertos en obra.
* EPS cubierta al 100% para titular y derechohabientes.
* Formación constante mediante planes adaptados a tu rol.
* Oportunidades de desarrollo y crecimiento profesional.
* Excelente clima laboral y participación en proyectos de gran envergadura.",,https://pe.indeed.com/cmp/Grupo-Aldesa,https://d2q79iu7y748jz.cloudfront.net/s/_squarelogo/256x256/44d117f6117b69dd2f17445d4fd1cb4f,https://www.aldesa.es/,,,,,,,,,,,"""Sociologia"""
in-90712c7b47d618ce,indeed,https://pe.indeed.com/viewjob?jk=90712c7b47d618ce,http://pe.indeed.com/job/encuestador-90712c7b47d618ce,Encuestador,,"Ilo, MOQ, PE",2026-07-20,fulltime,,,,,,False,,,,,"Nos encontramos en la búsqueda de **Encuestadores(as)** para formar parte de un proyecto de investigación y evaluación social en zonas de influencia minera.

**Modalidad de Trabajo:**

* **Régimen:** Lunes a viernes.
* **Modalidad:** Presencial – Trabajo de campo.
* **Disponibilidad para desplazarse dentro de las zonas de intervención asignadas.**

**Funciones:**

* Aplicar encuestas y otros instrumentos de recolección de información en campo.
* Registrar información utilizando herramientas y plataformas digitales de captura de datos.
* Garantizar la calidad, precisión y completitud de la información recolectada.
* Cumplir estrictamente los protocolos metodológicos establecidos para el estudio.
* Aplicar protocolos éticos, consentimiento informado y buenas prácticas durante el levantamiento de información.
* Mantener una adecuada interacción y relacionamiento con los participantes y comunidades.
* Reportar oportunamente incidencias, observaciones y situaciones relevantes identificadas durante el trabajo de campo.
* Realizar la validación preliminar de la información antes de su envío al equipo supervisor.
* Cumplir con las metas de cobertura y cronograma asignados.
* Resguardar la confidencialidad de la información recopilada.

**Requisitos:**

**Formación Académica:**

* Estudiantes de últimos ciclos, egresados o bachilleres en:
* Sociología.
* Antropología.
* Comunicación para el Desarrollo.
* Psicología.
* Trabajo Social.
* Carreras afines.

**Experiencia Laboral:**

* Experiencia mínima de un (01\) año en aplicación de encuestas, censos, estudios sociales o levantamiento de información en campo.
* Deseable experiencia en proyectos sociales, comunitarios o de investigación.

**Beneficios:**

* Ingreso a planilla.
* Beneficios de ley.

Pregunta(s) de postulación:

* Indique su lugar de residencia actual y número de teléfono.
* Tiene disponibilidad de inicio y pretensión salarial.
* ¿Cuenta con experiencia aplicando encuestas o realizando trabajo de campo? Indique el tiempo de experiencia.
* ¿Conoce los procedimientos de consentimiento informado y confidencialidad de datos?
* ¿Ha participado en estudios sociales, investigaciones o proyectos comunitarios? Describa brevemente.

Lugar de trabajo: Empleo presencial",,https://pe.indeed.comNone,,,,,,,,,,,,,"""Sociologia"""
in-ee9cced925aad7ac,indeed,https://pe.indeed.com/viewjob?jk=ee9cced925aad7ac,http://pe.indeed.com/job/especialista-en-impacto-social-y-metodolog%C3%ADa-ee9cced925aad7ac,Especialista en Impacto Social y Metodología,,"Ilo, MOQ, PE",2026-07-20,fulltime,,,,,,False,,,,,"Nos encontramos en la búsqueda de un(a) **Especialista en Impacto Social y Metodología** para integrarse a un proyecto estratégico vinculado a la evaluación de impacto y desarrollo social en zonas de influencia minera.

**Modalidad de Trabajo:**

* **Régimen:** Lunes a viernes.
* **Modalidad:** Presencial
* **Disponibilidad para desplazamiento**

**Funciones:**

* Diseñar y validar la metodología de estudios, diagnósticos y evaluaciones de impacto social.
* Definir indicadores, variables e instrumentos para la recolección y análisis de información.
* Desarrollar marcos de evaluación basados en teoría del cambio y metodologías de medición de impacto.
* Analizar información cuantitativa y cualitativa proveniente del trabajo de campo.
* Elaborar matrices de análisis, hallazgos y recomendaciones para la mejora de programas y proyectos.
* Realizar procesos de triangulación de información para fortalecer la consistencia de los resultados.
* Coordinar con el equipo técnico la implementación de metodologías y criterios de evaluación.
* Elaborar informes técnicos y reportes ejecutivos para la presentación de resultados y conclusiones.

**Requisitos:**

**Formación Académica**

* Profesional titulado en:
* Sociología
* Economía
* Comunicación para el Desarrollo
* Comunicación Social
* Carreras afines.

**Deseable:**

* Especialización en Evaluación de Impacto, Análisis de Datos o Investigación Social.

**Experiencia Laboral:**

* Experiencia mínima de **cuatro (04\) años** en:
* Diseño metodológico.
* Evaluación de programas sociales.
* Estudios de impacto social.
* Investigación aplicada y análisis de información para proyectos de desarrollo.

**Beneficios**:

* Ingreso a planilla.
* Beneficios de ley.

Pregunta(s) de postulación:

* Indique su lugar de residencia actual y número de teléfono.
* Tiene disponibilidad de inicio y pretensión salarial.
* ¿Posee estudios de especialización en Evaluación de Impacto, Investigación Social o Análisis de Datos?
* ¿Cuenta con experiencia elaborando informes técnicos, matrices de hallazgos y recomendaciones?
* ¿Cuál es su experiencia en construcción y medición de indicadores sociales?

Lugar de trabajo: Empleo presencial",,https://pe.indeed.comNone,,,,,,,,,,,,,"""Sociologia"""
in-798a280900fe82f0,indeed,https://pe.indeed.com/viewjob?jk=798a280900fe82f0,http://pe.indeed.com/job/jefe-de-proyecto-coordinador-general-798a280900fe82f0,Jefe de Proyecto / Coordinador General,,"Moquegua, MOQ, PE",2026-07-20,fulltime,,,,,,False,,,,,"Nos encontramos en la búsqueda de un(a) **Jefe de Proyecto / Coordinador General** para liderar la ejecución de estudios y proyectos vinculados a investigación social, evaluación de impacto y desarrollo comunitario en zonas de influencia de la industria minera.

**Modalidad de Trabajo:**

* **Régimen:** Lunes a viernes.
* Disponibilidad para desplazamientos y trabajo en zonas de influencia minera**.**

**Funciones:**

* Dirigir la ejecución integral del servicio, asegurando el cumplimiento de los objetivos establecidos.
* Coordinar permanentemente con el cliente y las partes interesadas para garantizar una adecuada gestión del proyecto.
* Supervisar el cumplimiento del cronograma, alcance, indicadores y entregables comprometidos.
* Validar la metodología de trabajo, instrumentos de investigación y productos técnicos generados.
* Liderar y coordinar equipos multidisciplinarios de profesionales y especialistas.
* Gestionar los riesgos operativos y sociales asociados al proyecto.
* Monitorear el avance de las actividades e implementar acciones de mejora cuando corresponda.
* Elaborar, revisar y presentar informes técnicos y ejecutivos para la toma de decisiones.
* Garantizar el cumplimiento de estándares de calidad, sostenibilidad y buenas prácticas de gestión social.
* Fortalecer el relacionamiento institucional y contribuir a una adecuada gestión de grupos de interés.

**Requisitos:**

**Formación Académica:**

* Profesional titulado en:
* Sociología
* Antropología
* Comunicación para el Desarrollo
* Otras carreras afines

**Deseable:**

* Maestría o especialización en Gestión Social, Evaluación de Proyectos o Gestión de Programas Sociales.

**Experiencia Laboral:**

* Experiencia mínima de **cinco (05\) años** liderando:
* Estudios de impacto social.
* Líneas base sociales.
* Diagnósticos comunitarios.
* Evaluaciones de programas de desarrollo social.
* Proyectos de inversión con componente social.

**Beneficios:**

* Ingreso a planilla desde el primer día.
* Beneficios de ley correspondientes.

Pregunta(s) de postulación:

* Indique su lugar de residencia actual y número de teléfono.
* Tiene disponibilidad de inicio y pretensión salarial.
* ¿Cuántos años de experiencia tiene liderando estudios de impacto social, líneas base o diagnósticos comunitarios?
* ¿Cuenta con experiencia coordinando equipos multidisciplinarios?
* ¿Ha elaborado y presentado informes técnicos y ejecutivos para clientes o alta dirección?

Lugar de trabajo: Empleo presencial",,https://pe.indeed.comNone,,,,,,,,,,,,,"""Sociologia"""
in-916d61036c67e7a1,indeed,https://pe.indeed.com/viewjob?jk=916d61036c67e7a1,http://pe.indeed.com/job/supervisor-de-campo-916d61036c67e7a1,Supervisor de Campo,,"Moquegua, MOQ, PE",2026-07-20,fulltime,,,,,,False,,,,,"Nos encontramos en la búsqueda de un(a) **Supervisor de Campo** para integrarse a un proyecto de evaluación e investigación social en zonas de influencia minera.

**Modalidad de Trabajo:**

* Régimen: Lunes a viernes.
* Modalidad: Presencial.
* Disponibilidad para movilizarse y realizar actividades en comunidades y zonas de influencia minera.

**Funciones:**

* Coordinar y supervisar la ejecución diaria de las actividades de trabajo de campo.
* Liderar y monitorear el desempeño del equipo de encuestadores y personal asignado al proyecto.
* Supervisar el cumplimiento de la muestra, cobertura y cronograma de actividades establecidos.
* Verificar la calidad, consistencia e integridad de la información recolectada en campo.
* Aplicar controles de calidad y procedimientos de validación de datos.
* Gestionar incidencias operativas y asegurar la continuidad de las actividades programadas.
* Resolver problemas operativos que puedan afectar el desarrollo del trabajo de campo.
* Coordinar permanentemente con el equipo técnico y la jefatura del proyecto sobre avances y hallazgos relevantes.
* Elaborar reportes de avance e informes de supervisión para la gestión y seguimiento del servicio.
* Garantizar el cumplimiento de los protocolos metodológicos, éticos y de seguridad durante la ejecución del proyecto.

**Requisitos:**

**Formación Académica:**

* Profesional titulado en Sociología, Antropología, Comunicación Social, Psicología, Ingeniería o carreras afines.

**Experiencia Laboral:**

* Experiencia mínima de tres (03\) años supervisando trabajo de campo en estudios sociales, investigaciones o proyectos de desarrollo.
* Experiencia liderando equipos de campo y coordinando operaciones de levantamiento de información.
* Deseable experiencia en proyectos ejecutados en zonas rurales o de influencia minera.

**Beneficios**:

* Ingreso a planilla.
* Beneficios de ley.

Pregunta(s) de postulación:

* Indique su lugar de residencia actual y número de teléfono.
* Tiene disponibilidad de inicio y pretensión salarial.
* ¿Cuántos años de experiencia tiene supervisando trabajo de campo en estudios sociales o proyectos de investigación?
* ¿Tiene experiencia controlando la calidad de información recolectada en campo?
* ¿Ha elaborado reportes de avance y seguimiento para proyectos de investigación o desarrollo social?

Lugar de trabajo: Empleo presencial",,https://pe.indeed.comNone,,,,,,,,,,,,,"""Sociologia"""
in-3e25a6fcc1a564c2,indeed,https://pe.indeed.com/viewjob?jk=3e25a6fcc1a564c2,http://pe.indeed.com/job/analista-de-responsabilidad-social-empresarial-sector-energ%C3%ADa-3e25a6fcc1a564c2,Analista de Responsabilidad Social Empresarial - Sector Energía,Alupar,"Lima, LIM, PE",2026-07-17,fulltime,,,,,,False,,,,,"Somos **Alupar Perú**, una multinacional líder en el desarrollo y construcción de proyectos de líneas de transmisión de energía. Actualmente estamos en búsqueda de un **Analista de Responsabilidad Social Empresarial** para nuestro equipo en Lima.

**Requisitos:**

* Profesional en Sociología, Antropología, Economía, Administración, Ingeniería Industrial, Gestión Social, Desarrollo Territorial o carreras afines.
* Mínimo 04 años de experiencia en diseño, gestión y seguimiento de programas de inversión social, desarrollo comunitario o sostenibilidad.
* Experiencia en proyectos de infraestructura, energía, minería u otros sectores con presencia territorial.
* Experiencia en formulación y gestión de convenios interinstitucionales.
* Experiencia en administración de contratos, elaboración de términos de referencia y supervisión de proveedores.
* Experiencia en medición de impacto social y manejo de metodologías como SROI (Social Return on Investment).
* Experiencia en articulación con entidades públicas, privadas, organizaciones sociales y comunidades.

**Funciones y Responsabilidades:**

* Diseñar y liderar la estrategia de inversión social e innovación social de los proyectos de Alupar.
* Identificar oportunidades de intervención social sostenibles y alineadas con las necesidades y dinámicas de los territorios.
* Formular, concertar e implementar proyectos sociales en coordinación con comunidades, autoridades y aliados estratégicos. Gestionar convenios de cooperación con instituciones públicas, privadas, académicas y demás organizaciones.
* Elaborar términos de referencia, gestionar procesos de contratación y supervisar la ejecución de contratos relacionados con inversión social.
* Diseñar y monitorear indicadores de gestión, resultado e impacto social.
* Implementar metodologías de evaluación de impacto, incluyendo análisis de retorno social de la inversión (SROI).
* Consolidar informes ejecutivos, reportes de sostenibilidad y presentaciones para la alta dirección.
* Promover iniciativas de innovación social que fortalezcan el desarrollo económico, social y ambiental de las comunidades.
* Representar a Alupar en espacios de articulación institucional y relacionamiento estratégico.

**Beneficios:**

* EPS al 100% para la persona y sus dependientes
* Horario hibrido
* Tarjeta de alimentación
* Bono de movilidad

Tipo de puesto: Tiempo completo

Sueldo: Hasta S/.1\.00 la hora

Pregunta(s) de postulación:

* ¿Cuál es tu expectativa salarial en bruto? ¿En que distrito resides actualmente?
* ¿Cuántos años de experiencia tienes en en diseño, gestión y seguimiento de programas de inversión social, desarrollo comunitario o sostenibilidad?
* Menciona los rubros en los que has trabajado.
* ¿Cuántos años de experiencia en medición de impacto social y manejo de metodologías como SROI (Social Return on Investment)?
* ¿Cuántos años de experiencia en administración de contratos, elaboración de términos de referencia y supervisión de proveedores?
* ¿Tienes experiencia en formulación y gestión de convenios interinstitucionales? ¿Cuántos años?

Lugar de trabajo: Híbrido en Lima, Lima",,https://pe.indeed.com/cmp/Alupar,,http://www.alupar.com,Sao Paulo I,201 to 500,$100M to $500M (USD),,,,,,,,"""Sociologia"""
in-a484976dbb7b233c,indeed,https://pe.indeed.com/viewjob?jk=a484976dbb7b233c,http://pe.indeed.com/job/licenciado-sociologo-a484976dbb7b233c,LICENCIADO SOCIOLOGO,CONSORCIO SUPERVISOR HUAMACHUCO,"San Luis, LIM, PE",2026-07-15,fulltime,,,,,,False,,,,,"SE NESECITA LICENCIADO SOCIOLOGO CON (04\) AÑOS DE EXPERIENCIA EN OBRAS EN GENERAL ESPECIALISTA SOCIAL Y/O ESPECIALISTA EN SOCIAL Y/O COORDINADOR EN AREA SOCIAL Y/O ESPECIALISTA EN RELACIONES COMUNITARIAS Y/O ESPECIALISTA EN ASPECTOS SOCIO CULTURALES Y/O ESPECIALISTA EN RELACIONES COMUNITARIAS Y /O COORDINADOR EN RELACIONES HUMANAS.

INTERESADOS DEBERAN ENVIAR SU CVITAE A ESTE WATSAP: 960349501

Sueldo: S/.3,500\.00 \- S/.5,000\.00 al mes

Lugar de trabajo: Empleo presencial",,https://pe.indeed.com/cmp/Consorcio-Supervisor-Huamachuco,,,,,,,,,,,,,"""Sociologia"""
in-75c8e5790321547e,indeed,https://pe.indeed.com/viewjob?jk=75c8e5790321547e,http://pe.indeed.com/job/lic-en-sociologia-yo-antropologia-75c8e5790321547e,LIC. EN SOCIOLOGIA Y/O ANTROPOLOGIA,DON EDUARDO HJ SAC,"Aguas Verdes, TUM, PE",2026-07-15,"temporary, fulltime",,,,,,False,,,,recursoshumanoserhj@gmail.com,"Empresa de Consultoría y Construcción está en la búsqueda de un **LICENCIADO** de las especialidades mencionadas líneas abajo para ocupar el cargo de **ESPECIALISTA EN PAZ SOCIAL Y PARTES INTERESADAS** para supervisión de la elaboración de expediente técnico de la obra **""CREACION DEL MALECON NORTE Y SUR EN LA FRONTERA PERU \- ECUADOR, DISTRITO DE AGUAS VERDES, PROVINCIA DE ZARUMILLA, REGION TUMBES "".**

**REQUISITOS:**

* **Carrera: Licenciado en Sociología o Licenciado en Trabajo Social o Licenciado en Antropología o Licenciado en Educación**
* Colegiado: \+ 2 años
* Contar con certificado de Habilidad vigente
* Contar con laptop propia para la elaboracion de sus informes
* experiencia en la especialidad
* **Forma de trabajo: presencial 100%**
* Tiempo: 8 meses
* Entidad: Ministerio de Vivienda
* Fecha de inicio tentativo: 22 de julio en adelante

**SE BRINDA:** 

* EPPS
* Honorario: S/.3500
* Viatico: en caso de ser externo S/1000
* Lugar de Trabajo: Aguas Verdes \- Zarumilla tumbes

las personas que cumplan con el perfil pueden enviar su cv al correo: recursoshumanoserhj@gmail.com y/o al whatsapp: 914073449

Sueldo: S/.3,500\.00 al mes

Pregunta(s) de postulación:

* ¿Cuenta con disponibilidad para trabajar en Aguas Verdes \- Zarumilla\-Tumbes?
* ¿Se encuentra de acuerdo con el honorario ofertado para el cargo?
* ¿Cuántos años de colegiatura tiene?.

Lugar de trabajo: Empleo presencial",,https://pe.indeed.com/cmp/Don-Eduardo-Hj-Sac,,,,,,,,,,,,,"""Sociologia"""
in-52af1c7df8a8c6d0,indeed,https://pe.indeed.com/viewjob?jk=52af1c7df8a8c6d0,http://pe.indeed.com/job/especialista-en-criminologia-52af1c7df8a8c6d0,Especialista en Criminologia,PROYECTA INGENIEROS CIVILES S.A.C,"Lima, LIM, PE",2026-07-14,fulltime,,,,,,False,,,,,"Descripción del puesto:

Nos encontramos en la búsqueda de un(a) **Especialista en Criminología**  para formar parte de nuestro equipo de supervisión.

**Modalidad de participación:** 100%

¿Qué buscamos?

* Titulo Derecho, Psicología, Sociología, Criminología.
* Maestría criminología, gestión penitenciaria, política criminológica o materias relacionadas
* Experiencia mínima 9 años en el sector público y privado.
* Al menos tres (3\) experiencias en gestión penitenciaria y/o en el desarrollo, formulación o evaluación de proyectos o proyectos vinculados al sistema penitenciario o política criminológica

¿Qué ofrecemos?

* Participación en un proyecto de infraestructura.
* Integración a un equipo multidisciplinario de profesionales.
* Oportunidad de crecimiento y desarrollo profesional.
* Honorarios acordes a la experiencia y calificaciones.

**Si cumples con el perfil y cuentas con disponibilidad para trabajar de manera presencial en Huancavelica, postula con nosotros.**

Pregunta(s) de postulación:

* ¿Cuál es su pretensión económica mensual para una participación al 100%?
* ¿Tienes experiencia en Gestión penitenciaria o Criminología?

Lugar de trabajo: Empleo presencial",,https://pe.indeed.com/cmp/Proyecta-Ingenieros-Civiles-S.a.c-1,,,,,,,,,,,,,"""Sociologia"""
in-cfbe1a6c33c7c0a2,indeed,https://pe.indeed.com/viewjob?jk=cfbe1a6c33c7c0a2,https://ocaglobal.teamtailor.com/jobs/8062347-profesional-especialista-en-rrcc-relaciones-comunitarias,Profesional Especialista en RRCC (Relaciones Comunitarias),OCA Global,"Alan Gabriel, LLI, PE",2026-07-14,,,,,,,False,,,,,"**Profesional Especialista en RRCC (Relaciones Comunitarias)**
--------------------------------------------------------------

**Descripción del puesto:** Buscamos un especialista con fuerte vocación social para gestionar el relacionamiento comunitario, prevención de conflictos sociales y asegurar la viabilidad social de los proyectos en zonas urbanas.

**Requisitos:**

* **Formación:** Licenciado en Ciencias Sociales, Sociología, Antropología o carreras afines.
* **Experiencia:**


	+ Mínimo 5 años en relaciones comunitarias dentro de construcción, minería u Oil \& Gas.
	+ Mínimo 3 años como Profesional, Supervisor o Coordinador de RRCC.
	+ Mínimo 2 años de experiencia directa en manejo de conflictos sociales.
	+ Mínimo 2 años realizando trabajo de campo en entornos urbanos.
* **Conocimientos:** Manejo de herramientas de diagnóstico social, especialización en manejo de conflictos, lectura de planos y sistemas GIS (nivel usuario). Deseable nociones de SSO.
* **Licencia de Conducir:** A1 (Obligatorio).

**Beneficios:**

* Contrato por 12 meses.
* Beneficios sociales de ley, planilla directa y gastos de movilidad en campo cubiertos.",,https://pe.indeed.com/cmp/Oca-Global,https://d2q79iu7y748jz.cloudfront.net/s/_squarelogo/256x256/147a0f085e0f73f0d46f11454b6a53ad,https://ocaglobal.com/es,Sant Cugat del Vallès,"5,001 to 10,000",$100M to $500M (USD),,,,,,,,"""Sociologia"""
in-11979d1d67a9692b,indeed,https://pe.indeed.com/viewjob?jk=11979d1d67a9692b,http://pe.indeed.com/job/procesador-de-datos-senior-11979d1d67a9692b,Procesador de Datos Senior,CLÍNICA DE LIMA S.A.C.,"Arequipa, ARE, PE",2026-07-14,fulltime,,,,,,False,,,,,"**Necesitamos un Procesador de Datos para AREQUIPA**

Bachiller de Ing. Industrial, Ing de Sistemas y/o Informática, Economía o Sociología

**HORARIO:**

DE 05: 00 am a 14:00 pm \-\- 10:00 am a 16:00 pm

**FUNCIONES:**

Dirección, revisión, coordinación y digitción de la fica catastral en aplicativo digital, garantizando la integridad y acpetación de los lotes

**Los interesados enviar su CV al 974 487 414 Área de Recursos Humanos**

Sueldo: A partir de S/.1\.00 al mes

Lugar de trabajo: Empleo presencial",,https://pe.indeed.com/cmp/Cl%C3%ADnica-De-Lima-S.a.c.-1,,,,,,,,,,,,,"""Sociologia"""
in-64af094f59c8adc4,indeed,https://pe.indeed.com/viewjob?jk=64af094f59c8adc4,http://pe.indeed.com/job/convocatoria-docente-responsabilidad-social-y-relaciones-comunitarias-en-miner%C3%ADa-64af094f59c8adc4,CONVOCATORIA DOCENTE Responsabilidad Social y Relaciones Comunitarias en Minería,ELEVATE PERÚ,"Remote, PE",2026-07-13,,,,,,,True,,,,,"**Elevate Perú** convoca a profesionales para dictar el curso:

Responsabilidad Social y Relaciones Comunitarias en Minería

Perfil requerido:

* Profesional titulado en Ingeniería, Sociología, Trabajo Social, Gestión Social, Derecho, Administración o carreras afines.
* Experiencia en **relaciones comunitarias, gestión social o RSE en el sector minero**.
* Conocimiento de conflictos sociales, diálogo comunitario y sostenibilidad.
* Experiencia como capacitador(a), docente o facilitador(a) (deseable).
* Dominio de herramientas virtuales (Zoom, PPT, Drive).

Modalidad:

* Virtual (en vivo)

Honorarios:

* **S/ 65 por hora dictada**

Postulación:

Enviar **CV actualizado** indicando el curso al que postula.

Tipo de puesto: Freelance

Sueldo: Hasta S/.65\.00 la hora

Lugar de trabajo: Empleo remoto",,https://pe.indeed.com/cmp/Elevate-Per%C3%BA,,,,,,,,,,,,,"""Sociologia"""
in-6c4cdc75867c7b43,indeed,https://pe.indeed.com/viewjob?jk=6c4cdc75867c7b43,https://acciona.wd3.myworkdayjobs.com/en-US/ACCIONA_Employment_Channel/job/Lima/GESTOR-A--SOCIAL_20099327,GESTOR(A) SOCIAL,Acciona,"Lima, LIM, PE",2026-07-13,,,,,,,False,,,,,"**Somos una compañía internacional formada por más de 65\.000 empleados y presente en más de 40 países de los cinco continentes. Líderes en innovación y desarrollo tecnológico, buscamos expertos en impulsar el desarrollo sostenible y encontrar soluciones a los mayores retos mundiales, como el calentamiento global, la superpoblación y la escasez hídrica.**

**Descripción del puesto**

**ACCIONA** para su negocio de **INDUSTRIAL**, requiere incorporar a un/a Gestor/a Social para un proyecto de Líneas de Transmisión y Subestaciones de Alta tensión localizado en Ica.

**Misión:**

* Asegurar la adecuada gestión social del proyecto mediante la implementación efectiva del Plan de Gestión Social (PGS), incluyendo estrategias de relacionamiento comunitario, mecanismos de comunicación, gestión de quejas y reclamos y el cumplimiento de compromisos del IGA durante la etapa de construcción. Todo ello orientado a contribuir a la liberación de áreas a través de la aceptación social y la continuidad operativa del proyecto, en línea con las políticas y compromisos de ACCIONA.
* Proponer e implementar acciones con los grupos de interés que permitan una adecuada gestión del impacto social en el área de influencia del proyecto, asegurando un relacionamiento oportuno y sostenible.

**Requisitos del candidato**

**Funciones:**

* Implementar el Plan de Gestión Social (PGS) del proyecto.
* Cumplimiento de los compromisos del IGA aprobados del proyecto durante la etapa de construcción.
* Elaborar y actualizar el mapeo de stakeholders, así como el análisis de actores y la identificación de riesgos sociales.
* Planificar y ejecutar estrategias orientadas a la liberación social del proyecto, mediante la organización de reuniones informativas, talleres y otras actividades de participación ciudadana.
* Gestionar el relacionamiento con autoridades locales, comunidades y demás actores clave del área de influencia directa (AID).
* Liderar la resolución de posibles conflictos sociales, asegurando la continuidad de las actividades del proyecto.
* Diseñar e implementar estrategias y planes de comunicación social antes, durante y después de las obras de construcción.
* Elaborar y difundir materiales informativos (avisos, comunicados, boletines, fichas informativas) cuando sea necesario.
* Administrar los mecanismos de comunicación y mantener actualizados los registros de interacción con actores sociales.
* Gestionar el Mecanismo de Atención de Consultas, Quejas y Reclamos del proyecto, asegurando su adecuado registro, atención y seguimiento.
* Realizar el seguimiento al cumplimiento de compromisos sociales, manteniendo trazabilidad documentada y alertando oportunamente sobre desviaciones o riesgos.
* Identificar riesgos sociales y proponer medidas de prevención y mitigación.
* Participar en reuniones de coordinación interna para la planificación y seguimiento del proyecto.
* Promover relaciones de buena vecindad y convivencia en las zonas de intervención.
* Capacitar y sensibilizar al personal propio y subcontratistas en temas sociales y de relacionamiento comunitario.
* Supervisar la adecuada gestión social de los subcontratistas en campo.
* Ejecutar otras funciones inherentes al cargo, en el marco de los objetivos del proyecto.
**Formación académica:**

* Bachiller o titulado(a) en Administración de Empresas, Derecho, Sociología o carreras afines.
* Diplomado o cursos en Gestión de conflictos, Gestión Social u otros relacionados.

**Experiencia**

* Al menos 3 a 5 años de experiencia en gestión social en proyectos de infraestructura lineal (líneas de transmisión, energía, carreteras, etc.).
* Experiencia en relacionamiento comunitario y manejo de conflictos sociales8 (excluyente).
* Conocimiento en temas prediales (no excluyente).
* Deseable experiencia con comunidades campesinas o indígenas (según zona de influencia del proyecto).

**Localización:**

* Residir en Ica o disponibilidad para laborar en régimen atípico.

**Conocimientos complementarios**

* Manejo de paquete Office a nivel intermedio
* Lectura de KMZ

**Habilidades blandas:**

* Comunicación efectiva oral y escrita
* Empatía y orientación al relacionamiento
* Análisis técnico y resolución de problemas.
* Proactividad, trabajo en equipo y articulación interáreas.
* Capacidad de comunicación efectiva y manejo de información para la toma de decisiones.

ACCIONA ha recibido la certificación Top Employer 2024 y 2025\. Este sello reconoce a la Compañía como una de las mejores empresas para trabajar por su compromiso en situar la gestión de las personas como eje central de su estrategia. Somos una compañía con igualdad de oportunidades y estamos comprometidos con la diversidad. ACCIONA está alineada con la ley Nº 27278 y prohíbe la discriminación basada en el género, raza, religión o idioma.",Energy And Utilities,https://pe.indeed.com/cmp/Acciona,https://d2q79iu7y748jz.cloudfront.net/s/_squarelogo/256x256/4dad86700c0cf6532e52c9ebd7284359,http://www.acciona.es/,"Madrid, SP","10,000+",more than $10B (USD),,,,,,,,"""Sociologia"""
in-b9241fce1ef6a239,indeed,https://pe.indeed.com/viewjob?jk=b9241fce1ef6a239,https://acciona.wd3.myworkdayjobs.com/en-US/ACCIONA_Employment_Channel/job/Lima/GESTOR-A--SOCIAL_20099329,GESTOR(A) SOCIAL,Acciona,"Lima, LIM, PE",2026-07-13,,,,,,,False,,,,,"**Somos una compañía internacional formada por más de 65\.000 empleados y presente en más de 40 países de los cinco continentes. Líderes en innovación y desarrollo tecnológico, buscamos expertos en impulsar el desarrollo sostenible y encontrar soluciones a los mayores retos mundiales, como el calentamiento global, la superpoblación y la escasez hídrica.**

**Descripción del puesto**

**ACCIONA** en su negocio de **INDUSTRIAL** precisa incorporar un(a) Gestor(a) Social para el arranque y ejecución contractual del nuevo proyecto de Líneas de Transmisión y Subestaciones asociadas localizados entre los departamentos de Cajamarca y Amazonas.

**Misión:**

* Asegurar la adecuada gestión social del proyecto mediante la implementación efectiva del Plan de Gestión Social (PGS), incluyendo estrategias de relacionamiento comunitario, mecanismos de comunicación, gestión de quejas y reclamos y el cumplimiento de compromisos del IGA durante la etapa de construcción. Todo ello orientado a contribuir a la liberación de áreas a través de la aceptación social y la continuidad operativa del proyecto, en línea con las políticas y compromisos de ACCIONA.
* Proponer e implementar acciones con los grupos de interés que permitan una adecuada gestión del impacto social en el área de influencia del proyecto, asegurando un relacionamiento oportuno y sostenible.

**Requisitos del candidato**

**Funciones:**

* Implementar el Plan de Gestión Social (PGS) del proyecto.
* Realizar el seguimiento para el cumplimiento de los compromisos del IGA aprobados del proyecto durante la etapa de construcción.
* Elaborar y actualizar el mapeo de stakeholders, así como el análisis de actores y la identificación de riesgos sociales.
* Planificar y ejecutar estrategias orientadas a la liberación social del proyecto, mediante la organización de reuniones informativas, talleres y otras actividades de participación ciudadana.
* Gestionar el relacionamiento con autoridades locales, comunidades y demás actores clave del área de influencia directa (AID).
* Liderar la resolución de posibles conflictos sociales, asegurando la continuidad de las actividades del proyecto.
* Diseñar e implementar estrategias y planes de comunicación social antes, durante y después de las obras de construcción.
* Elaborar y difundir materiales informativos (avisos, comunicados, boletines, fichas informativas) cuando sea necesario.
* Administrar los mecanismos de comunicación y mantener actualizados los registros de interacción con actores sociales.
* Gestionar el Mecanismo de Atención de Consultas, Quejas y Reclamos del proyecto, asegurando su adecuado registro, atención y seguimiento.
* Realizar el seguimiento al cumplimiento de compromisos sociales, manteniendo trazabilidad documentada y alertando oportunamente sobre desviaciones o riesgos.
* Identificar riesgos sociales y proponer medidas de prevención y mitigación.
* Participar en reuniones de coordinación interna para la planificación y seguimiento del proyecto.
* Promover relaciones de buena vecindad y convivencia en las zonas de intervención.
* Capacitar y sensibilizar al personal propio y subcontratistas en temas sociales y de relacionamiento comunitario.
* Supervisar la adecuada gestión social de los subcontratistas en campo.
* Ejecutar otras funciones inherentes al cargo, en el marco de los objetivos del proyecto.
**Formación académica:**

* Bachiller o titulado(a) en Administración de Empresas, Derecho, Sociología o carreras afines.
* Diplomado o cursos en Gestión de conflictos, Gestión Social u otros relacionados.

**Experiencia**

* Al menos 3 a 5 años de experiencia en gestión social, predial en proyectos de infraestructura lineal (líneas de transmisión, energía, carreteras, etc.).
* Experiencia en relacionamiento comunitario y manejo de conflictos sociales.
* Conocimiento en temas prediales (no excluyente).
* Deseable experiencia con comunidades campesinas o indígenas (según zona de influencia del proyecto).

**Conocimientos complementarios**

* Manejo de paquete Office a nivel intermedio
* Lectura de KMZ

**Localización:**

* Disponibilidad para laborar en régimen atípico entre los departamentos de Amazonas y Cajamarca.

**Habilidades blandas:**

* Comunicación efectiva oral y escrita
* Empatía y orientación al relacionamiento
* Análisis técnico y resolución de problemas.
* Proactividad, trabajo en equipo y articulación interáreas.
* Capacidad de comunicación efectiva y manejo de información para la toma de decisiones.

ACCIONA ha recibido la certificación Top Employer 2024 y 2025\. Este sello reconoce a la Compañía como una de las mejores empresas para trabajar por su compromiso en situar la gestión de las personas como eje central de su estrategia. Somos una compañía con igualdad de oportunidades y estamos comprometidos con la diversidad. ACCIONA está alineada con la ley Nº 27278 y prohíbe la discriminación basada en el género, raza, religión o idioma.",Energy And Utilities,https://pe.indeed.com/cmp/Acciona,https://d2q79iu7y748jz.cloudfront.net/s/_squarelogo/256x256/4dad86700c0cf6532e52c9ebd7284359,http://www.acciona.es/,"Madrid, SP","10,000+",more than $10B (USD),,,,,,,,"""Sociologia"""
in-8bbfe23eb374417a,indeed,https://pe.indeed.com/viewjob?jk=8bbfe23eb374417a,http://pe.indeed.com/job/consultor-de-tesis-y-art%C3%ADculos-cient%C3%ADficos-freelancer-8bbfe23eb374417a,CONSULTOR DE TESIS Y ARTÍCULOS CIENTÍFICOS - FREELANCER,ECONODATA SOLUCIONES PERU,"Remote, PE",2026-07-13,,,,,,,True,,,,,"**INVESTIGADOR Y REDACTOR DE TESIS \- FREELANCER**

**100% REMOTO / CON EXPERIENCIA**

**ECONODATA SOLUCIONES PERU EIRL (Econodata Corporation)**

**1\. ÁREA SOLICITANTE**

Proyectos e Investigación

**2\. OBJETIVO DEL SERVICIO**

Contratar los servicios de un Consultor\-asesor de Tesis por Proyecto para el área de Proyectos e Investigación de ECONODATA SOLUCIONES PERU EIRL.

**3\. CARACTERÍSTICAS DEL SERVICIO**

**3\.1\. Perfil**

EL/LA LOCADOR(A), deberá acreditar el siguiente perfil mínimo:

* Bachiller, titulado y/o posgrado de alguna de las carreras de Administración de Empresas, Contabilidad, Finanzas, Economía, Marketing, Negocios Internacionales, Ingeniería Industrial, Ingeniería de Sistemas, Ingeniería Civil, Ingeniería Electrónica, Ingeniería Mecánica, Ingeniería Química, Ingeniería Ambiental, Ingeniería de Minas, Ingeniería Agrónoma, Ingeniería en Telecomunicaciones, Derecho, Ciencia Política y Gobierno, Sociología, Antropología, Lengua y Literatura, Publicidad y Multimedia, Gestión Pública, Medicina, Odontología, Enfermería, Farmacia y Bioquímica, Nutrición, Psicología, Fisioterapia, Obstetricia, Veterinaria, Tecnología Médica, Bioingeniería, Biomedicina, Terapia Ocupacional, Óptica, entre otros
* Conocimientos en metodología de la investigación (indispensable)
* Conocimientos en proceso de elaboración de tesis bien definido (INDISPENSABLE)
* Experiencia en elaboración de tesis (1 año mínimo en empresas de elaboración completa de tesis / mínimo 15 tesis)
* Contar con habilidades comunicativas, pedagógicas, trabajo en equipo, asertividad.
* Manejo de softwares estadísticos o analíticos para investigaciones cuantitativas / cualitativas (respecto a la carrera para tesis)
* Contar con conocimientos en Microsoft office intermedio/avanzado, ingles intermedio/avanzado, redacción, metodología de la investigación y normas APA y/o VANCOUVER, estadística básica/intermedio/avanzado.
* Conocimiento en SPSS/STATA/RSTUDIO/PYTHON/EVIEWS (AL MENOS 1\) (CUANTITATIVO), ATLAS.ti (cualitativo)

**3\.2\. ACTIVIDADES A REALIZAR**

EL/LA LOCADOR(A), deberá realizar las siguientes actividades:

* Asesorar y orientar en la prospectiva y prefactibilidad con los clientes asignados
* Elaboración completa de tesis (etapas de proyecto, informe, sustentación) (word, procesamiento estadístico/analítico cualitativo y PPT)
* Asesorar en los principales aspectos de tesis (teórico, metodológico, analítico, resultados, propuesta de implementación, solución o mejora)
* Absolver oportunamente las dudas, consultas, presentaciones del cliente
* Preparación para sustentación y levantamiento de observaciones hasta la aprobación (revisores, asesor, jurados y ética)
* Realizar otras funciones que le asigne el jefe directo en función a la aprobación de la tesis/proyecto de investigación.

**BENEFICIOS:**

* Capacitaciones / orientaciones metodológicas
* Horarios Flexibles (cumpliendo oportunamente con los clientes)
* Apoyo estadístico/econométrico/machine learning / datacience
* Acceso a becas de cursos de empresa (a partir del tercer mes)

**Tipo de puesto: Freelancer**

**Sueldo: S/ 2,000 – S/ 4,500 al mes**

Tipo de puesto: Freelance

Sueldo: S/.2,000\.00 \- S/.4,500\.00 al mes

Pregunta(s) de postulación:

* Para el puesto es indispensable la experiencia laboral en Elaboración de Tesis Completa (mínimo 1 año en empresas de tesis / Al menos 15 tesis elaboradas completamente). ¿Cuenta con la experiencia?

Lugar de trabajo: Empleo remoto",,https://pe.indeed.com/cmp/Econodata-Soluciones-Peru,https://d2q79iu7y748jz.cloudfront.net/s/_squarelogo/256x256/9a7355a5c33aa78633f2a15f9ef981fe,https://econodatasolucionesperu.com/,Cercado de Lima - Lima - Perú,11 to 50,,,,,,,,,"""Sociologia"""
in-69cee65da9780260,indeed,https://pe.indeed.com/viewjob?jk=69cee65da9780260,https://credicorp-capital.hirehive.com/design-lead-lima-JAmnUI?source=Indeed,Design Lead,CREDICORP CAPITAL,"Lima, LIM, PE",2026-07-10,fulltime,,,,,,False,,,,,"**Credicorp Capital** te invita a Convertir Desafíos en Oportunidades y ser nuestro próximo/a **Design Lead**, que trabajará en el **CoE de Diseño Estratégico y Experiencia** en **Lima, Perú**.

 **Misión:**


Liderar estratégica y técnicamente la práctica de Diseño en sus dos disciplinas Product Design y Service Design, garantizando su madurez, consistencia y alineamiento con los objetivos estratégicos de la organización. Esto incluye la gestión de equipos en esquemas matriciales y directos, la definición de estándares y modelos operativos de práctica y la articulación con negocio, tecnología, CX e Innovación para posicionar al diseño como ventaja competitiva sostenible en Credicorp Capital.

**Principales Responsabilidades:**

* Lidera técnica y estratégicamente las disciplinas de Product Design y Service Design, promoviendo las buenas prácticas del diseño centrado en las personas dentro de los equipos multidisciplinarios junto a Product Owners y Product Designers.
* Asegura la correcta ejecución y acompañamiento de los servicios de Diseño brindados por el CoE a las distintas áreas de la compañía.
* Entiende, diagnostica y analiza de forma constante la necesidad de diseño en las distintas áreas de la organización, identificando brechas de capacidad, madurez y prioridades emergentes.
* Promueve el desarrollo personal y profesional del equipo mediante acompañamiento y mentoría en sus funciones y proyectos.
* Considera los valores, principios, cultura y apetito de riesgo de la compañía en las actividades y decisiones del día a día.
* Reporta periódicamente al CoE Lead los indicadores de madurez, cobertura y desempeño del equipo de diseño (PD\+SD).
* Revisa y valida la calidad y consistencia técnica de los entregables de diseño (PD\+SD) antes de su despliegue a producción.
* Representa la voz del diseño en comités y foros de decisión de producto, tecnología o negocio.

 **Requisitos de Postulación:**

* Bachiller o Titulado en Diseño, Psicología, Sociología, Comunicación, Innovación o carreras afines.
* Deseable especialización en UX Management, Diseño Estratégico, Service Design o Innovación.
* Experiencia de 8 años o más en diseño de productos o servicios centrados en el usuario y/o más de 3 años


liderando equipos multidisciplinarios de diseño en entornos corporativos, transformación digital o consultoría


estratégica.
* Experiencia liderando diseño en industrias reguladas (banca, servicios financieros).
* Deseable experiencia en contextos regionales, multiculturales y modelos matriciales.
* Capacidad de articular diseño con objetivos de negocio, transformación digital y cumplimiento normativo (accesibilidad, protección de datos, experiencia omnicanal).
* Manejo de Inglés a nivel Intermedio.
* Manejo de los siguientes softwares: Figma, Adobe Suite, Miro/Mural, Notion, Jira, Confluence, Google Workspace, PowerPoint.
* Deseable conocimiento de sistemas de diseño y flujos técnicos asociados a componentes digitales.

***Esta convocatoria se encuentra disponible también para personas con discapacidad.***",,https://pe.indeed.com/cmp/Credicorp-Capital,,https://www.credicorpcapital.com,Santiago,"501 to 1,000",,,,,,,,,"""Sociologia"""
in-ae19cf43b9e8ec11,indeed,https://pe.indeed.com/viewjob?jk=ae19cf43b9e8ec11,http://pe.indeed.com/job/relacionista-comunitario-ae19cf43b9e8ec11,Relacionista Comunitario,XLM SAC,"San Isidro, LIM, PE",2026-07-09,fulltime,,,,,,False,,,,,"En **PERFOTUNEL S.A.C.**, empresa especializada en obras de perforación horizontal y construcción, nos encontramos en la búsqueda de un(a) **Relacionista Comunitario** para formar parte de nuestro equipo.

Requisitos:

* Bachiller o titulado(a) en Comunicación, Sociología, Trabajo Social, Relaciones Públicas o carreras afines.
* Experiencia mínima de 2 años en relacionamiento comunitario, gestión social o proyectos de infraestructura, minería, energía o construcción.
* Conocimiento en elaboración de planes de relacionamiento comunitario y gestión de conflictos sociales.
* Manejo de Microsoft Office a nivel intermedio.
* Disponibilidad para viajar y trabajar en proyectos a nivel nacional.

Funciones:

* Mantener una comunicación permanente con autoridades, dirigentes y comunidades del área de influencia de los proyectos.
* Ejecutar actividades de relacionamiento comunitario de acuerdo con los lineamientos de la empresa.
* Identificar, atender y realizar seguimiento a consultas, reclamos y compromisos asumidos con los grupos de interés.
* Elaborar informes de gestión social y reportes de actividades.
* Coordinar con las diferentes áreas del proyecto para asegurar el cumplimiento de los compromisos sociales.
* Promover un ambiente de diálogo y buenas relaciones con las comunidades.

Ofrecemos:

* Ingreso a planilla con todos los beneficios de ley.
* Remuneración acorde al mercado.
* Oportunidad de crecimiento y desarrollo profesional.
* Excelente clima laboral.

Sueldo: S/.2,000\.00 \- S/.2,200\.00 al mes

Lugar de trabajo: Empleo presencial",,https://pe.indeed.com/cmp/Xlm-Sac,,,,,,,,,,,,,"""Sociologia"""
in-0db189dc6bf97b2f,indeed,https://pe.indeed.com/viewjob?jk=0db189dc6bf97b2f,http://pe.indeed.com/job/trabajo-para-universitarios-part-time-0db189dc6bf97b2f,TRABAJO PARA UNIVERSITARIOS- PART TIME,GAMT,"Arequipa, ARE, PE",2026-07-08,"parttime, internship",,,,,,False,,,,contacto@gamt.com.pe,"**.¡ÚNETE A NOSOTROS!**

La empresa GAMT CONSULTORIA TIC E.I.R.L. es líder en soluciones tecnológicas con más de 15 años de experiencia, transformando infraestructuras y optimizando procesos de TI. Hoy, estamos en busca del **mejor talento** para formar parte de nuestra **nueva sede empresarial.** 

* **PUESTO:** ASISTENTE DE INVESTIGACIÓN
* **CANTIDAD DE VACANTES:** 03

REQUISITOS:

* **Ser ESTUDIANTE UNIVERSITARIO**  que desee ampliar conocimientos en el campo de la investigación. (De preferencia de las carreras de **Sociología, Psicología, Lingüística y Literatura o carreras afines.)**
* Residir en AREQUIPA (Trabajo presencial).
* Tener un conocimiento básico de las normas académicas y de estilo, como APA, Vancouver entre otras normas utilizadas.

**FUNCIONES** 

* Realizar trabajos de investigación de su carrera o afines.

**BENEFICIOS**

* Sueldo: S/560\.00 \- S/565\.00 al mes
* Buen ambiente laboral.
* Horario part time compatible con estudios universitarios.
* Oportunidad de adquirir experiencia en el área de investigación.

**LUGAR Y HORARIO DE TRABAJO**

* Part time – Presencial
* Turno Mañana: Lunes a viernes de 8:00am a 1:00pm
* Distrito de José Luis Bustamante y Rivero

**FORMA DE POSTULACION**

Enviar CV actualizado en PDF

* WhatsApp: 937 553 478
* Correo: contacto@gamt.com.pe
* Colocar en Asunto: Asistente de investigación

Sueldo: S/.565\.00 \- S/.566\.00 la hora

Lugar de trabajo: Empleo presencial",,https://pe.indeed.com/cmp/Gamt,,,,,,,,,,,,,"""Sociologia"""
in-8eafa44f318510a9,indeed,https://pe.indeed.com/viewjob?jk=8eafa44f318510a9,http://pe.indeed.com/job/especialista-en-criminolog%C3%ADa-o-gesti%C3%B3n-penitenciaria-8eafa44f318510a9,Especialista en Criminología o Gestión Penitenciaria,PROYECTA INGENIEROS CIVILES S.A.C,"Lima, LIM, PE",2026-07-03,fulltime,,,,,,False,,,,,"**PROYECTA** convoca a profesionales del ámbito social y legal para ocupar la posición de Especialista en Criminología o Gestión Penitenciaria. El rol se enfoca en brindar el soporte conceptual, normativo y técnico para la correcta adecuación funcional de infraestructuras destinadas a la seguridad y reinserción social.

**Responsabilidades principales:**

* Asesorar en el diseño de flujos, zonificación y distribución de la infraestructura penitenciaria según los estándares criminológicos vigentes.
* Elaborar informes especializados que sustenten la viabilidad funcional y operativa de los proyectos.
* Participar en las mesas de trabajo técnicas con los usuarios y entidades pertinentes.

**Requisitos indispensables:**

* **Formación Académica:** Licenciado/Titulado en Derecho, Psicología, Sociología o Criminología.
* **Especialización:** Postgrado o Especialización acreditada en Gestión Penitenciaria o Política Criminológica.
* **Experiencia General:** Mínimo de nueve (9\) años de trayectoria profesional en el sector público y/o privado.
* **Experiencia Específica:** Acreditar participación directa en al menos tres (3\) proyectos vinculados al sistema penitenciario.

Sueldo: S/.4,000\.00 al mes

Pregunta(s) de postulación:

* Indique su expectativa salarial

Lugar de trabajo: Empleo presencial",,https://pe.indeed.com/cmp/Proyecta-Ingenieros-Civiles-S.a.c-1,,,,,,,,,,,,,"""Sociologia"""
in-89871c74a3959e5a,indeed,https://pe.indeed.com/viewjob?jk=89871c74a3959e5a,http://pe.indeed.com/job/coordinadora-de-fundaci%C3%B3n-89871c74a3959e5a,Coordinadora de Fundación,WE EDUCACIÓN EJECUTIVA,"San Isidro, LIM, PE",2026-07-03,fulltime,,,,,,False,,,,,"**¡Únete a Fundación WE!**

En **Fundación WE** buscamos una **Coordinadora de Fundación** apasionada por generar impacto social a través de la educación, la empleabilidad y el desarrollo de habilidades blandas. Si te motiva liderar proyectos con propósito, gestionar alianzas estratégicas y contribuir al desarrollo de comunidades, esta oportunidad es para ti.

**Funciones principales**

* Planificar, gestionar y supervisar proyectos sociales enfocados en educación, empleabilidad y desarrollo de habilidades blandas.
* Liderar y coordinar al equipo de voluntarios en la ejecución de proyectos, campañas y eventos sociales.
* Coordinar las operaciones necesarias para garantizar el adecuado desarrollo de las actividades y proyectos de la Fundación.
* Planificar y ejecutar proyectos sociales en articulación con las diferentes áreas de WE Group.
* Gestionar alianzas estratégicas con organizaciones públicas, privadas y de la sociedad civil para fortalecer los programas e iniciativas de la Fundación.
* Representar a Fundación WE ante organizaciones nacionales e internacionales para la presentación de proyectos e iniciativas sociales.
* Liderar la formulación, postulación, ejecución y seguimiento de concursos, convocatorias y proyectos de impacto social.
* Elaborar informes de gestión mensuales y anuales, así como proponer acciones de mejora basadas en los resultados obtenidos.
* Brindar soporte a las iniciativas sociales desarrolladas junto a las diferentes marcas que conforman WE Group.
* Realizar otras funciones inherentes al puesto.

**Requisitos**

* Bachiller o Titulado(a) en Gestión Social, Trabajo Social, Administración, Comunicaciones, Sociología, Relaciones Internacionales, Desarrollo Internacional o carreras afines.
* Experiencia mínima de 1 año liderando proyectos sociales, educativos o de desarrollo comunitario.
* Experiencia en coordinación de voluntariado y organización de actividades o eventos de impacto social.
* Conocimiento en formulación, ejecución, monitoreo y evaluación de proyectos sociales.
* Experiencia gestionando alianzas estratégicas con organizaciones públicas, privadas y de la sociedad civil.
* Manejo de Microsoft Office a nivel intermedio.

**Competencias**

* Liderazgo.
* Planificación y organización.
* Comunicación efectiva.
* Gestión de proyectos.
* Capacidad de negociación y generación de alianzas.
* Orientación a resultados.
* Proactividad.
* Trabajo en equipo.
* Vocación de servicio.

**Ofrecemos**

* Remuneración acorde al mercado.
* Acceso gratuito a los programas y cursos de WE Educación Ejecutiva.
* Oportunidad de liderar proyectos de impacto social y educativo.
* Excelente clima laboral.
* Oportunidades de aprendizaje y desarrollo profesional.

**Postulación**

Envía tu **CV actualizado** junto con tu **pretensión salarial** al correo we.educacion@we\-educacion.com, indicando en el asunto: **Coordinadora de Fundación**.

Sueldo: S/.1,600\.00 \- S/.2,000\.00 al mes

Pregunta(s) de postulación:

* ¿Cuentas con disponibilidad inmediata?
* ¿Cuentas con disponibilidad para laborar en San Isidro?
* ¿Cuentas con experiencia en proyectos sociales?
* ¿Cuentas con experiencia en el rubro de educación?
* ¿Cuál es tu expectativa salarial?

Lugar de trabajo: Empleo presencial",,https://pe.indeed.com/cmp/We-Educaci%C3%B3n-Ejecutiva,,,,,,,,,,,,,"""Sociologia"""
in-bcb6c924fb167af4,indeed,https://pe.indeed.com/viewjob?jk=bcb6c924fb167af4,http://pe.indeed.com/job/investigador-redactor-junior-part-time-bcb6c924fb167af4,INVESTIGADOR REDACTOR JUNIOR- PART TIME,GAMT,"Arequipa, ARE, PE",2026-07-03,parttime,,,,,,False,,,,contacto@gamt.com.pe,"Somos una empresa con más de 15 años de experiencia en el sector educativo. Actualmente nos encontramos en la búsqueda de jóvenes talentos y profesionales en formación con un alto interés en desarrollar y perfeccionar sus habilidades en investigación científica y redacción académica.

PERFIL DEL PUESTO

Nivel de estudios

· Estudiantes universitarios de últimos ciclos (idealmente a partir del 7mo o 9no ciclo)

· Egresados o Bachilleres que deseen especializarse en el sector de la consultoría e investigación educativa.

**Carreras de preferencia:**

* Psicología, Trabajo Social, Sociología, Lingüística y Literatura, Educación u otras carreras afines a las Ciencias Sociales y Humanidades.

REQUISITOS

* **Residencia:** Residir en Arequipa (Trabajo 100% presencial).
* Conocimientos básicos de normas académicas (APA, Vancouver u otras).
* Conocimientos básicos de redacción académica.
* Buena ortografía y gramática.
* Manejo de Microsoft Word y herramientas de ofimática.
* Conocimientos básicos en metodología de la investigación.
* Deseos de aprendizaje y desarrollo profesional.

**NUMERO DE VACANTES:** 3

No se requiere experiencia previa. Se brindará capacitación constante.

FUNCIONES

* Apoyo en proyectos de investigación académica.
* Redacción y revisión de documentos académicos.
* Aplicación de normas de citación y referencias bibliográficas.
* Organización y sistematización de información.

BENEFICIOS

* Subvención económica mensual por medio tiempo \+ Programa de capacitación especializada.
* Acompañamiento y asesoría durante el proceso de aprendizaje.
* Desarrollo de competencias en investigación científica y análisis académico.
* Excelente ambiente laboral.
* Oportunidad de crecimiento profesional.
* Horario compatible con estudios universitarios.
* Agradable ambiente laboral.

HORARIO

Turno mañana

* Lunes a viernes
* 8:00 a.m. a 1:00 p.m.
* **Modalidad:** Presencial

Ubicación:

Distrito de José Luis Bustamante y Rivero

¿CÓMO POSTULAR?

Enviar CV actualizado en formato PDF al:

WhatsApp: 937 553 478

Correo: contacto@gamt.com.pe

Sueldo: A partir de S/.565\.00 al mes

Lugar de trabajo: Empleo presencial",,https://pe.indeed.com/cmp/Gamt,,,,,,,,,,,,,"""Sociologia"""
in-da83e709ba8ed6e9,indeed,https://pe.indeed.com/viewjob?jk=da83e709ba8ed6e9,http://pe.indeed.com/job/gestor-social-da83e709ba8ed6e9,Gestor Social,CORPORACION SANTAGUSTINA E.I.R.L,"Cajamarca, CAJ, PE",2026-07-02,,,,,,,False,,,,,"Bachiller en Sociología:

Experiencia \+3 años como:

Gestor Social y/o Sociólogo y/o Trabajador Social y/o Especialista Social y/o Facilitador y/o Facilitador en Educación Sanitaria Comunitario y/o Responsable Social en la ejecución ylo inspección y/o supervisión de obras, en la especialidad de: SANEAMIENTO Y AFINES, y Subespecialidad de: Infraestructura para agua potable, Infraestructura para Alcantarillado y Obras rurales.

SUELDO DE A TRATAR

Sueldo: S/.2,000\.00 \- S/.2,500\.00 al mes

Lugar de trabajo: Empleo presencial",,https://pe.indeed.com/cmp/Corporacion-Santagustina-E.i.r.l,,,,,,,,,,,,,"""Sociologia"""
in-d30e12a82fef6d75,indeed,https://pe.indeed.com/viewjob?jk=d30e12a82fef6d75,https://www.abrilhr.pe/api/v1/empresa/Alpayana/puesto/Supervisor-de-Comunidades-%7C-UM-Yauricocha-23550,Supervisor de Comunidades | UM Yauricocha,Alpayana,"Lima, LIM, PE",2026-06-24,fulltime,,,,,,False,,,,,"Full Time  

Relaciones Comunitarias


Somos Alpayana, un grupo minero peruano especializado en la minería subterránea polimetálica, produciendo zinc, plomo, cobre y plata. Contamos con 4 unidades mineras en la sierra central del Perú: Americana, Yauliyacu, Iscaycruz y Morococha. Nuestra visión es Ser un grupo minero referente en la región, reconocido por nuestra excelencia operativa y gestión responsable. Nos encontramos en búsqueda del mejor talento para ocupar la posición de Supervisor de Comunidades \- UM Yauricocha
Requisitos


* Bachiller en Antropología, Sociología, Educación, Geografía, Historia o carreras afines.
* Experiencia general mínima de 4 años en Relaciones Comunitarias.
* Conocimientos en conflictos sociales y estrategias de negociación.
* Conocimiento y manejo de herramientas en desarrollo rural y gestión social.
* Conocimiento de ejecución y monitoreo de proyectos sociales.
Funciones


* Gestionar el relacionamiento con comunidades, autoridades locales, entidades públicas y demás grupos de interés, promoviendo espacios de diálogo y participación que contribuyan al fortalecimiento de las relaciones institucionales de la compañía.
* Supervisar la ejecución de la gestión social, proyectos productivos y compromisos comunitarios, asegurando el adecuado desarrollo de los procesos de participación ciudadana.
* Elaborar, implementar y dar seguimiento al Plan Anual de Compromisos Sociales, garantizando el cumplimiento de los acuerdos asumidos.
* Liderar espacios de diálogo y negociación con comunidades y actores clave, gestionando de manera oportuna las necesidades y expectativas de los grupos de interés, así como la prevención y manejo de potenciales conflictos sociales.
* Coordinar y supervisar la ejecución de actividades sociales en campo, asegurando el cumplimiento de los lineamientos corporativos, normativos y de sostenibilidad.
* Analizar y reportar periódicamente los avances, riesgos e indicadores de gestión social, proponiendo acciones de mejora para fortalecer el relacionamiento comunitario.
* Ejecutar otras funciones afines al cargo que le sean asignadas por su jefatura inmediata.
### **Alpayana**


#### **Minería**


**Perú, Lima, Lima**
Somos Alpayana, un grupo minero comprometido con realizar minería sostenible aportando favorablemente a nuestro entorno en cada acción que realicemos. Nuestras unidades mineras Americana, Iscaycruz, Yauliyacu y Morococha se encuentran ubicadas en Lima y Junín.",,https://pe.indeed.com/cmp/Alpayana,,,,,,,,,,,,,"""Sociologia"""
li-4447432243,linkedin,https://www.linkedin.com/jobs/view/4447432243,,Data Analyst,Colectivo23,"Lima, Peru",2026-07-31,fulltime,,,,,,False,not applicable,Information Technology,,,"En Colectivo23 somos una Escuela Ejecutiva que forma talento extraordinario en Latam. Trabajamos con programas especializados 100% learner\-centric, diseñados y liderados por profesionales referentes de diversas industrias. En este rol nos enfocamos en centralizar, procesar y analizar la información de nuestros estudiantes para convertirla en reportes e indicadores confiables que impulsen decisiones estratégicas y operativas en las distintas áreas. El/la Analista de Datos apoyará la implementación de requerimientos de la plataforma desde la perspectiva de datos, asegurando calidad, trazabilidad y consistencia de la información para que equipos educativos, producto y operación puedan medir impacto, detectar oportunidades y mejorar continuamente la experiencia del estudiante.
   

  

**Funciones Principales**
* Centralizar y analizar la información de Operaciones: calidad de servicio, perfil del


 estudiante y datos comerciales.
   

  

* Apoyar en la extracción y consolidación de información desde las bases de datos actuales de la empresa.
* Automatizar procesos de reportería, validación de datos y generación de indicadores recurrentes (mensuales/semanales).
* Desarrollar consultas SQL y análisis que soporten el Business Performance Review y otros reportes de gestión.
* Dar seguimiento a indicadores de calidad (NPS, dropout/deserción), perfil del estudiante y desempeño operativo/comercial.
* Elaborar dashboards e informes ejecutivos para Operaciones y Estrategia
* Brindar soporte analítico, atendiendo requerimientos puntuales de información.
* Coordinar procesos de datos con las áreas internas para asegurar que los reportes cubran las necesidades del equipo.
* Documentar procesos y fuentes de datos para asegurar la continuidad del análisis.
* Proporcionar la estructura de indicadores requerida para que los reportes de la nueva plataforma sean consistentes.


**Requisitos y perfil**
 Formación y experiencia (obligatorio)
   

  

* Profesional en Ingeniería, Estadística, Economía, Administración, Sistemas o carreras afines.
* Experiencia mínima de 2 a 3 años en análisis de datos.
* Experiencia o conocimiento comprobable en manejo de información de operaciones,


 calidad de servicio o experiencia del cliente/estudiante.
   

  

* Experiencia intermedia en consultas de datos,


 automatización de reportes y consolidación de información.
   

  

* Experiencia construyendo o dando seguimiento a indicadores de calidad, satisfacción (NPS),


 deserción/dropout o desempeño operativo.
   

  

* Deseable experiencia en empresas que operen en varios países de LATAM con datos fragmentados por país o unidad de negocio. (no excluyente)


**Conocimientos técnicos (obligatorio)**
* Excel avanzado.
* SQL Intermedio\-Avanzado para extracción y análisis de información.
* Looker Studio, Power BI, Tableau o Google Sheets (avanzado) para creación de dashboards.
* Python básico o intermedio \- deseable (no para arquitectura de datos ni automatizaciones complejas)
* Nociones de modelado de datos básico \- intermedio.
* Deseable conocimiento en Google BigQuery.
* Valorable conocimiento de plataformas LMS o de gestión educativa.


**Beneficios**
 En
 **Colectivo23** 
 fomentamos un ambiente laboral que potencia el crecimiento personal y profesional. Algunos de nuestros beneficios incluyen:
   

  

* Flexibilidad en horarios y trabajo híbrido.
* EPS cubierta al 100%.
* Integración con un equipo de profesionales apasionados por la transformación educativa.","Technology, Information and Internet and Information Technology & Services",https://pe.linkedin.com/school/colectivo23/,https://media.licdn.com/dms/image/v2/D4E0BAQERnR4W2SxN_A/company-logo_100_100/company-logo_100_100/0/1713804247572?e=2147483647&v=beta&t=rtws6gt1NCNygUPYEx0zulb3OxgqPtrKSf_1wdPlQiQ,,,,,,,,,,,,"""Sociologia"""
li-4446817342,linkedin,https://www.linkedin.com/jobs/view/4446817342,,Head of Operations & Customer Experience,Cabify,"Lima, Peru",2026-07-29,fulltime,,,,,,False,director,Management and Manufacturing,,,"**¿Quieres cambiar el mundo?**
 En Cabify creemos que una nueva forma de movilidad urbana es posible. Un ecosistema que permita tener menos coches privados en las calles, vehículos más sostenibles y rutas más eficientes.
   

  

 Ciudades en las que sus calles estén pensadas por y para las personas, y no para los coches. Productos y servicios que, mediante alternativas de movilidad sostenibles y eficientes, generen valor económico, social y medioambiental.
   

  

 Y no solo es que creamos en ello, sino que trabajamos la magia para hacerlo posible. Si compartes con nosotros el mismo propósito, sigue leyendo porque… ¡Este es tu sitio!
   

  

**Sobre el puesto:**
 Como Head of Operations \& Customer Experience tendrás la responsabilidad de liderar una de las áreas más estratégicas del negocio en Perú, asegurando los más altos estándares de calidad, eficiencia y experiencia para riders, drivers y clientes corporativos y habilitando crecimiento y rentabilidad desde la construcción de nuevos modelos operativos.
   

  

 Buscamos un perfil con visión estratégica, obsesión por el cliente y capacidad para liderar equipos y operaciones en entornos dinámicos, de alta exigencia y crecimiento acelerado.
   

  

**¿Cómo nos ayudarás a cumplir nuestra misión?**
 Serás responsable de liderar y evolucionar el departamento de Customer Operations \& Customer Experience, impulsando:
   

  

* La planificación, estructuración y optimización de las operaciones alineadas a los objetivos del negocio y roadmap de la compañía
* La estandarización y mejora continua de procesos internos, promoviendo eficiencia y escalabilidad
* La excelencia en la experiencia de todas nuestras audiencias: Riders, Drivers, Flotas y Clientes
* La estrategia y ejecución de Customer Support, garantizando altos niveles de servicio y retención
* La construcción de modelos operativos y marcos analíticos que permitan tomar decisiones ágiles
* La coordinación transversal con stakeholders locales y globales
* El desarrollo de relaciones sólidas con partners y proveedores estratégicos
* El liderazgo, desarrollo y crecimiento de equipos de alto desempeño
* El cumplimiento de estándares globales y regulaciones locales vinculadas a la operación


**¿Qué buscamos?**
* Afinidad con nuestros principios
* Formación en Ingeniería, Administración o carreras afines. Se valorará postgrado.
* Entre 7 y 10 años de experiencia en Operaciones, Customer Experience o áreas relacionadas
* Experiencia liderando equipos multidisciplinarios y estructuras complejas
* Conocimiento sólido en operaciones, procesos, mejora continua, calidad y experiencia del cliente
* Experiencia implementando y optimizando procesos operativos de alto impacto
* Perfil customer centric y orientado a resultados operando con ambición, agilidad y accountability
* Alta capacidad analítica y experiencia tomando decisiones basadas en data
* Pensamiento crítico, visión estratégica y mentalidad de negocio
* Experiencia previa en startups, compañías tech o entornos de hipercrecimiento será altamente valorada
* Conocimiento financiero y experiencia gestionando P\&L será considerado un plus
* Conocimiento y aplicación de herramientas de IA, automatización y mejora de procesos. Será considerado un plus para la posición.


**Ahora viene lo bueno:**
 Somos una empresa llena de gente feliz y motivada... ¡y no queremos que eso cambie! Aquí te mostramos algunas razones por las que te encantará formar parte de la familia Cabify.
   

  

 🏥Seguro de salud privado y oncológico cubierto al 100%
   

  

 💸Crédito mensual para testear nuestra App de Cabify
   

  

 🤸Horario y forma de trabajo ¡flexibles!
   

  

 🎉Eventos divertidos para disfrutar junto a tu equipo
   

  

 👩🏽‍🎓Programas de desarrollo personal y profesional
   

  

**¡Únete a nosotros!**
 Cabify se enorgullece de ser un lugar de trabajo con igualdad de oportunidades. Celebramos la diversidad y estamos comprometidos con crear un entorno inclusivo para todas las personas, independientemente de su origen, género, religión, orientación, edad o capacidad. ¡Únete a nosotros!",Software Development,https://es.linkedin.com/company/cabify,https://media.licdn.com/dms/image/v2/C4D0BAQFYd_mpRkf20Q/company-logo_100_100/company-logo_100_100/0/1631081255376/cabify_logo?e=2147483647&v=beta&t=I55nwXY9crFSqC8V-ZcND_c8d6E1bASLd8gqR4VKN4I,,,,,,,,,,,,"""Sociologia"""
li-4437773320,linkedin,https://www.linkedin.com/jobs/view/4437773320,,Director of Corporate Strategy and Partnerships for Latin America,Operation Smile,"La Victoria, Peru",2026-07-28,fulltime,,,,,,True,executive,Business Development and Sales,,,"**Director of Corporate Strategy and Partnerships– Latin America (LAC)**
**Location:** 
 Remote in Brazil, Mexico, Colombia, Peru, Guatemala, Honduras, Bolivia
   

  

**Travel:** 
 Up to 25% Travel Required
   

  

**Language Requirements:** 
 Must be fluent in English and Spanish
   

  

**Application Requirements:** 
 Cover Letter required, ideal CV or Resume length \- 1 page
   

  

**Director of Corporate Strategy and Partnerships– Latin America (LAC)**
**Position Summary**
 The Director of Corporate Strategy and Partnerships for Latin America leads the end\-to\-end development strategy and execution across the region, with a primary focus on regional and global corporate partnerships and full responsibility for delivering the region’s Proof of Concept project, revenue growth, donor stewardship, country support, and operational alignment.
   

  

 The role combines senior strategic leadership with hands\-on execution, working in close partnership with Executive Directors in each LAC country (Brazil, Mexico, Colombia, Peru, Guatemala, Honduras, Bolivia) and multiple global teams.
   

  

 This position ensures that regional plans turn into real results: accurate projections, strong donor relationships, aligned reporting, quality program delivery, and consistent revenue growth.
   

  

**Core Responsibilities** 
  

  

* Regional Proof of Concept project
* Lead the design and execution of a structured Market Readiness and Strategic Prospecting Test to evaluate corporate fundraising viability across the LAC region.
* Define and apply clear qualification criteria (capacity, alignment, decision\-making authority) to identify and prioritize high\-potential corporate prospects.
* Build and manage a disciplined corporate pipeline, tracking leading indicators such as access rates, meeting conversion, stakeholder expansion, and proposal invitations.
* Develop and activate credible entry strategies, leveraging board networks, peer introductions, regional connectors, and strategic partnerships to secure senior\-level access.
* Drive progression of qualified opportunities from first engagement through proposal stage, ensuring focus on meaningful, multi\-year partnership potential.
* Monitor and report on weighted pipeline value, conversion metrics, and resource efficiency, linking investment inputs to measurable traction outcomes.
* Collaborate with global and regional colleagues to align value propositions, partnership models, and executive engagement strategies.
* Provide structured market insights and evidence\-based recommendations to senior leadership on whether to scale, refine, or reallocate investment within the region.
* Corporate Partnerships
* Manage and grow strategic regional partners: Colgate, J\&J, Latter\-day Saints, Stryker, DHL, Linde/White Martins, Cisco, Sika, Scotiabank, Microsoft, and others.
* Coordinate multi\-country execution of:
+ Donor visits.
+ Employee engagement workshops
+ Cause\-marketing campaigns
+ Cash and GIK commitments
+ Program support and reporting

* Lead donor meetings, negotiations, and business development conversations—often directly at C\-suite or VP level.
* Ensure each country executes partner agreements consistently and with high quality.
* Troubleshoot operational issues (logistics, timelines, reporting, invoices, finance classification, program implementation).
* Revenue Growth, Forecasting \& Pipeline Management
* Create monthly revenue reports comparing:
+ projections vs. actuals
+ cash vs. liabilities
+ donor by donor performance
+ country performance vs. targets

* Analyze historical revenue trends for each country and use these insights to guide planning.
* Identify risks and gaps early, and coordinate interventions with country teams to close those gaps.
* Cross\-Functional Regional Leadership
* Partner with Finance to clarify revenue classification and ensure accurate monthly reporting.
* Work with Marketing/Communications on:
+ Corporate visibility
+ Proposals
+ Impact reports
+ Branding alignment
+ Websites and digital content

* Collaborate with Legal and HR as needed for partnerships, volunteer programs, and regional planning.


**Qualifications**
**Qualifications**
* 10–15\+ years in fundraising, corporate partnerships, or business development across multinational or health/NGO sectors.
* Strong experience managing multi\-country portfolios and C\-level relationships.
* Experience of running a proof of concept project across markets.
* Proven ability to lead strategy and execute operationally.
* Financial analysis and forecasting expertise.
* English and Spanish fluency; Portuguese preferred.


**Why Operation Smile?**
**Meaningful Work \-** 
 At Operation Smile, you will engage in meaningful work that transforms lives, providing essential medical care to children and contributing to global health and well\-being.
   

  

**A Brighter Future \-** 
 Make saving for the future easy with Operation Smile’s 401(k) plan, featuring Safe Harbor and employer matching.
 *Cha\-ching!*
**Happy and Healthy \-** 
 Kick back and relax with Operation Smile's all\-in\-one health plans! We've got your health, pharmacy, dental, and vision needs covered for you and your loved ones. No worries, just smiles!
   

  

**Worry\-Free Insurance \-** 
 Enjoy true peace of mind with 100% paid premiums for life and AD\&D insurances. We've got you covered, no matter what!
   

  

**Take Your Time (Off) \-** 
 Flexible time off and celebrate with company\-paid holidays! More time for fun and relaxation.
   

  

**Work it, Flex it \-** 
 Enjoy flexible work arrangements that fit your lifestyle, with remote, on\-site, and hybrid work arrangements.
   

  

**Travel Minus Stress \-** 
 See the world through our unique employee programs, which offer opportunities to participate in international medical trips, community outreach, and global health initiatives",Non-profit Organizations,https://www.linkedin.com/company/operation-smile,https://media.licdn.com/dms/image/v2/D560BAQFlhnKcr42-aQ/company-logo_100_100/B56Z3ewscWGUAI-/0/1777558800481/operation_smile_logo?e=2147483647&v=beta&t=NRT1HgfzXv5GSAL1JLbPjyL_E6k2oOfU0n8B0iz4OxU,,,,,,,,,,,,"""Sociologia"""
li-4446163902,linkedin,https://www.linkedin.com/jobs/view/4446163902,,"Especialista de Seguridad, Perú",International Justice Mission,"Lima, Peru",2026-07-28,fulltime,,,,,,False,mid-senior level,Other and Strategy/Planning,,,"Brinda apoyo operativo en la evaluación de riesgos, la orientación de la planificación de seguridad y la supervisión de la implementación de protocolos de seguridad para proteger al personal, los activos y las operaciones. Este puesto asegura la resiliencia organizacional mediante la anticipación de amenazas, el asesoramiento al liderazgo y el sostenimiento de una cultura de seguridad a través de análisis experto y respuesta coordinada.
 



  





**Descripción adicional del puesto** 



* Realizar evaluaciones de riesgos y vulnerabilidades en las áreas de programa actuales y potenciales, así como en actividades críticas; reportar los hallazgos al liderazgo de la oficina y recomendar medidas prácticas de mitigación y mejoras para reducir la exposición del personal al riesgo y fortalecer la seguridad operativa.
* Orientar el desarrollo y la implementación de planes de contingencia y protocolos de seguridad para garantizar la preparación y el cumplimiento de los estándares organizacionales.
* Asegurar que todo el personal de IJM comprenda y cumpla con los requisitos y procedimientos de reporte de incidentes. Realizar auditorías internas y revisiones posteriores a incidentes para determinar la efectividad de las medidas de seguridad y recomendar mejoras.
* Supervisar los despliegues en campo, los sistemas de control de acceso y las operaciones de seguridad del personal, asegurando la prestación constante de servicios de seguridad y apoyo operativo.
* Identificar necesidades de capacitación y organizar programas de concientización en seguridad para fortalecer las capacidades del personal y sostener una cultura de seguridad proactiva.
* Orientar al nuevo personal, pasantes, becarios, voluntarios y otros visitantes sobre temas de seguridad y protección relacionados con la oficina y las áreas del proyecto, incluyendo sesiones informativas de llegada.
* Asegurar el cumplimiento de la Política de Salvaguarda IJM, la Política de Protección contra la Explotación Sexual, el Abuso y el Acoso (PSEAA) y el Código de Ética; integrar la salvaguarda en evaluaciones de seguridad y planificación operativa.
* Priorizar la protección de niños, niñas y adolescentes y demás poblaciones vulnerables; colaborar con Programas y RR.HH. en prevención, detección, reporte y gestión de incidentes de salvaguarda; apoyar sensibilización y capacitación a personal y socios.



  





**Requisitos y experiencia** 



* Título universitario en Seguridad, Ciencias Policiales o Militares, Gestión de Riesgos, Relaciones Internacionales, Administración u otra disciplina relevante.
* Posgrado o certificaciones en seguridad integral, gestión de riesgos, seguridad corporativa o idealmente ONG , protección humanitaria o afines (deseable)
* Mínimo 5 años de experiencia gestionando operaciones de seguridad, preferiblemente en organizaciones internacionales u ONG; y experiencia gestionando programas de seguridad operativa y corporativa;
* Conocimiento sólido de salvaguarda, protección infantil y PSEAA; familiaridad con marcos de compliance y gobernanza.
* Capacidad demostrada para diseñar, implementar y revisar operaciones tácticas de seguridad en campo;
* Experiencia analizando amenazas, riesgos y vulnerabilidades de seguridad en Perú;
* Experiencia en gestión de crisis;
* Experiencia trabajando en un entorno multidisciplinario y multicultural;
* Sólidas habilidades de comunicación oral y escrita;
* Se prefiere nivel intermedio de inglés;
* Conocimiento profesional de trabajo de MS Office;
* Licencia de conducir vigente.
* Este puesto puede requerir viajes frecuentes dentro de Perú y también puede requerir algunos viajes al exterior.



  





**Aplicación** 




 Por favor enviar una carta de aplicación explicando su interés de trabajar en IJM (colocar pretensión salarial) y CV en un mismo documento, a través del botón
 **Solicitud sencilla.**




  





*IJM mantiene principios estrictos de salvaguarda y una tolerancia cero respecto a las violaciones de la Política de Salvaguarda, la Política de Protección contra la Explotación Sexual, el abuso y el Acoso y el Código de Ética.* 




  





*La selección de candidatos se basa en criterios de competencia técnica, reclutamiento, selección y contratación sujetos a la evaluación de la congruencia de los valores del candidato y a exhaustivos procesos de verificación de antecedentes, récords policiales y referencias.*",Law Enforcement,https://www.linkedin.com/company/international-justice-mission,https://media.licdn.com/dms/image/v2/C560BAQHmoTwfHW5jjQ/company-logo_100_100/company-logo_100_100/0/1630592986958/international_justice_mission_logo?e=2147483647&v=beta&t=R7ou6oHLdhWi1nJzuBKcr6Wucd-0OAXifg6w5RdEcZI,,,,,,,,,,,,"""Sociologia"""
li-4445933646,linkedin,https://www.linkedin.com/jobs/view/4445933646,,02 Promotores de Crédito Grupal / Agencia Santa Rosa,Compartamos Banco Perú,"Tacna, Tacna, Peru",2026-07-27,fulltime,,,,,,False,entry level,Finance and Sales,,,"¡COMPARTAMOS FINANCIERA BUSCA TALENTOS COMO TÚ!
   

  

 Somos una empresa del Grupo Gentera, especializada en microfinanzas y uno de los mejores lugares para trabajar en el Perú, según Great Place to Work Institute. Continuamos creciendo a nivel nacional, por eso buscamos personal altamente calificado. Postula y únete a este gran equipo que trabaja poniendo a las personas en el centro de todas sus acciones.
   

  

 Puesto: 02 PROMOTORES DE CRÉDITO GRUPAL \- AGENCIA SANTA ROSA
   

  

 ¿A QUIÉN BUSCAMOS?
   

  

* Estudiante técnico/universitario (del último año, egresado y/o trunco) de las carreras de: Administración, Economía, Contabilidad, Sociología, Psicología, Educación, Ingeniería Industrial o carreras afines.
* Técnicos a partir del 5to ciclo o Universitarios desde el 9no ciclo en adelante.
* Deseable experiencia en labor de campo en cargos similares como atención al cliente y/o ventas. (no indispensable)


 ¿CUÁLES SERÁN TUS PRINCIPALES RESPONSABILIDADES?
   

  

* Fortalecer la venta de productos de Crédito Grupal en campo, cumpliendo los lineamientos de la empresa para generar valor social, económico y humano.
* Difundir y captar clientes en el mercado objetivo. (trabajo de campo)
* Realizar actividades de promoción para colocación de créditos.
* Brindar un servicio personalizado de calidad.
* Participar y destacar en el Programa de Formación CG.


 ¿QUÉ BUSCAMOS EN TI?
   

  

* Proactividad.
* Trabajo en equipo.
* Orientación a los resultados.
* Capacidad de adaptarse a los cambios.


 ¿QUÉ OFRECEMOS?
   

  

* Remuneración acorde al mercado.
* Variable por cumplimiento de metas.
* Ingreso a planilla con todos los beneficios de ley desde el primer día de gestión.
* Movilidad.
* Se ofrece una amplia línea de carrera (Desarrollo profesional)
* EPS.
* Grato ambiente laboral.
* Seguro de vida desde el primer día de trabajo.
* Beneficios corporativos.


 ¡Atrévete a un cambio y forma parte de nuestra gran familia Compartamos!
   

  

 “La presente convocatoria es aplicable a personas con discapacidad, en conformidad a lo establecido en la Ley N° 29973, Ley de la Persona con Discapacidad y su Reglamento.”",Financial Services,https://pe.linkedin.com/company/compartamosbancoperu,https://media.licdn.com/dms/image/v2/D4E0BAQHUhv9XVEWBlg/company-logo_100_100/B4EZVbZxUwGYAQ-/0/1740995237657/compartamosbancoperu_logo?e=2147483647&v=beta&t=HL32UE74Ue0xhneGFUTeKiOi26YghW6O5QXdAErAehk,,,,,,,,,,,,"""Sociologia"""
li-4445616488,linkedin,https://www.linkedin.com/jobs/view/4445616488,,Ejecutivo de ventas BBVA/ Planilla completa + Bonos semanales+ Comisiones Sin limites,Grupo Impulsate,"Rímac, Peru",2026-07-26,fulltime,,,,,,False,entry level,Sales and Business Development,,,"**¡Únete a Tcontakto y conecta con tu lado más comercial!**
 En Tcontakto, somos líderes en el rubro BPO y creamos conexiones excepcionales entre grandes marcas y sus consumidores. Nos mueve la innovación, la pasión y el dinamismo. ¡Hoy queremos que sumes tu talento a nuestro equipo para representar a dos gigantes financieros: BBVA y Scotiabank!
   

  

**Ejecutivo(a) de Ventas Call Center – Tarjetas de Crédito BBVA y Scotiabank**
**FUNCIONES**
* Contactar clientes para ofrecer tarjetas de crédito BBVA y Scotiabank
* Identificar las necesidades del cliente y brindar una asesoría adecuada
* Cumplir con los objetivos de ventas establecidos
* Registrar la información de las gestiones realizadas


**REQUISITOS**
* Secundaria completa
* Experiencia mínima de 6 meses en Call Center, ventas o atención al cliente
* Excelente comunicación y habilidades de negociación
* Disponibilidad para trabajar de manera presencial
* Peruanos o extranjeros con Carné de Extranjería vigente
* No registrar mala calificación en el sistema financiero


**Beneficios**
* Sueldo fijo: S/ 1,130
* Planilla completa desde el primer día
* Asignación Familiar
* Comisiones ilimitadas: ingresos promedio S/ 600 \- S/ 1,500, sin tope, desde el primer mes
* Bonos e incentivos por desempeño
* Capacitación remunerada: S/ 20 por día (4 días)
* Pago desde el primer día trabajado
* Línea de carrera y oportunidad de crecimiento


**Horario**
* Lunes a viernes: 9:00 a.m. – 6:00 p.m.
* Sábados: 9:00 a.m. – 3:00 p.m.
* Domingos: descanso


**Lugar de trabajo**
 Centro de Lima – Edificio del Hotel Crillón (Av. Nicolás de Piérola con Av. Tacna)
   

  

**¡Postula ahora!** 
 Únete a un equipo íntegro y comprometido con la excelencia operativa, donde tu esfuerzo se traduce directamente en excelentes ingresos.",Human Resources Services,https://pe.linkedin.com/company/grupo-impulsate,https://media.licdn.com/dms/image/v2/D4E0BAQH2mtU3MkAkMw/company-logo_100_100/B4EZsik8Z4KMAY-/0/1765811669810?e=2147483647&v=beta&t=h20ze2vyF-grhFdGvnHxlIhadEbjCqN8e8bbt3oU4yQ,,,,,,,,,,,,"""Sociologia"""
li-4445280419,linkedin,https://www.linkedin.com/jobs/view/4445280419,,Promotor de Crédito/ Zona de Juliaca,Compartamos Banco Perú,"Juliaca, Puno, Peru",2026-07-25,fulltime,,,,,,False,entry level,Marketing and Sales,,,"**¡COMPARTAMOS BANCO BUSCA TALENTOS COMO TÚ!**
 Somos una empresa del Grupo Gentera, especializada en microfinanzas y uno de los mejores lugares para trabajar en el Perú, según Great Place to Work Institute. Continuamos creciendo a nivel nacional, por eso buscamos personal altamente calificado. Postula y únete a este gran equipo que trabaja poniendo a las personas en el centro de todas sus acciones.
   

  

 Puesto: ASESOR EN FORMACIÓN CRÉDITO GRUPAL \- ZONA DE JULIACA
   

  

**¿A QUIÉN BUSCAMOS?**
* Estudiante técnico/universitario (del último año, egresado y/o trunco) de las carreras de: Administración, Economía, Contabilidad, Sociología, Psicología, Educación, Ingeniería Industrial o carreras afines.
* Técnicos a partir del 5to ciclo o Universitarios desde el 9no ciclo en adelante.
* Deseable experiencia en labor de campo en cargos similares como atención al cliente y/o ventas. (no indispensable)


**¿CUÁLES SERÁN TUS PRINCIPALES RESPONSABILIDADES?**
* Fortalecer la venta de productos de Crédito Grupal en campo, cumpliendo los lineamientos de la empresa para generar valor social, económico y humano.
* Difundir y captar clientes en el mercado objetivo. (trabajo de campo)
* Realizar actividades de promoción para colocación de créditos.
* Brindar un servicio personalizado de calidad.
* Participar y destacar en el Programa de Formación CG.


**¿QUÉ BUSCAMOS EN TI?**
* Proactividad.
* Trabajo en equipo.
* Orientación a los resultados.
* Capacidad de adaptarse a los cambios.


**¿QUÉ OFRECEMOS?**
* Remuneración acorde al mercado.
* Variable por cumplimiento de metas.
* Ingreso a planilla con todos los beneficios de ley desde el primer día de gestión.
* Movilidad.
* Se ofrece una amplia línea de carrera (Desarrollo profesional)
* EPS.
* Grato ambiente laboral.
* Seguro de vida desde el primer día de trabajo.
* Beneficios corporativos.


***¡Atrévete a un cambio y forma parte de nuestra gran familia Compartamos!***
 “La presente convocatoria es aplicable a personas con discapacidad, en conformidad a lo establecido en la Ley N° 29973, Ley de la Persona con Discapacidad y su Reglamento.”",Financial Services,https://pe.linkedin.com/company/compartamosbancoperu,https://media.licdn.com/dms/image/v2/D4E0BAQHUhv9XVEWBlg/company-logo_100_100/B4EZVbZxUwGYAQ-/0/1740995237657/compartamosbancoperu_logo?e=2147483647&v=beta&t=HL32UE74Ue0xhneGFUTeKiOi26YghW6O5QXdAErAehk,,,,,,,,,,,,"""Sociologia"""
li-4445346064,linkedin,https://www.linkedin.com/jobs/view/4445346064,,"(Ceres, Ate) Trabajo de Campo / Asesor Formación de Crédito Grupal",Compartamos Banco Perú,"Ate, Peru",2026-07-25,fulltime,,,,,,False,mid-senior level,Finance and Sales,,,"¡COMPARTAMOS BANCO BUSCA TALENTOS COMO TÚ!
   

  

 Somos una empresa del Grupo Gentera, especializada en microfinanzas y uno de los mejores lugares para trabajar en el Perú, según Great Place to Work Institute. Continuamos creciendo a nivel nacional, por eso buscamos personal altamente calificado. Postula y únete a este gran equipo que trabaja poniendo a las personas en el centro de todas sus acciones.
   

  

**Puesto**
* Asesor Formación de Crédito Grupal \- Agencia Ceres, Zona de atención: CERES


**Funciones**
* Identificar clientes potenciales mediante la promoción en la zona de influencia, dando a conocer los productos, planeando y documentando las actividades realizadas acorde a los procedimientos establecidos en la institución.
* Impartir a los Grupos que obtendrán un crédito grupal el taller de Educación Financiera.
* Promocionar los productos adicionales que se pueden obtener como beneficio de ser clienta de Crédito Súper Mujer.
* Conocer y aplicar las políticas, normas y procedimientos establecidos en el MANUAL PARA LA PREVENCIÓN DEL LAVADO DE ACTIVOS Y DEL FINANCIAMIENTO DEL TERRORISMO.


 Perfil
   

  

* Formación: Estudios técnicos o universitarios truncos en antropología, sociología, trabajo social, psicología, educación; carreras administrativas o carreras afines.
* Experiencia: Experiencia de 3 meses en trabajo de campo: como preventista, promotor de ventas, o haber participado en actividades de encuestadoras o similares.
* Conocimientos: Office a nivel usuario.
* Disponibilidad para trabajo de campo.


 Beneficios
   

  

* Sueldo básico.
* Variable por cumplimiento de metas.
* Movilidad.
* Excelente clima laboral.
* Línea de carrera según desempeño.
* EPS.
* Seguro de vida desde el primer día de trabajo.
* Beneficios corporativos.


 “La presente convocatoria es aplicable a personas con discapacidad, en conformidad a lo establecido en la Ley N° 29973, Ley de la Persona con Discapacidad y su Reglamento"".",Financial Services,https://pe.linkedin.com/company/compartamosbancoperu,https://media.licdn.com/dms/image/v2/D4E0BAQHUhv9XVEWBlg/company-logo_100_100/B4EZVbZxUwGYAQ-/0/1740995237657/compartamosbancoperu_logo?e=2147483647&v=beta&t=HL32UE74Ue0xhneGFUTeKiOi26YghW6O5QXdAErAehk,,,,,,,,,,,,"""Sociologia"""
li-4444442602,linkedin,https://www.linkedin.com/jobs/view/4444442602,,Gerente de Riesgos,Coopac Santo Domingo de Guzmán,"Cusco, Cusco, Peru",2026-07-23,fulltime,,,,,,False,mid-senior level,Finance and Sales,,,"Somos Una Institución Sólida Con Más De 55 Años De Servicio, Que Brinda Óptimas Soluciones Financieras a Nuestros Socios, Alineando Nuestros Esfuerzos a Sus Necesidades, Con Productos y Servicios Competitivos Con Responsabilidad Social. Nos Encontramos En La Búsqueda Del Mejor Talento Para Cubrir La Posición De
   

  

 GERENTE DE RIESGOS \- CUSCO
   

  

 Código: GR \-RIEG
   

  

**Funcion Principal**
 Gestionar los riesgos crediticios, financieros, operativos, a los que se encuentra expuesta la Cooperativa, así como como los procesos de gestión de seguridad de la información y continuidad del negocio, a través del apoyo y asistencia a todas las unidades organizacionales de la cooperativa, dentro de los parámetros y políticas establecidas de acuerdo con la normatividad vigente.
   

  

**Requisitos Mínimos**
* Formación académica: Titulado en economía, finanzas, contabilidad, administración, ingeniería o carreras relacionadas al cargo.
* Grado académico: Haber obtenido el grado de bachiller o título profesional en economía, finanzas, contabilidad, administración, ingeniería en especialidades afines a las antes mencionadas; de no ser el caso, acreditar estudios concluidos de maestría o doctorado en alguna de dichas profesiones o especialidades.
* Especialización: Con al menos dos de las siguientes especializaciones:
* Gestión integral de riesgos.
* Gestión de riesgo crediticio.
* Gestión de riesgo de liquidez y mercado.
* Gestión de riesgo operacional.
* Gestión de riesgo de seguridad de la información, continuidad de negocio.
* Manejo de paquetes estadísticos.
* Normas nacionales e internacionales relacionadas a la gestión de riesgos y microfinanzas.
* Normas regulatorias que rigen el sistema cooperativo y financiero.
* Experiencia profesional: Tener experiencia en cargos de nivel gerencial o directivo de dos (2\) años en los últimos ocho (8\) años, en empresas o instituciones con ingresos anuales mayores a 850 UIT, o Tener experiencia en cargos de nivel gerencial o directivo de tres (3\) años, en los últimos ocho (8\) años en cooperativas de ahorro y crédito, empresas o instituciones vinculadas con el sistema financiero. Se puede acreditar los años de experiencia antes mencionados en cargos de responsabilidad en la propia Cooperativa.
* Competencias del cargo: Capacidad para planificación, análisis, solución de problemas, organización, habilidades de comunicación, tolerancia al estrés y pensamiento estratégico.
* Conocimientos en ofimática: Word, Excel y Power Point (Nivel intermedio)
* Mantener una adecuada situación crediticia.


**Disponibilidad para trabajar en la ciudad del Cusco.**
 Los interesados presentar su CURRÍCULUM VITAE DOCUMENTADO en la Agencia Cusco de la COOPAC\-SDG, Av. Sol Nº415\. Colocar el Código o nombre del puesto al que postula, hasta el 21 de octubre
   

  

 ""Conforme a la Ley 29973, Ley General de la Persona con Discapacidad, la contratación de personas con discapacidad debe ser del 3% del total de trabajadores, por lo que en la presente convocatoria se observará el cumplimiento de este mandato legal""
   

  

 Cooperativa de Ahorro y Crédito Santo Domingo de Guzmán de responsabilidad limitada RUC 20116703263",Banking,https://pe.linkedin.com/company/coopacsantodomingo,https://media.licdn.com/dms/image/v2/C4D0BAQGthRrNAb0TtA/company-logo_100_100/company-logo_100_100/0/1630544659742?e=2147483647&v=beta&t=DAwOLJiDBuNwhuoMIV8iJrn68y6pY0bH-_2O_Z2Dgyo,,,,,,,,,,,,"""Sociologia"""
li-4444234831,linkedin,https://www.linkedin.com/jobs/view/4444234831,,"(Óvalo Santa Elena, Chiclayo) Asesor Formación de Crédito Grupal",Compartamos Banco Perú,"Chiclayo, Lambayeque, Peru",2026-07-23,fulltime,,,,,,False,mid-senior level,Finance and Sales,,,"¡COMPARTAMOS BANCO BUSCA TALENTOS COMO TÚ!
   

  

 Somos una empresa del Grupo Gentera, especializada en microfinanzas y uno de los mejores lugares para trabajar en el Perú, según Great Place to Work Institute. Continuamos creciendo a nivel nacional, por eso buscamos personal altamente calificado. Postula y únete a este gran equipo que trabaja poniendo a las personas en el centro de todas sus acciones.Puesto
   

  

**Asesor en Formación de Crédito Grupal \- CN Santa Elena (Por el óvalo Santa Elena, frente al colegio Naylamp) \- Chiclayo.**
 Funciones
   

  

* Identificar clientes potenciales mediante la promoción en la zona de influencia, dando a conocer los productos, planeando y documentando las actividades realizadas acorde a los procedimientos establecidos en la institución.
* Impartir a los Grupos que obtendrán un crédito grupal el taller de Educación Financiera.
* Promocionar los productos adicionales que se pueden obtener como beneficio de ser clienta de Crédito Súper Mujer.
* Conocer y aplicar las políticas, normas y procedimientos establecidos en el MANUAL PARA LA PREVENCIÓN DEL LAVADO DE ACTIVOS Y DEL FINANCIAMIENTO DEL TERRORISMO.


 Perfil
   

  

* Formación: Estudios técnicos o universitarios truncos en antropología, sociología, trabajo social, psicología, educación; carreras administrativas o carreras afines.
* Experiencia: Experiencia de 3 meses realizando trabajo de campo como: vendedor, asesor comercial o promotor de ventas.
* Conocimientos: Office a nivel usuario.
* Disponibilidad para trabajo de campo.


 Beneficios
   

  

* Sueldo básico.
* Variable por cumplimiento de metas.
* Movilidad.
* Excelente clima laboral.
* Línea de carrera según desempeño.
* EPS.
* Seguro de vida desde el primer día de trabajo.
* Beneficios corporativos.


 “La presente convocatoria es aplicable a personas con discapacidad, en conformidad a lo establecido en la Ley N° 29973, Ley de la Persona con Discapacidad y su Reglamento"".",Financial Services,https://pe.linkedin.com/company/compartamosbancoperu,https://media.licdn.com/dms/image/v2/D4E0BAQHUhv9XVEWBlg/company-logo_100_100/B4EZVbZxUwGYAQ-/0/1740995237657/compartamosbancoperu_logo?e=2147483647&v=beta&t=HL32UE74Ue0xhneGFUTeKiOi26YghW6O5QXdAErAehk,,,,,,,,,,,,"""Sociologia"""
li-4444228901,linkedin,https://www.linkedin.com/jobs/view/4444228901,,(Agencia Ferreñafe) Asesor en campo / Asesor en Formación de Crédito Grupal,Compartamos Banco Perú,"Ferreñafe, Lambayeque, Peru",2026-07-23,fulltime,,,,,,False,mid-senior level,Other,,,"¡COMPARTAMOS BANCO BUSCA TALENTOS COMO TÚ!
   

  

 Somos una empresa del Grupo Gentera, especializada en microfinanzas y uno de los mejores lugares para trabajar en el Perú, según Great Place to Work Institute. Continuamos creciendo a nivel nacional, por eso buscamos personal altamente calificado. Postula y únete a este gran equipo que trabaja poniendo a las personas en el centro de todas sus acciones.Puesto
   

  

 Asesor en Formación Crédito Grupal \- Agencia Ferreñafe
   

  

 Funciones
   

  

* Identificar clientes potenciales mediante la promoción en la zona de influencia, dando a conocer los productos, planeando y documentando las actividades realizadas acorde a los procedimientos establecidos en la institución.
* Impartir a los Grupos que obtendrán un crédito grupal el taller de Educación Financiera.
* Promocionar los productos adicionales que se pueden obtener como beneficio de ser clienta de Crédito Súper Mujer.
* Conocer y aplicar las políticas, normas y procedimientos establecidos en el MANUAL PARA LA PREVENCIÓN DEL LAVADO DE ACTIVOS Y DEL FINANCIAMIENTO DEL TERRORISMO.


 Perfil
   

  

* Formación: Estudios técnicos o universitarios truncos en antropología, sociología, trabajo social, psicología, educación; carreras administrativas o carreras afines.
* Experiencia: Experiencia de 3 meses realizando trabajo de campo como: vendedor, asesor comercial o promotor de ventas.
* Conocimientos: Office a nivel usuario.
* Disponibilidad para trabajo de campo.


 Beneficios
   

  

* Sueldo básico.
* Variable por cumplimiento de metas.
* Movilidad.
* Excelente clima laboral.
* Línea de carrera según desempeño.
* EPS.
* Seguro de vida desde el primer día de trabajo.
* Beneficios corporativos.


 “La presente convocatoria es aplicable a personas con discapacidad, en conformidad a lo establecido en la Ley N° 29973, Ley de la Persona con Discapacidad y su Reglamento"".",Financial Services,https://pe.linkedin.com/company/compartamosbancoperu,https://media.licdn.com/dms/image/v2/D4E0BAQHUhv9XVEWBlg/company-logo_100_100/B4EZVbZxUwGYAQ-/0/1740995237657/compartamosbancoperu_logo?e=2147483647&v=beta&t=HL32UE74Ue0xhneGFUTeKiOi26YghW6O5QXdAErAehk,,,,,,,,,,,,"""Sociologia"""
li-4441056681,linkedin,https://www.linkedin.com/jobs/view/4441056681,,Coordinador(a) de Investigación- UTP Huancayo,Trabaja en UTP,"Huancayo, Junín, Peru",2026-07-22,fulltime,,,,,,False,associate,"Education, Research, and Management",,,"La
 **Universidad Tecnológica del Perú** 
 , que forma parte del
 **Grupo Intercorp** 
 y es parte del ranking de las mejores empresas para trabajar en el Perú según
 **Great Place to Work\*** 
 , se encuentra en búsqueda del mejor talento para ocupar la posición de
 **“Coordinador(a) de Investigación a Tiempo Completo”** 
 para nuestro campus
 **Huancayo** 
 . A continuación, los detalles:
 



  





**¿A quiénes buscamos?** 



* Profesionales con grado de Maestría o Doctor. (Indispensable: contar con registro en SUNEDU).
* Registrado como investigador Renacyt (Deseable)
* Experiencia académica en programas de pre grado, postgrado y/o en investigación.
* Experiencia realizando publicaciones científicas y proyectos de investigación.
* Conocimiento en gestión de actividades relacionadas con Investigación.
* Nivel Intermedio de Microsoft Office.
* Disponibilidad para laborar de manera presencial en Huancayo.



  





**¿Qué funciones realizarías?** 



* Promover, controlar y supervisar las actividades de I\+D\+i en la universidad.
* Capacitar en los temas referidos a la investigación e investigación formativa de acuerdo a lo planificado, en coordinación con las áreas académicas y administrativas de la universidad.
* Promover la búsqueda y obtención de fondos para actividades de I\+D\+i y apoyar en la formulación de proyectos.
* Fomentar y facilitar la publicación de los resultados de los trabajos de investigación y proyectos I\+D\+i en revistas indizadas en Scielo, Scopus, Web of Science y libros.
* Monitorear los proyectos de I\+D\+i desarrollados por los grupos de investigación, así como atender las necesidades y los requerimientos de mismos.
* Sistematizar la información relevante para la investigación en correspondencia con las normativas de la universidad y la nación.
* Apoyar la articulación de la investigación con la docencia de las unidades académicas de la universidad, fomentando la participación de los estudiantes en proyectos aprobados.
* Velar por el cumplimiento de los indicadores de gestión de la actividad de I\+D\+i.
* Realizar informes semestrales sobre el cumplimiento de las actividades desarrolladas.
* Representar al Director de Investigación en asuntos de su competencia.
* Realizar otras funciones afines y/o complementarias que le asigne su Jefe Inmediato.



  





**¿Cuál sería tu horario de trabajo?** 



* Lunes a viernes de 09:00 – 18:00\.
* La Jornada se organiza en función de las necesidades del área, cumpliendo un máximo de 40 horas semanales.



  





**¿Por qué unirte a UTP?** 



* Atractivo salario: Reconocemos tu talento con una compensación por encima del mercado.
* Disfruta de todos los beneficios de ley que te corresponden por ingresar al corporativo, en planilla desde el primer día.
* Crecimiento profesional y capacitación constante: Desarrolla tu carrera en un entorno de aprendizaje continuo, con oportunidades de ascenso en UTP y Grupo Intercorp.
* Descuentos corporativos y educativos: Beneficios exclusivos Intercorp y descuentos en programas de postgrado y formación continua.
* Excelente clima laboral: Somos una empresa reconocida como Great Place To Work.
* Trabajar con un equipo altamente calificado dentro de una infraestructura moderna y equipada con la mejor tecnología.



  





 “La UTP es una universidad inclusiva y libre de discriminación, que respeta la diversidad y autenticidad de cada uno de los colaboradores.”
 



  





 ¡Más diversos, mejores equipos!
 



  





 \*Según resultados GPTW 2026",Higher Education,https://pe.linkedin.com/company/trabaja-en-utp,https://media.licdn.com/dms/image/v2/D4E0BAQH-o9fvVXZg-Q/company-logo_100_100/B4EZ6E79PbIkAM-/0/1780346770733/trabaja_en_utp_logo?e=2147483647&v=beta&t=D6bCCgjZ0eqibSw-N6DXJIzdh1MJuRYQTxFtay77CyU,,,,,,,,,,,,"""Sociologia"""
li-4437918170,linkedin,https://www.linkedin.com/jobs/view/4437918170,,Senior Policy Associate / Associate Policy Manager,Innovations for Poverty Action,,2026-07-21,fulltime,,,,,,False,mid-senior level,Other,,,"**Job Summary**
 IPA Peru has been leading field\-based randomized evaluations since 2003, with work spanning Peru and other Latin American countries without an IPA country office. The organization engages closely with key decision\-makers and conducts foundational research in education, gender\-based violence, social protection, financial inclusion, and health. A core component of IPA Peru's approach is supporting governments in integrating data and evidence into policymaking through initiatives such as Embedded Labs and other technical assistance projects. The Senior Policy Associate / Associate Policy Manager will join the Policy team, contributing to technical assistance activities, applied research, and evidence adaptation efforts in close coordination with government partners, donors, and researchers.
   

  

**Responsibilities**
**Technical Assistance Coordination (20%)**
* Coordinate with the IPA Peru Director, the Policy Manager, and government partners to carry out technical assistance activities.
* Lead the planning and monitoring of technical assistance activities for government partners to meet assigned objectives and deliverables.
* Lead the preparation of presentations and reports for donors and government partners.
* Lead periodic follow\-up meetings with the project team.


**Applied Research and Evidence Use (70%)**
* Guide the scoping and development of applied research projects (primarily RCTs) for government partners in collaboration with Principal Investigators.
* Lead the design of monitoring and learning systems for government partners' interventions and support their implementation.
* Lead the scoping of evidence adaptation and use projects to improve decision\-making.
* Support the development of funding proposals for applied research and evidence adaptation projects.
* Lead the development of policy products and the delivery of knowledge transfer to government partners' teams.


**Administration and Compliance (10%)**
* Work with administrative, human resources, and finance staff, ensuring compliance with IPA protocols across all processes.
* Work from the IPA Peru office or government partners' headquarters on assigned days and hours in Lima.


**Qualifications**
* Bachelor's degree in economics, political science, or other social science disciplines.
* At least 5 years of relevant work experience, with at least 2 years working in the public sector or closely coordinating with government.
* Experience preparing concept notes, policy briefs, and/or other communication materials for decision\-makers and donors.
* Knowledge of fundamental concepts of monitoring, evaluation, and learning, including theory of change and impact evaluation (RCTs preferred).
* Strong oral and written communication skills in Spanish and English.
* Confidence communicating with diverse audiences, including donors, researchers, and government staff.
* This is an in\-person position; candidates must live in Lima, Peru and have permission to work there.
* Master's degree in Public Policy, Development Studies, or a related field. (preferred)
* Knowledge and experience in scoping and designing new research, monitoring, or AI\-based projects. (preferred)
* Work experience leading or supporting research projects, with RCTs preferred. (preferred)
* Familiarity with the implementation and analysis of qualitative interviews. (preferred)
* Quantitative skills and knowledge of data management and analysis in Stata. (preferred)
* At least one year of experience working with innovation labs. (preferred)
* Excellent time management and organization skills; attention to detail; ability to work independently. (preferred)
* Ability to work in a team, lead small groups of staff, and report to supervisors. (preferred)
* Interest in gender or child development topics, as well as in AI and MEL for Government. (preferred)
* Work experience with, or knowledge of, Peru's Ministry of Women and Vulnerable Populations (MIMP), INDECOPI, or RENIEC. (preferred)


**Location**
 The duty station for this role is Lima, Peru. This is an in\-person position requiring attendance at the IPA Peru office and government partner headquarters (including MIMP and INDECOPI) on assigned days and hours. Candidates must reside in Lima and be legally authorized to work in Peru.
   

  

**Reports To**
 Policy Manager
   

  

**Deadline to Apply**
 July 15, 2026
   

  

**About IPA**
 Innovations for Poverty Action (IPA) is a research and policy nonprofit that discovers and advances what works to improve the lives of people living in poverty. IPA brings together researchers and decision\-makers to design, rigorously evaluate, and refine these solutions and their applications, ensuring that the evidence created is used to improve the lives of people living in poverty. In recent decades, trillions of dollars have been spent on programs designed to reduce global poverty, but clear evidence of which programs succeed is rare, and when evidence does exist, decision\-makers often do not know about it. IPA exists to bring together leading researchers and these decision\-makers to ensure that the evidence we create leads to a tangible impact on the world. Since its founding in 2002, IPA has worked with over 600 leading academics to conduct over 1,000 evaluations in 52 countries. This research has informed hundreds of successful programs that now impact millions of individuals worldwide.
   

  

**Safeguarding at IPA**
 At Innovations for Poverty Action (IPA), we are committed to creating a safe and respectful environment for all individuals, particularly children and vulnerable adults. As IPA adheres to strict safeguarding principles, selected candidates will be expected to adhere to these standards. By joining IPA, you become part of a team dedicated to ethical conduct, social responsibility, and meaningful impact in the fight against global poverty. Together, we work to create a better world where everyone has the opportunity to thrive with dignity and respect.","Hospitals and Health Care, Health and Human Services, and Mobile Computing Software Products",https://www.linkedin.com/company/innovationsforpovertyaction,https://media.licdn.com/dms/image/v2/C4E0BAQEfLFpgBY9akA/company-logo_100_100/company-logo_100_100/0/1675459500885/innovationsforpovertyaction_logo?e=2147483647&v=beta&t=iCmDydEvDOQCGGx-ENf-sK5f2U-YYqqJWJNSDb0btRM,,,,,,,,,,,,"""Sociologia"""
li-4443366941,linkedin,https://www.linkedin.com/jobs/view/4443366941,,Asesor(a) de Negocios en formación /Talara,Compartamos Banco Perú,"Pariñas, Piura, Peru",2026-07-21,fulltime,,,,,,False,entry level,"Consulting, Information Technology, and Sales",,,"¡COMPARTAMOS BANCO BUSCA TALENTOS COMO TÚ!
   

  

 Somos una empresa del Grupo Gentera, especializada en microfinanzas y uno de los mejores lugares para trabajar en el Perú, según Great Place to Work Institute. Continuamos creciendo a nivel nacional, por eso buscamos personal altamente calificado. Postula y únete a este gran equipo que trabaja poniendo a las personas en el centro de todas sus acciones.
   

  

 Puesto: ASESOR DE NEGOCIO CRÉDITO GRUPAL / TALARA
   

  

 ¿A QUIÉN BUSCAMOS?
   

  

* Estudiante técnico/universitario (del último año, egresado y/o trunco) de las carreras de: Administración, Antropología, Sociología, Economía, Trabajo Social, Contabilidad, Sociología, Psicología, Educación, Ingeniería Industrial o carreras afines.
* Técnicos a partir del 5to ciclo o Universitarios desde el 9no ciclo en adelante.
* Deseable experiencia mínima de 3 meses en labor de campo como promotor de ventas, encuestador y/o asesor de negocios. (no indispensable)


 ¿CUÁLES SERÁN TUS PRINCIPALES RESPONSABILIDADES?
   

  

* Fortalecer la venta de productos de Crédito Grupal en campo, cumpliendo los lineamientos de la empresa para generar valor social, económico y humano.
* Difundir y captar clientes en el mercado objetivo. (trabajo de campo)
* Realizar actividades de promoción para colocación de créditos.
* Brindar un servicio personalizado de calidad.


 ¿QUÉ BUSCAMOS EN TI?
   

  

* Proactividad.
* Trabajo en equipo.
* Orientación a los resultados.
* Capacidad de adaptarse a los cambios.


 ¿QUÉ OFRECEMOS?
   

  

* Remuneración acorde al mercado.
* Variable por cumplimiento de metas.
* Ingreso a planilla con todos los beneficios de ley desde el primer día de gestión.
* Movilidad.
* Se ofrece una amplia línea de carrera (Desarrollo profesional)
* EPS.
* Grato ambiente laboral.
* Seguro de vida desde el primer día de trabajo.
* Beneficios corporativos.
* Llenar la Ficha de datos adjunta en este aviso.


 ¡Atrévete a un cambio y forma parte de nuestra gran familia Compartamos!
   

  

 “La presente convocatoria es aplicable a personas con discapacidad, en conformidad a lo establecido en la Ley N° 29973, Ley de la Persona con Discapacidad y su Reglamento.”",Financial Services,https://pe.linkedin.com/company/compartamosbancoperu,https://media.licdn.com/dms/image/v2/D4E0BAQHUhv9XVEWBlg/company-logo_100_100/B4EZVbZxUwGYAQ-/0/1740995237657/compartamosbancoperu_logo?e=2147483647&v=beta&t=HL32UE74Ue0xhneGFUTeKiOi26YghW6O5QXdAErAehk,,,,,,,,,,,,"""Sociologia"""
li-4441997606,linkedin,https://www.linkedin.com/jobs/view/4441997606,,Director de Proyecto,Haskoning,"Lima, Peru",2026-07-17,fulltime,,,,,,False,director,"Design, Consulting, and Engineering",,,"Nos encontramos en la búsqueda de un(a) Director(a) de Proyecto con amplia experiencia liderando estudios y proyectos de infraestructura hidráulica, responsable de dirigir técnica y administrativamente la ejecución de un importante servicio de consultoría.
   

  

 ¿Qué harás como Director de Proyecto?
   

  

 Este puesto ofrece la oportunidad de liderar un proyecto de infraestructura hidráulica de gran envergadura y contribuir al desarrollo de soluciones que generan impacto en la gestión sostenible de los recursos hídricos. Se trata de una oportunidad única y estimulante en un momento decisivo para nuestro negocio.
   

  

 ¿Dónde vas a trabajar?
   

  

 Haskoning es una empresa global con más de 6\.000 profesionales en 140 países, activa en ingeniería, diseño y consultoría. Buscamos generar un impacto positivo en las personas, su entorno y la economía global a través de los proyectos que desarrollamos.
   

  

 Estamos a la vanguardia de la planificación y el desarrollo de infraestructura hidráulica y de recursos hídricos. Nuestros equipos de expertos multidisciplinarios han acompañado a clientes de todo el mundo en la creación de soluciones de ingeniería exitosas, brindando asesoría técnica, operativa y comercial especializada a lo largo de todas las fases de los proyectos.
   

  

 Trabajarás para el Advisory Group Water \& Maritime and Resilience in Latin America. Este equipo está conformado por alrededor de 50 profesionales, tiene su base en Lima, Perú, y trabaja en estrecha colaboración con las demás oficinas (Países Bajos, Reino Unido), destacando en una amplia variedad de servicios y competencias en los campos de la resiliencia climática, los recursos hídricos y el desarrollo de infraestructura. Ofrecemos a nuestros clientes, tanto privados como (semi) gubernamentales, una gama de servicios a lo largo de las distintas fases de un proyecto: desde la concepción, pasando por el planeamiento maestro, la factibilidad y el diseño, hasta la supervisión de la construcción. Tenemos una sólida presencia en los Países Bajos, pero operamos en todo el mundo.
   

  

 ¿Qué buscamos en ti?
   

  

 Buscamos un ingeniero con sólida trayectoria en la gestión de proyectos multidisciplinarios, liderazgo de equipos de ingeniería y coordinación con clientes, asegurando el cumplimiento de los objetivos técnicos, contractuales, económicos y de plazo.
   

  

 Requisitos:
   

  

* Título profesional en: Ingeniería Civil, Ingeniería Hidráulica, Ingeniería Agrícola o carreras afines.
* Formación de especialización: Es necesario contar con maestría en Ingeniería Hidráulica, Recursos Hídricos, Gestión de Proyectos o especialidades relacionadas.
* Experiencia mínima de 15 años de ejercicio profesional desde la obtención del título.
* Experiencia específica: Se requiere experiencia comprobada de al menos 15 años desempeñando funciones como: Director de Proyecto, Gerente de Proyecto, Director de Estudios, Jefe de Estudios, Jefe de Proyecto.
* Experiencia comprobada liderando o gestionando el desarrollo de estudios de factibilidad, elaboración y/o supervisión de estudios definitivos, elaboración y/o supervisión de expedientes técnicos, ingeniería de detalle, o supervisión de ingeniería de detalle.
* La experiencia deberá estar relacionada con proyectos hidráulicos que incluyan al menos uno de los siguientes componentes: Presas, túneles hidráulicos, canales, bocatomas.


 ¿Qué puedes esperar de nosotros?
   

  

 En Haskoning te ofrecemos mucho más que un empleo: te ofrecemos formar parte de un proyecto profesional. Te integrarás a una organización internacional y estructurada, donde el aprendizaje, la excelencia y el crecimiento son parte del trabajo diario.
   

  

 Lo que ofrecemos:
   

  

* Proyectos de alto impacto — Participación en iniciativas de infraestructura hidráulica de gran envergadura, con exposición a proyectos internacionales y oportunidades de crecimiento profesional.
* Aprendizaje continuo — Experiencia práctica trabajando con equipos internacionales, estándares y buenas prácticas aplicadas en proyectos globales.
* Desarrollo profesional — Acceso a programas de formación, planes de aprendizaje e iniciativas de intercambio de conocimiento que impulsan el crecimiento a largo plazo.
* Estabilidad y consistencia — Un salario base competitivo con revisiones anuales, alineado con las condiciones del mercado local y el alcance del rol.
* Cultura inclusiva y colaborativa — Un entorno respetuoso y centrado en las personas, donde el trabajo en equipo, la diversidad y el apoyo mutuo son parte del día a día.


 ¿Eres nuestro nuevo colega?
   

  

 ¡Entonces nos gustaría conocerte! Haz clic en el botón de postulación y sube tu currículum documentado. En Haskoning estamos comprometidos con fomentar un lugar de trabajo diverso e inclusivo, donde todas las personas se sientan valoradas, respetadas y empoderadas. Nuestra misión de “Enhancing Society Together” nos impulsa a crear un entorno que abrace el bagaje, la identidad y la perspectiva única de cada individuo. Sin importar tu experiencia, origen, edad, género u otras características personales, aquí eres bienvenido(a). Creemos que la diversidad nos hace más fuertes y que una cultura inclusiva brinda a todas las personas la oportunidad de crecer y contribuir.
   

  

**Debido a la ley de protección de datos personales, te pedimos enviar tu postulación a través del botón de aplicación y no por correo electrónico.**
**No se acepta la intermediación de agencias para esta vacante; los candidatos ofrecidos por esta vía no serán considerados.**","Civil Engineering, Renewable Energy Semiconductor Manufacturing, and Construction",https://nl.linkedin.com/company/haskoning,https://media.licdn.com/dms/image/v2/D4E0BAQFSI2kEtuvM0Q/company-logo_100_100/B4EZ8cnnR4KQAI-/0/1782891574653/haskoning_logo?e=2147483647&v=beta&t=wyQCpf4ck468LIj2vEekzLbbQ08bZWJLb0IRWb-REU4,,,,,,,,,,,,"""Sociologia"""
li-4441975830,linkedin,https://www.linkedin.com/jobs/view/4441975830,,Asistente de Desarrollo Organizacional,HERMES Perú,"Chorrillos, Peru",2026-07-17,fulltime,,,,,,False,entry level,Education and Training,,,"**Hermes Transportes Blindados** 
 , empresa líder en brindar servicios de Soluciones Seguras, con más de 40 años en el mercado y más de 3000 trabajadores, se encuentra en la búsqueda de un
 **Asistente de Desarrollo Organizacional**
**Requisitos**
* Bachiller o egresado(a) de Psicología, Administración, Ingeniería Industrial o carreras afines.
* Experiencia mínima de 1 año en Recursos Humanos, Desarrollo Organizacional, Capacitación o posiciones similares.
* Manejo de Excel a nivel intermedio (tablas dinámicas, fórmulas y manejo de bases de datos).
* Deseable experiencia en procesos de inducción, onboarding o integración de personal.


**Beneficios**
* Ingreso a planilla con todos los beneficios de ley.
* Pagos quincenales.
* EPS cubierta al 70%.
* Participación en utilidades.
* Modalidad de teletrabajo.


 Si cumples con el perfil y deseas desarrollarte en el área de Recursos Humanos, postula y sé parte de nuestro equipo.",Security and Investigations,https://pe.linkedin.com/company/hermesperu,https://media.licdn.com/dms/image/v2/D4E0BAQEKLq1GuUX6iw/company-logo_100_100/company-logo_100_100/0/1693254660309/hermesperu_logo?e=2147483647&v=beta&t=bTs_4eNJpjoLdGk6EJxDO3XNLvqL9V7mQRom4UOesvA,,,,,,,,,,,,"""Sociologia"""
li-4441996600,linkedin,https://www.linkedin.com/jobs/view/4441996600,,Associate Director Latin America,Haskoning,"Lima, Peru",2026-07-17,fulltime,,,,,,False,director,"Design, Consulting, and Engineering",,dalia.alegria@haskoning.com,"*This role will be based in Peru (Lima). This role is open to Peruvian nationals and those having a work permit for Peru. Would you like to work with one of the top global engineering consultancy firms in the world? Are you an enthusiastic and inspiring Project Manager Lead with a passion for driving projects to success? We are looking for an experienced Civil Engineer to lead cross\-functional teams, manage deadlines, and ensure seamless execution of key initiatives. Read on!*
 What you will do as Associate Director Latin America
   

  

 As an Associate Director LATAM at Haskoning, you will be overseeing, leading and delivering projects. You manage our internal PMs and multidisciplinary technical team. Your role will be a mix of work, both in the office and on the site, delivering within a team and working with our clients. You will collaborate with stakeholders, identify risks, and implement solutions that keep projects on track.
   

  

**Key Responsibilities**
**Project Leadership \& Delivery Excellence**
* Lead and deliver small to medium\-sized, multi\-disciplinary projects, ensuring successful outcomes aligned with client instructions and Haskoning management systems.
* Take overall responsibility for project deliverables, ensuring quality, timeliness, profitability, and client satisfaction.
* Initiate, oversee, and appraise studies, concept design, detailed design, and construction documentation.


**Strategic Project \& Business Control**
* Maintain full business control of projects, including budgeting, fee management, rate targets, cost tracking, risk, quality, and change control.
* Ensure compliance with internal procedures, contract management, and project administration requirements.
* Proactively manage risks and opportunities to achieve cost\-effective and profitable results.


**Client \& Stakeholder Management**
* Act as the key interface with clients, authorities, contractors, and specialist consultants.
* Manage client instructions, expectations, reporting, and ongoing engagement to identify opportunities and add value.
* Oversee delivery against contractual and client requirements, including formal reporting and design documentation.


**Team \& Design Management**
* Lead and coordinate our internal PM´s and external multidisciplinary project teams.
* Facilitate design meetings, ensure effective collaboration, and oversee design reviews.
* Support the DAG and ADAG with operational coordination, reporting, and team alignment.


**Business Development \& Growth**
* Support and lead bid preparation and tender responses, coordinating inputs from multidisciplinary teams.
* Work closely with business developers and clients to identify needs, develop proposals, and win new work.
* Lead the preparation of technical and commercial proposals aligned with client expectations.


**Continuous Improvement \& Best Practices**
* Develop, apply, and improve project and design management best practices, tools, and systems.
* Contribute to strengthening project management techniques across the organization.


 If you thrive in fast\-paced environments, excel at problem\-solving, and are a natural leader, we want to hear from you!
   

  

 Where you will work
   

  

**About Haskoning**
 Haskoning has been connecting people for 140 years. Together, through our experience and passion, we have contributed to a better society and improved people's lives with work backed by our values and sustainable goals. We are an independent international engineering and project management consultancy leading the way in sustainable development and innovation.
   

  

 Haskoning is an equal opportunity employer. We have a clear goal of driving diversity and inclusion across all dimensions. Together, we embark on a journey where each and every one of us, individually and collectively, welcomes and celebrates individual differences. We recognize that embracing diversity unlocks innovation and creativity and fosters collaboration. We want our employees to reflect the diversity of our communities and the customers we serve.
   

  

**About our Maritime Business:**
 Our maritime team is at the forefront of innovative maritime planning, design and development. We are multidisciplinary experts working on international projects to create successful ports and maritime infrastructures around the world. We have provided expert commercial, technical and operational advice and created master plans across five continents for a wide range of port projects.
   

  

 We are one of the largest and most experienced teams of port planning professionals globally and are world leaders in the production of port feasibility studies and master plans. From our maritime offices in different Worldwide locations, we lead all of the company's shipyard projects by collaborating with colleagues around the world.
   

  

 What you bring
   

  

* Master’s Graduated, collegiate and qualified Civil Engineer. (mandatory)
* Licensed Peruvian Civil Engineer
* English, spoken and written at Advanced (mandatory)
* PMP Certification (mandatory)
* Demonstrate experience in the development of shipyard infrastructure, such as heavy docks, dry docks, floating docks, or ship lifts (mandatory)
* 10 or more years’ experience developing engineering projects
* Experience in water or maritime engineering within a consultancy firm (Desirable)
* Experience working in an international, multicultural, and diverse environment, with collaborative approach and working across sectoral and regional boundaries
* Experience with writing proposals, planning, and running multidisciplinary projects


 Personal skills:
   

  

* Accurate and strong attention to detail
* Ability to work on a variety of projects and manage time effectively
* Innovator at looking for solutions to problems
* Takes ownership of task delivery from start to finish, asking for assistance when needed
* Ability to communicate well and share skills with colleagues
* Promotes and uses a digital way of working in execution of tasks
* Analytical thinker and strong problem solver
* Excellent English language skills (written and verbal)
* Strong interpersonal and communication skills
* Team player, versatile, and energetic


 What you can expect from us
   

  

 Ambitious. Exciting. Alive. Collaborative. Dynamic. This is how our colleagues describe our company. Do you want to contribute to improving society with your experience? To be part of an open network where you're connected to the brightest, smartest people and technologies? Join us!
   

  

 You can expect to develop your career in a dynamic workplace with opportunities for development and support in your career path.
   

  

 Are you our new colleague?
   

  

 We would like to meet you! Click on the apply button and upload your resume After receiving your application, we will contact you as soon as possible. Do you have a question? Feel free to get in touch at: dalia.alegria@haskoning.com
   

  

*At Haskoning, we are committed to fostering a diverse and inclusive workplace where everyone feels valued, respected, and empowered. Our mission of ""Enhancing Society Together"" drives us to create an environment that embraces each individual’s unique background, identity, and perspective. Regardless of your experience, background, age, gender, or other personal characteristics—you are welcome here. We believe that diversity makes us stronger and that an inclusive culture gives everyone the opportunity to grow and contribute. Read more about our ED\&I initiatives on our* 
*dedicated webpage* 
*.*
**Due to the privacy law, please submit your application via the apply button and not via email.**
***Acquisition for this vacancy by agencies is not appreciated and offered candidates will not be taken into consideration.***","Civil Engineering, Renewable Energy Semiconductor Manufacturing, and Construction",https://nl.linkedin.com/company/haskoning,https://media.licdn.com/dms/image/v2/D4E0BAQFSI2kEtuvM0Q/company-logo_100_100/B4EZ8cnnR4KQAI-/0/1782891574653/haskoning_logo?e=2147483647&v=beta&t=wyQCpf4ck468LIj2vEekzLbbQ08bZWJLb0IRWb-REU4,,,,,,,,,,,,"""Sociologia"""
li-4441691983,linkedin,https://www.linkedin.com/jobs/view/4441691983,,Analista Programador (Backend),Caja Metropolitana de Lima,"San Isidro, Peru",2026-07-17,fulltime,,,,,,False,mid-senior level,Engineering and Information Technology,,,"**Requisitos**
 Somos una Entidad Financiera, con un portafolio de diversos productos; por lo que requerimos incorporar en nuestra planilla un
 **Analista de Programación:**
**Desarrollo Backend**
* C\# / .NET: Dominio de .NET Core / .NET 6\+ para la creación de APIs Web robustas y seguras (mínimo 2 años de experiencia práctica).
* VB6 (Visual Basic 6\.0\): Capacidad para realizar mantenimiento, corrección de errores y, principalmente, extracción de lógica de negocio para procesos de migración de sistemas legados. (Deseable)
* Programación Orientada a Objetos (POO): Aplicación rigurosa de principios SOLID y buenas prácticas de arquitectura.


**Gestión de Datos**
* SQL Server: Escritura de consultas complejas, optimización de Stored Procedures (procedimientos almacenados), funciones, vistas y triggers.
* Modelado de Datos: Diseño de esquemas de bases de datos relacionales que garanticen la integridad referencial y el rendimiento.


**Estándares de Programación y Calidad**
* Clean Code: Escritura de código limpio, legible y autodocumentado.
* Patrones de Diseño: Uso e implementación de patrones como Repository Pattern, Dependency Injection y Unit of Work.
* Control de Versiones: Manejo avanzado de Git (flujos de trabajo con ramas, merges y pull requests).


**Frontend y Web**
* Angular: Conocimientos en el desarrollo de SPAs (Single Page Applications) utilizando TypeScript.
* Consumo de APIs: Nociones de integración entre el Backend (C\#) y el Frontend (Angular) mediante servicios y programación reactiva con observadores (RxJS).
* Diseño Responsivo: Uso de librerías como Angular Material o Bootstrap para interfaces administrativas financieras.


**FUNCIONES**
* Analizar requerimientos para modificar los distintos módulos con la finalidad de reducir los tiempos de atención de las diferentes áreas.
* Ejecutar proyectos de desarrollo de sistemas, de acuerdo a la metodología implantada y cubriendo las etapas de: Análisis, Diseño, Programación, Pruebas Unitarias y Certificación del requerimiento con el usuario solicitante.
* Proporcionar el apoyo a los procesos de cierre de las agencias con la finalidad de mantener la integridad de la información.
* Desarrollar los requerimientos de Integración con entidades como VISA, UNIBANCA, Cámara de Compensación Electrónica o similares, y al finalizarlos comunicar a la Unidad de Control de Calidad para la preparación de las pruebas integrales correspondientes.


**BENEFICIOS**
* Remuneración acorde al mercado.
* Planilla desde el primer día.
* Plan de salud cubierto al 80% (EPS).
* Buen clima laboral.
* Goce de convenios corporativos exclusivos para los colaboradores y sus familias; contamos con convenios educativos, recreativos, salud y mucho más; los cuales están al alcance de todos nuestros colaboradores.",Banking,https://pe.linkedin.com/company/cajametropolitana,https://media.licdn.com/dms/image/v2/C4D0BAQF3cXLdfbNxyg/company-logo_100_100/company-logo_100_100/0/1676677891112/caja_metropolitana_logo?e=2147483647&v=beta&t=rfp82KKxpdLqgPXWSNgrRfk1w7UqH7lqYn7H0H-ZTi4,,,,,,,,,,,,"""Sociologia"""
li-4439263741,linkedin,https://www.linkedin.com/jobs/view/4439263741,,TRABAJADORA SOCIAL PARA UNIDAD MINERA ANCASH,BJ CONTRATISTAS MINEROS,"Bolognesi, Ancash, Peru",2026-07-17,fulltime,,,,,,False,entry level,Other,,reclutamiento@bjgrupo.com,"En BJ Contratistas Mineros S.A.C. nos encontramos en la búsqueda de una Trabajadora Social con experiencia en sector minero para unirse a nuestro equipo.
 



  





**REQUISITOS:** 



* Título Universitario en Trabajo Social, colegiado y habilitado.
* Experiencia mínima de 3 años en el puesto, preferentemente en empresas del rubro de minería.
* Conocimiento y experiencia en la implementación de programas de bienestar social.
* Capacidad para gestionar situaciones de emergencia y realizar coordinaciones efectivas.
* Habilidades de comunicación, empatía y resolución de conflictos.
* Adaptabilidad y disposición para trabajar en un entorno dinámico.



  





**FUNCIONES:** 



* Elaborar e implementar programas de bienestar social y organizacional para fortalecer el clima laboral y el desarrollo integral de los trabajadores.
* Mantener informado sobre el estado de salud de los trabajadores en caso de incapacidad, así como de las gestiones realizadas y actividades programadas.
* Brindar atención de emergencia en caso de accidentes laborales, realizando las coordinaciones necesarias.
* Contribuir al desarrollo de estrategias que promuevan un ambiente de trabajo positivo y productivo.



  





**BENEFICIOS:** 



* Ingreso a planilla con todos los beneficios de ley.
* Remuneración acorde al mercado.
* Línea de carrera.
* Capacitaciones constantes.
* Excelente clima laboral.



  





**Interesados enviar su CV documentado y Certificado Único Laboral (vigente) al WhatsApp: 983\-152\-335 o al correo: reclutamiento@bjgrupo.com**",Mining,https://pe.linkedin.com/company/bj-contratistas-mineros,https://media.licdn.com/dms/image/v2/D4D0BAQEDEev3Rd4XCg/company-logo_100_100/B4DZ1Lc79cKMAQ-/0/1775087370825/bj_contratistas_mineros_logo?e=2147483647&v=beta&t=-I2XPWEmMsrSs9R_Q-amanndTRNNVG3JEoQACeT1a1U,,,,,,,,,,,,"""Sociologia"""
li-4433382838,linkedin,https://www.linkedin.com/jobs/view/4433382838,,Analista de experiencia del cliente,Banco Falabella Perú,"Lima, Peru",2026-07-17,fulltime,,,,,,False,entry level,Information Technology,,,"**Descripción Empresa**
 Somos más de 88 mil personas que cada día trabajamos por el firme Propósito \- Simplificar y Disfrutar más la Vida. Estamos presentes en 9 países y compuestos por cinco grandes marcas posicionadas de diversas industrias: Falabella Retail, Sodimac, Banco Falabella, Tottus y Mallplaza. Cada una de éstas nos hace ser quienes somos, y es entre todos, como Un Solo Equipo, que buscamos diariamente reinventarnos y superar las experiencias de nuestros clientes.
   

  

 Un Equipo lleno de sueños que hace que las cosas pasen. nos atrevemos a emprender e innovar, a tomar riesgos y a generar oportunidades que nos permitan estar siempre a la vanguardia lo que nos lleva a reinventarnos para entregar la mejor experiencia de compra en cualquier punto de encuentro con nosotros.
   

  

**Misión Del Cargo**
 Mejorar la experiencia del Cliente liderando planes de mejora con una visión transversal al negocio.
   

  

**Funciones Del Cargo**
* Analizar e interpretar indicadores de experiencia del cliente (NPS transaccional y otros), identificando insights y accionando iniciativas concretas para su mejora continua.
* Liderar iniciativas de transformación y mejora de journeys end\-to\-end, involucrándose activamente en los canales para entender en profundidad los procesos, detectar fricciones y reducir reclamos, elevando el NPS.
* Articular y facilitar mesas de trabajo con equipos multidisciplinarios y canales, promoviendo el análisis conjunto, la investigación en campo y la ejecución efectiva de acciones de mejora de experiencia.
* Elaborar reportes y presentaciones ejecutivas, comunicando avances, resultados e implicancias estratégicas de los indicadores de experiencia.
* Evaluar procesos, puntos de contacto y comunicaciones dirigidas al cliente, profundizando en la operación cuando sea necesario para asegurar consistencia, claridad y alineamiento con la experiencia deseada.


**Requisitos**
* Profesional en Ingeniera Industrial o afines
* Experiencia liderando proyectos de mejora continua o de mejora en la experiencia.
* Experiencia mínimo 3 años incluyendo prácticas en área de experiencia al cliente
* Nivel de Excel intermedio
* Deseable conocimiento en SQL ( no indispensable)


**Condiciones Oferta**
 Descripción proceso de selección:
   

  

 El proceso de selección se realiza a través de Aira \- plataforma de reclutamiento diseñado para mejorar tu experiencia de postulación.
   

  

**Para Postular Solo Necesitas**
* Postular a la oferta
* Revisar tu email
* Ingresar a Aira y contestar las preguntas y/o pruebas solicitadas


 Luego, si vemos que tu perfil se ajusta a lo que estamos buscando, te contactaremos por email (a través de Aira) para seguir a la etapa presencial.",Retail,https://pe.linkedin.com/company/banco-falabella-peru,https://media.licdn.com/dms/image/v2/C4E0BAQEmLHyBWdcKUQ/company-logo_100_100/company-logo_100_100/0/1658847133240/banco_falabella_peru_logo?e=2147483647&v=beta&t=6AkSwnvcsMBfna9QEQ_8NCONQrV2zAEeUQn1mKHPjco,,,,,,,,,,,,"""Sociologia"""
li-4441486265,linkedin,https://www.linkedin.com/jobs/view/4441486265,,Coordinadora de experiencia al cliente y familias,Innova Schools,"La Victoria, Peru",2026-07-16,fulltime,,,,,,False,mid-senior level,Administrative,,,"Somos Innova Schools, una cadena privada de colegios que forma parte del grupo Intercorp, actualmente contamos con 65 sedes a nivel nacional. Somos una organización que está buscando transformar la educación en el Perú, además que fomenta y respeta en sus procesos de atracción del talento la igualdad de género, la inclusión y la diversidad.
   

  

 El propósito de este puesto es mejorar y asegurar la calidad y efectividad de todas las interacciones con los clientes mediante la recolección, análisis y aplicación de datos e investigaciones sobre las mejores prácticas.
   

  

 Este rol busca optimizar la experiencia de los participantes en eventos y ppff en general y asegurar la coherencia y excelencia en la ejecución de eventos en las diversas sedes. Además, será responsable de mantener un registro actualizado de buenas prácticas y lecciones aprendidas para facilitar el aprendizaje continuo y la mejora dentro de la organización.
   

  

**Funciones**
* Diseño y ejecución del plan de padres delegados: Diseñar, implementar y dar seguimiento al plan de trabajo de padres delegados, estableciendo lineamientos, herramientas y espacios de coordinación que fortalezcan su rol como aliados de la sede.
* Seguimiento a iniciativas de involucramiento: Realizar seguimiento constante a las iniciativas implementadas en las sedes relacionadas con participación de familias, identificando avances, oportunidades de mejora y acciones correctivas cuando sea necesario.
* Medición y análisis de resultados: Recolectar y analizar información sobre participación, satisfacción y resultados de las iniciativas dirigidas a familias (encuestas, NPS, asistencia, feedback de sedes), generando reportes y recomendaciones de mejora.
* Investigación y levantamiento de insights de familias: Recoger información sobre necesidades, expectativas y percepciones de los padres de familia y equipos de sede para ajustar y mejorar las iniciativas de involucramiento y experiencia.
* Construcción y mantenimiento de bitácora de buenas prácticas: Desarrollar y mantener actualizada una bitácora de buenas prácticas, aprendizajes y casos de éxito de las sedes en relación al trabajo con familias, facilitando su difusión y réplica.
* elaboración de lineamientos y herramientas para sedes: Establecer lineamientos, materiales y guías que orienten a las sedes en la correcta ejecución de iniciativas y eventos dirigidos a familias, asegurando coherencia y estándares de calidad.
* Coordinación con equipos internos: Coordinar con directores de sede y equipos internos para asegurar la adecuada implementación de las iniciativas de involucramiento familiar y el cumplimiento de los objetivos de satisfacción y permanencia.


**Requisitos**
* Bachiller universitario en Administración, Economía, Marketing, Negocios o carreras afines.
* Experiencia de 3 años en áreas de experiencia del cliente, comercial o marketing
* Deseable experiencia en coordinación de actividades, eventos o atención a familias/clientes.
* Manejo de Excel a nivel avanzado para seguimiento, análisis de información y elaboración de reportes.
* Capacidad de organización, seguimiento de iniciativas y trabajo con múltiples sedes/equipos.",Education,https://pe.linkedin.com/company/innova-schools,https://media.licdn.com/dms/image/v2/C4D0BAQH7I58bwX2hXg/company-logo_100_100/company-logo_100_100/0/1631360334167/innova_schools_logo?e=2147483647&v=beta&t=nWfZSipgw-giXVkDGKglw119gne2hlix8NDOTra_xqw,,,,,,,,,,,,"""Sociologia"""
li-4440875708,linkedin,https://www.linkedin.com/jobs/view/4440875708,,Asistente/Encargado de Business Intelligence,Logica Consultoria,"La Victoria, Peru",2026-07-15,fulltime,,,,,,False,mid-senior level,Management and Manufacturing,,,"**¿Cuáles serán tus principales desafíos?**
* Extraer, depurar y estructurar bases de datos provenientes de nuestros sistemas de facturación y ERP contable.
* Diseñar, desarrollar y mantener dashboards interactivos que reflejen los KPIs clave del área financiera.
* Realizar conciliaciones y cruces de información entre las bases de datos de contabilidad y los reportes de gestión para asegurar la veracidad de la información.
* Automatizar reportes periódicos de rendimiento financiero, facturación y flujo de caja, reduciendo los tiempos de procesamiento manual.
* Proponer mejoras en la estructura de los datos para optimizar los tiempos de consulta y análisis.


**¿Qué perfil buscamos?**
* Formación: Bachiller o Técnico en Ingeniería de Sistemas, Contabilidad, Administración, Ingeniería Industrial, Economía o carreras afines.
* Manejo de programa ODOO (Altamente valorado)
* Experiencia intermedia en el manejo y extracción de información de sistemas ERP y software de facturación.
* Dominio comprobado en el diseño de tableros de control en Power BI, Tableau o Looker Studio (con conocimiento en modelado de datos).
* Excel: Nivel Intermedio\-Avanzado (manejo fluido de tablas dinámicas, funciones lógicas y de búsqueda. No es indispensable el desarrollo de macros.
* Bases de Datos: Conocimientos en lenguaje SQL (nivel básico\-intermedio) para la consulta directa de bases de datos.
* Conocimientos contables: Entendimiento claro de conceptos básicos de facturación, cuentas por cobrar, estados financieros y flujos de caja.


 ¿Qué ofrecemos?
   

  

* Régimen MYPE.
* Horario: L\-V de 8:30 a 6:00 p.m y sábados de 9:00 a.m a 1:00 p.m
* Ubicación: La victoria, cerca a la estación Arriola
* Salario acorde a la experiencia",Information Services,https://www.linkedin.com/company/logica-consultoria-per%C3%BA,https://media.licdn.com/dms/image/v2/C4D0BAQHJdpQxzDQ53Q/company-logo_100_100/company-logo_100_100/0/1645035702500?e=2147483647&v=beta&t=ScYpZtZlxLUCFkBGUnL7UmDZ2mYcYly5qN0LM0QCX_s,,,,,,,,,,,,"""Sociologia"""
li-4440550736,linkedin,https://www.linkedin.com/jobs/view/4440550736,,"(Agencia Huandoy, Los Olivos) Asesor(a) en formación Crédito Grupal o venta en campo",Compartamos Banco Perú,"Los Olivos, Peru",2026-07-14,fulltime,,,,,,False,entry level,Other,,,"¡COMPARTAMOS BANCO BUSCA TALENTOS COMO TÚ!
   

  

 Somos una empresa del Grupo Gentera, especializada en microfinanzas y uno de los mejores lugares para trabajar en el Perú, según Great Place to Work Institute. Continuamos creciendo a nivel nacional, por eso buscamos personal altamente calificado. Postula y únete a este gran equipo que trabaja poniendo a las personas en el centro de todas sus acciones.
   

  

 Puesto: ASESOR DE EN FORMACIÓN CRÉDITO GRUPAL \- AGENCIA HUANDOY
   

  

 ¿A QUIÉN BUSCAMOS?
   

  

* Estudiante técnico/universitario (del último año, egresado y/o trunco) de las carreras de: Administración, Economía, Contabilidad, Sociología, Psicología, Educación, Ingeniería Industrial o carreras afines.
* Técnicos a partir del 3er ciclo o Universitarios desde el 5to ciclo en adelante.
* Deseable experiencia en labor de campo en cargos similares como atención al cliente y/o ventas. (no indispensable)


 ¿CUÁLES SERÁN TUS PRINCIPALES RESPONSABILIDADES?
   

  

* Fortalecer la venta de productos de Crédito Grupal en campo, cumpliendo los lineamientos de la empresa para generar valor social, económico y humano.
* Difundir y captar clientes en el mercado objetivo. (trabajo de campo)
* Realizar actividades de promoción para colocación de créditos.
* Brindar un servicio personalizado de calidad.


 ¿QUÉ BUSCAMOS EN TI?
   

  

* Proactividad.
* Trabajo en equipo.
* Orientación a los resultados.
* Capacidad de adaptarse a los cambios.


 ¿QUÉ OFRECEMOS?
   

  

* Remuneración acorde al mercado.
* Variable por cumplimiento de metas.
* Ingreso a planilla con todos los beneficios de ley desde el primer día de gestión.
* Movilidad.
* Se ofrece una amplia línea de carrera (Desarrollo profesional)
* EPS.
* Grato ambiente laboral.
* Seguro de vida desde el primer día de trabajo.
* Beneficios corporativos.


 ¡Atrévete a un cambio y forma parte de nuestra gran familia Compartamos!
   

  

 “La presente convocatoria es aplicable a personas con discapacidad, en conformidad a lo establecido en la Ley N° 29973, Ley de la Persona con Discapacidad y su Reglamento.”",Financial Services,https://pe.linkedin.com/company/compartamosbancoperu,https://media.licdn.com/dms/image/v2/D4E0BAQHUhv9XVEWBlg/company-logo_100_100/B4EZVbZxUwGYAQ-/0/1740995237657/compartamosbancoperu_logo?e=2147483647&v=beta&t=HL32UE74Ue0xhneGFUTeKiOi26YghW6O5QXdAErAehk,,,,,,,,,,,,"""Sociologia"""
li-4440320432,linkedin,https://www.linkedin.com/jobs/view/4440320432,,Director comercial,Inca Rail,"Lima, Peru",2026-07-13,fulltime,,,,,,False,director,Management and Strategy/Planning,,,"𝗨́𝗻𝗲𝘁𝗲 𝗮 𝗹𝗮 𝗲𝗺𝗽𝗿𝗲𝘀𝗮 𝗹𝗶́𝗱𝗲𝗿 𝗱𝗲 𝘁𝗿𝗮𝗻𝘀𝗽𝗼𝗿𝘁𝗲 𝗳𝗲𝗿𝗿𝗼𝘃𝗶𝗮𝗿𝗶𝗼 𝗲𝗻 𝗲𝗹 𝗣𝗲𝗿𝘂́, con una cultura organizacional enfocada en el desarrollo de las personas y un ambiente laboral cercano y horizontal. 💫
 



  





 Como 𝗗𝗶𝗿𝗲𝗰𝘁𝗼𝗿 𝗖𝗼𝗺𝗲𝗿𝗰𝗶𝗮𝗹, liderarás la estrategia comercial de Trenes Turísticos, con un rol clave de soporte al negocio de Khipu Journeys. Encontrarás una cultura horizontal y cercana, donde tus decisiones tienen impacto directo en el negocio y en la experiencia de miles de turistas.
 



  





**Misión:** 




 Liderar la estrategia comercial de Inca Rail en los negocios de Trenes Turísticos y Retail, apoyar de forma matricial al CEO y Business Owner en el negocio de Khipu Journeys, impulsando un crecimiento rentable y sostenido a través de una propuesta de valor integral para el turista.
 



  





**Funciones:** 



* Definir y ejecutar la estrategia comercial multicanal (B2B, B2C, digital) para Trenes y Retail.
* Gestionar el presupuesto comercial y el cumplimiento de metas de ingresos, market share y eficiencia de gasto.
* Impulsar el crecimiento de canales digitales (eCommerce, OTAs).
* Dar soporte comercial estratégico al CEO y Business Owner de Khipu Journeys.
* Reportar resultados, riesgos y planes de acción al CEO y directorio.



  





**Requisitos:** 



* Profesional titulado en Ingeniería Industrial, Administración, Marketing o afines.
* MBA o maestría en áreas de negocio.
* Especialización en eCommerce, Marketing Digital o Revenue Management.
* Inglés a nivel avanzado.



  





**Beneficios:** 



* Sueldo acorde al mercado \+ bonificación anual \+ planilla completa
* Beneficios corporativos, capacitaciones internas y más...","Travel Arrangements, Sightseeing Transportation, and Retail",https://pe.linkedin.com/company/incarail,https://media.licdn.com/dms/image/v2/D4E0BAQHXp406KVgJCA/company-logo_100_100/company-logo_100_100/0/1707433438405/incarail_logo?e=2147483647&v=beta&t=Pnxi2FjFDgEtIiWC8binzlSLVVmlPYhWkbhcRTaBv_s,,,,,,,,,,,,"""Sociologia"""
li-4439591487,linkedin,https://www.linkedin.com/jobs/view/4439591487,,"Trabajo de Campo / Asesor Formación de Crédito Grupal  Agencia  Las Viñas, Puente Piedra",Compartamos Banco Perú,"Puente Piedra, Peru",2026-07-12,fulltime,,,,,,False,mid-senior level,Other,,,"¡COMPARTAMOS BANCO BUSCA TALENTOS COMO TÚ!
   

  

 Somos una empresa del Grupo Gentera, especializada en microfinanzas y uno de los mejores lugares para trabajar en el Perú, según Great Place to Work Institute. Continuamos creciendo a nivel nacional, por eso buscamos personal altamente calificado. Postula y únete a este gran equipo que trabaja poniendo a las personas en el centro de todas sus acciones.
   

  

 Puesto: ASESOR EN FORMACIÓN CRÉDITO GRUPAL \- AGENCIA LAS VIÑAS
   

  

 ¿A QUIÉN BUSCAMOS?
   

  

* Estudiantes técnicos (trunco o egresados) de las carreras de: Administración, Economía, Contabilidad, Sociología, Psicología, Educación, Ingeniería Industrial o carreras afines.
* Técnicos a partir del 3er ciclo o Universitarios desde el 5tociclo en adelante.
* Deseable experiencia en labor de campo en cargos similares como atención al cliente y/o ventas. (no indispensable)


 ¿CUÁLES SERÁN TUS PRINCIPALES RESPONSABILIDADES?
   

  

* Fortalecer la venta de productos de Crédito Grupal en campo, cumpliendo los lineamientos de la empresa para generar valor social, económico y humano.
* Difundir y captar clientes en el mercado objetivo. (trabajo de campo)
* Realizar actividades de promoción para colocación de créditos.
* Brindar un servicio personalizado de calidad.
* Participar y destacar en el Programa de Formación CG.


 ¿QUÉ BUSCAMOS EN TI?
   

  

* Proactividad.
* Trabajo en equipo.
* Orientación a los resultados.
* Capacidad de adaptarse a los cambios.


 ¿QUÉ OFRECEMOS?
   

  

* Remuneración acorde al mercado.
* Variable por cumplimiento de metas.
* Ingreso a planilla con todos los beneficios de ley desde el primer día de gestión.
* Movilidad.
* Se ofrece una amplia línea de carrera (Desarrollo profesional)
* EPS.
* Grato ambiente laboral.
* Seguro de vida desde el primer día de trabajo.
* Beneficios corporativos.


 ¡Atrévete a un cambio y forma parte de nuestra gran familia Compartamos!
   

  

 “La presente convocatoria es aplicable a personas con discapacidad, en conformidad a lo establecido en la Ley N° 29973, Ley de la Persona con Discapacidad y su Reglamento.”",Financial Services,https://pe.linkedin.com/company/compartamosbancoperu,https://media.licdn.com/dms/image/v2/D4E0BAQHUhv9XVEWBlg/company-logo_100_100/B4EZVbZxUwGYAQ-/0/1740995237657/compartamosbancoperu_logo?e=2147483647&v=beta&t=HL32UE74Ue0xhneGFUTeKiOi26YghW6O5QXdAErAehk,,,,,,,,,,,,"""Sociologia"""
li-4439377598,linkedin,https://www.linkedin.com/jobs/view/4439377598,,Coordinador(a) de Cultura,Confidential Careers,,2026-07-10,fulltime,,,,,,False,mid-senior level,"Business Development, Human Resources, and Strategy/Planning",,,"Importante empresa del sector peruano busca un Coordinador de Cultura.
 



  





 Las funciones del puesto son:
 


* Diseñar e impulsar iniciativas de cultura organizacional que fortalezcan el liderazgo, potencien la experiencia de los colaboradores y contribuyan al logro de los objetivos estratégicos de la organización.
* Definir y ejecutar la estrategia de cultura organizacional, alineada a los objetivos del negocio.
* Liderar iniciativas de experiencia del colaborador, promoviendo una cultura de alto desempeño, colaboración y desarrollo.
* Diseñar y gestionar programas de liderazgo que fortalezcan las capacidades de los líderes.
* Implementar estrategias de marca empleadora para atraer y fidelizar talento.
* Analizar información e indicadores organizacionales para identificar oportunidades de mejora y establecer planes de acción.
* Brindar consultoría interna en temas de cultura, liderazgo, experiencia del colaborador y efectividad organizacional.
* Desarrollar estrategias de comunicación interna y gestión del cambio que impulsen el alineamiento y la adopción de iniciativas estratégicas.
* Medir el impacto de las acciones implementadas, promoviendo la mejora continua basada en datos.
* Gestionar proveedores especializados y asegurar la calidad de sus servicios.
* Identificar tendencias y mejores prácticas, proponiendo iniciativas innovadoras que generen valor para la organización.



  





 Funciones del puesto:
 


* Profesional en Psicología, Administración o carreras afines.
* Experiencia mínima de tres años en el diseño e implementación de iniciativas orientadas al fortalecimiento de la cultura organizacional.
* Experiencia gestionando y liderando proyectos de alcance transversal relacionados con personas y organizaciones.
* Conocimiento y experiencia en procesos de gestión del cambio, desarrollo de liderazgo y experiencia del colaborador.
* Manejo de Excel intermedio (indispensable)
* Especialización en Gestión Humana, Desarrollo Organizacional o disciplinas afines (deseable).","Hospitality, Human Resources Services, and Retail",https://in.linkedin.com/company/confidentialcareers,https://media.licdn.com/dms/image/v2/D4D0BAQHAlnvLlr8B8A/company-logo_100_100/company-logo_100_100/0/1734179952791/goconfidentia_logo?e=2147483647&v=beta&t=4ZKgldVRReqICLn5TO9uD36mT1cF2vh9vePaqIEjJJc,,,,,,,,,,,,"""Sociologia"""
li-4438869420,linkedin,https://www.linkedin.com/jobs/view/4438869420,,Auxiliar de Convivencia Escolar,Innova Schools,"Trujillo, La Libertad, Peru",2026-07-10,fulltime,,,,,,False,not applicable,Administrative,,,"En Innova Schools creemos en el poder de la educación para transformar vidas. Somos parte del grupo Intercorp y venimos construyendo una red educativa en Latinoamérica con un propósito claro: inspirar y formar a nuestros estudiantes para que transformen el mundo.
   

  

 Por eso, buscamos personas que compartan este propósito y quieran generar impacto, en un entorno que promueve la igualdad de oportunidades, la inclusión y la diversidad.
   

  

**Principales funciones**
* Realizar rondas preventivas en los diferentes pabellones de la sede durante la jornada escolar, incluyendo la supervisión externa de los servicios higiénicos.
* Apoyar en la supervisión de estudiantes durante recreos, ingresos, salidas y otros momentos de transición.
* Identificar oportunamente situaciones que puedan afectar la convivencia, seguridad o bienestar de los estudiantes.
* Comunicar inmediatamente al director y/o equipo directivo cualquier situación grave o de riesgo que requiera intervención.
* Informar al docente responsable, director y/o equipo directivo sobre incidencias relacionadas con sus estudiantes.
* Registrar en el cuaderno de incidencias las situaciones observadas, las acciones realizadas y su seguimiento.
* Presentar reportes periódicos al director de sede sobre las incidencias presentadas y riesgos identificados.
* Promover el cumplimiento de las normas de convivencia mediante un trato respetuoso, cercano y firme con los estudiantes.
* Coordinar con el personal docente, tópico y Equipo Directivo cuando la situación lo requiera.


**Requisitos**
* Estudios técnicos o universitarios, completos o inconclusos, en Educación, Psicología, Trabajo Social, Administración o carreras afines.
* Deseable manejo de protocolos de actuación frente a incidencias.
* Experiencia mínima de dos años en labores de acompañamiento o atención de estudiantes en instituciones educativas, academias, organizaciones juveniles o funciones similares.",Education,https://pe.linkedin.com/company/innova-schools,https://media.licdn.com/dms/image/v2/C4D0BAQH7I58bwX2hXg/company-logo_100_100/company-logo_100_100/0/1631360334167/innova_schools_logo?e=2147483647&v=beta&t=nWfZSipgw-giXVkDGKglw119gne2hlix8NDOTra_xqw,,,,,,,,,,,,"""Sociologia"""
li-4438132054,linkedin,https://www.linkedin.com/jobs/view/4438132054,,Analista de crédito individual Junior / Agencia Ilo,Compartamos Banco Perú,"Ilo, Moquegua, Peru",2026-07-08,fulltime,,,,,,False,mid-senior level,Finance and Sales,,,"COMPARTAMOS FINANCIERA BUSCA TALENTOS COMO TÚ
   

  

 Somos una empresa del Grupo Gentera, especializada en microfinanzas y uno de los mejores lugares para trabajar en el Perú, según Great Place to Work Institute. Continuamos creciendo a nivel nacional, por eso buscamos personal altamente calificado. Postula y únete a este gran equipo que trabaja poniendo a las personas en el centro de todas sus acciones.
   

  

 Puesto: ASESOR DE CRÉDITO INDIVIDUAL JUNIOR \- AGENCIA ILO
   

  

**Funciones**
* Promocionar, evaluar y colocar créditos de los diferentes tipos y modalidades previstas en el Reglamento de Productos Crediticios.
* Evaluar, analizar, proponer y sustentar la aprobación de solicitudes de crédito, responsabilizándose de la existencia real de los documentos que acreditan la propiedad, identidad y estabilidad del cliente.
* Ser responsable de los créditos otorgados, desde la propuesta hasta la recuperación de los mismos.
* Conocer y aplicar las políticas, normas y procedimientos establecidos en el Manual para la Prevención del Lavado de Activos y del Financiamiento del Terrorismo.


**Perfil**
* Egresados técnicos o universitario en carreras relacionada a las finanzas: administración, contabilidad, economía, ingeniería industrial, administración de empresas, contabilidad, marketing, afines.
* Mínimo 04 AÑOS DE EXPERIENCIA en CATEGORÍAS SIMILARES del sector financiero.


**Beneficios**
 Beneficios de acuerdo a ley CTS, Gratificación, Utilidades, Seguro
   

  

 Bono de movilidad, Bono por productividad.
   

  

 Se ofrece una amplia línea de carrera, con posibilidad de crecer dentro de la organización en base a evaluación y desempeño.
   

  

 Excelente clima laboral, capacitación continua, premiaciones y reconocimientos.
   

  

 Pertenecer a una de las mejores empresas para trabajar en el Perú.",Financial Services,https://pe.linkedin.com/company/compartamosbancoperu,https://media.licdn.com/dms/image/v2/D4E0BAQHUhv9XVEWBlg/company-logo_100_100/B4EZVbZxUwGYAQ-/0/1740995237657/compartamosbancoperu_logo?e=2147483647&v=beta&t=HL32UE74Ue0xhneGFUTeKiOi26YghW6O5QXdAErAehk,,,,,,,,,,,,"""Sociologia"""
li-4437717083,linkedin,https://www.linkedin.com/jobs/view/4437717083,,(Olmos) Asesor de Negocios Crédito Individual / Categoría Master,Compartamos Banco Perú,"Olmos, Lambayeque, Peru",2026-07-07,fulltime,,,,,,False,mid-senior level,"Consulting, Information Technology, and Sales",,,"**¡COMPARTAMOS BANCO BUSCA TALENTOS COMO TÚ!**
 Somos una empresa del Grupo Gentera, especializada en microfinanzas y uno de los mejores lugares para trabajar en el Perú, según Great Place to Work Institute. Continuamos creciendo a nivel nacional, por eso buscamos personal altamente calificado. Postula y únete a este gran equipo que trabaja poniendo a las personas en el centro de todas sus acciones.
   

  

**ASESOR DE NEGOCIOS CRÉDITO INDIVIDUAL CATEGORÍA MASTER \- AGENCIA OLMOS**
**Funciones Generales**
* Identificar clientes potenciales mediante la promoción en la zona de influencia, dando a conocer los productos, planeando y documentando las actividades realizadas acorde a los procedimientos establecidos en la institución.
* Brindar un buen servicio generando confianza y compromiso como elementos clave para satisfacer las necesidades de los clientes.


**Perfil**
* Universitario: Egresado, bachiller o titulado de las carreras de: Economía, Contabilidad, Administración de Empresas, Ingeniería Industrial o carreras afines.
* Técnicos: Egresados o graduados de las carreras afines a la Administración y/o Contabilidad
* Experiencia mínima de 3 años en el rubro de créditos individuales en entidades financieras.
* Con conocimientos de finanzas, contabilidad y administración, Matemática financiera básica, habilidad analítica y capacidad de planificar y organizar.
* Disponibilidad para trabajo de campo.
* Residir en lugares aledaños al distrito de OLMOS.
* Haber manejado amplia cartera de clientes de la zona de OLMOS.


**Beneficios**
* Sueldo básico
* Comisiones ilimitadas por cumplimiento de metas
* Bono por Movilidad
* Excelente clima laboral
* Línea de carrera según desempeño
* EPS 50%
* Seguro de vida desde el primer día de trabajo.
* Beneficios corporativos


**¡Atrévete a un cambio y forma parte de nuestra gran familia Compartamos!**
 “La presente convocatoria es aplicable a personas con discapacidad, en conformidad a lo establecido en la Ley N° 29973, Ley de la Persona con Discapacidad y su Reglamento.”",Financial Services,https://pe.linkedin.com/company/compartamosbancoperu,https://media.licdn.com/dms/image/v2/D4E0BAQHUhv9XVEWBlg/company-logo_100_100/B4EZVbZxUwGYAQ-/0/1740995237657/compartamosbancoperu_logo?e=2147483647&v=beta&t=HL32UE74Ue0xhneGFUTeKiOi26YghW6O5QXdAErAehk,,,,,,,,,,,,"""Sociologia"""
li-4437711244,linkedin,https://www.linkedin.com/jobs/view/4437711244,,Asesor Comercial B2B,HERMES Perú,"Chorrillos, Peru",2026-07-07,fulltime,,,,,,False,mid-senior level,Sales and Management,,,"Por nuestro continuo crecimiento, en Hermes nos encontramos en la búsqueda de talentos para la vacante de un
 **EJECUTIVO DE VENTAS** 
 con experiencia en Ventas B2B
   

  

**Funciones**
* Identificar y conectar con potenciales clientes, comprender sus necesidades específicas y ofrecer soluciones personalizadas que se alineen con los productos o servicios de la empresa. Su objetivo principal es cerrar ventas mediante la presentación clara y convincente de las ventajas y beneficios de lo que ofrecen, asegurando la satisfacción y confianza del cliente en la empresa y sus productos.
* Orientar y dar seguimiento al cliente durante su etapa inicial de forma directa o indirecta bridando al cliente una experiencia satisfactoria de nuestros servicios.


**Requisitos**
* Experiencia de 1 año como Ejecutivo de Ventas, comercial, etc de preferencia en sectores de Servicios.
* Indispensable Técnico egresado o titulado en las carreras de Administración, Contabilidad, Marketing o afines.
* Manejo de Office intermedio \- avanzado.
* Trabajo Presencial de Lunes a Viernes de 8:30am a 5:45pm.


**Beneficios**
* Planilla con Beneficios de ley
* Participación de Utilidades
* EPS al 70%
* Beneficios Corporativos",Security and Investigations,https://pe.linkedin.com/company/hermesperu,https://media.licdn.com/dms/image/v2/D4E0BAQEKLq1GuUX6iw/company-logo_100_100/company-logo_100_100/0/1693254660309/hermesperu_logo?e=2147483647&v=beta&t=bTs_4eNJpjoLdGk6EJxDO3XNLvqL9V7mQRom4UOesvA,,,,,,,,,,,,"""Sociologia"""
li-4434591695,linkedin,https://www.linkedin.com/jobs/view/4434591695,,Asesores100% Remotos – Portabilidad Movistar,Cursa Perú,"Lima, Peru",2026-07-07,fulltime,,,,,,False,entry level,Other,,,"Desde Cursa Perú, en alianza con nuestro cliente Agile BPO, nos encontramos en la búsqueda de 5 Asesores Telefónicos para campaña Movistar – Portabilidad.
   

  

 🎯 Función principal
   

  

**Realizar llamadas a clientes potenciales asignados en la base de datos y ofrecer planes de portabilidad Movistar.**
 Requisitos
   

  

  

 ✅ Requisitos
   

  

* No necesitas experiencia, te capacitamos
* Manejo básico de PC y Excel
* Pc / Laptop con Windows 10 u 11 / Procesador i3 o equivalentes en adelante con RAM de 4GB mínimo
* Internet Cableado (30mb de velocidad)
* Cámara web y Audífonos con entrada USB o con doble entrada
* Capacitación \+ OJT


 Beneficios
   

  

 💼 Condiciones
   

  

* Modalidad 100% remoto
* Horario L–S 9 00 am a 6 00 pm (descanso domingos y feriados)
* Sueldo S/ 1,130 \+ comisiones ilimitadas \+ bonos adicionales
* Contrato en planilla completa con todos los beneficios de ley.


 Cursa Perú es un centro especializado en empleabilidad y selección estratégica, creado con el propósito de conectar el talento adecuado con las organizaciones que apuestan por el desarrollo humano.",Business Consulting and Services,https://www.linkedin.com/company/cursa-per%C3%BA,https://media.licdn.com/dms/image/v2/D4E0BAQHJ4dbVe5MpEw/company-logo_100_100/B4EZqXbEsiIoAQ-/0/1763477048957/cursa_per_logo?e=2147483647&v=beta&t=O6ByoiGtKybDi-JIE17-OCWq4PT7VlZVAh06lsX8vfY,,,,,,,,,,,,"""Sociologia"""
li-4437785950,linkedin,https://www.linkedin.com/jobs/view/4437785950,,Analista de Cultura y Experiencia en Cercado de Lima,MOLITALIA S.A.,"Lima, Peru",2026-07-07,fulltime,,,,,,False,mid-senior level,Business Development and Sales,,,"Somos una empresa con más de 60 años en el Perú, parte de un sólido grupo empresarial orientado a la fabricación y comercialización de alimentos de consumo masivo, presente en gran parte de Latinoamérica y con un crecimiento sostenido a través de los años. En el Perú, contamos con marcas como MOLITALIA, COSTA, AMBROSOLI, FANNY, 3 OSITOS, MIMASKOT, entre otras, que compiten con gran éxito en las categorías de pastas, harinas, galletas, barras de cereal, chocolates, caramelos, conservas, mermeladas, avenas y alimento para mascotas, principalmente.
   

  

 Actualmente nos encontramos en búsqueda de un
 **Analista de Cultura y Experiencia** 
 en
 **Cercado de Lima**
**Misión:** 
*Ejecutar iniciativas de cultura, experiencia del trabajador, comunicación interna y endomarketing, asegurando el despliegue de programas y acciones alineadas a la estrategia de la compañía, con el fin de fortalecer la experiencia de los trabajadores.*
**Funciones**
* Gestionar el despliegue del plan de comunicación interna en la compañía.
* Diseñar y elaborar contenidos para los diferentes canales de comunicación interna.
* Diseñar y ejecutar campañas de cultura y endomarketing que promuevan el sentido de pertenencia.
* Ejecutar acciones asociadas a la experiencia del trabajador, contribuyendo al diseño e implementación de experiencias significativas en los principales momentos de su recorrido en la compañía.
* Dar seguimiento a indicadores del área proponiendo oportunidades de mejora continua.
* Gestionar proveedores y recursos necesarios para la ejecución de campañas, eventos y proyectos del área.


**Requisitos**
* Bachiller de la carrera de Comunicación y/o afines.
* Conocimientos en cultura organizacional, experiencia del trabajador (Employee Experience), comunicación interna, endomarketing, gestión del cambio, programas de diseño y ejecución de campañas, gestión de eventos e indicadores.
* Experiencia con el manejo de proveedores y procesos de compra (no excluyente).
* Experiencia mínima de 2 años en la posición o similares.
* Manejo de Suite Adobe, Outlook y Microsotf Office.
* Disponibilidad para trabajar en Cercado de Lima",Food and Beverage Manufacturing,https://pe.linkedin.com/company/molitalia,https://media.licdn.com/dms/image/v2/D4E0BAQGUgyVIgysnMw/company-logo_100_100/company-logo_100_100/0/1736962441522/molitalia_logo?e=2147483647&v=beta&t=Vc8XXpvo_ZGAN871jYrAar4d8zHVvNa9vx4_EPIDs6E,,,,,,,,,,,,"""Sociologia"""
li-4433972611,linkedin,https://www.linkedin.com/jobs/view/4433972611,,Asistente de Trade Marketing y Diseño,Constructora Galilea Perú,"Lima, Peru",2026-07-06,fulltime,,,,,,False,mid-senior level,Marketing and Sales,,,"Constructora Galilea es una empresa comprometida con nuestro país desde el año 2009, participando activamente en el sector inmobiliario, desarrollando y construyendo proyectos integrales de vivienda. En esta ocasión nos encontramos en búsqueda de un
 **Asistente de trade marketing** 
 para la ciudad de
 **Lima.**
**Objetivo**
 Brindar soporte en la ejecución y seguimiento de iniciativas de trade marketing, contribuyendo a fortalecer la presencia de marca, la correcta implementación de campañas y materiales comerciales, así como la mejora de la experiencia y recorrido del cliente en los puntos de atención.
   

  

**Funciones**
* Diseñar y adaptar piezas gráficas publicitarias para redes sociales, publicidad, material impreso, herramientas de venta, sala de ventas, etc.
* Editar, producir y adaptar contenido audiovisual para formatos digitales (reels, stories, videos cortos y piezas promocionales .
* Mantener actualizado el banco de recursos y archivos gráficos de área.
* Apoyar en la implementación de material publicitario, paneles, señaléticas y branding en salas de venta y puntos de atención.
* Verificar la correcta implementación de campañas y lineamientos visuales en los proyectos.
* Realizar seguimiento al estado y uso de materiales publicitarios.
* Coordinar con proveedores y distintas áreas para la implementación de campañas y materiales.
* Apoyar en visitas y levantamiento de observaciones relacionadas con ejecución comercial.


 Requisitos
   

  

  

* Egresado bachiller (indispensable) de las carreras de Marketing, Comunicaciones, Publicidad, Diseño, Administración, Ingeniería Industrial o carreras afines.
* Experiencia mínima de 1 año en el cargo o puestos similares.
* Experiencia en coordinación con proveedores
* Manejo indispensable de Microsoft Office, Adobe Creative, Canva y herramientas de diseño gráfico.
* Conocimiento en Diseño de piezas gráfica y edición de video. (Nivel avanzado)
* Conocimiento en Redacción publicitaria (Nivel intermedio).
* Capacidad para trabajar en equipo, gestionar múltiples proyectos y cumplir plazos establecidos.
* Deseable experiencia en empresas de los sectores inmobiliario, retail o consumo masivo


 Beneficios
   

  

* Planilla desde el primer día.
* EPS cubierta al 100%.
* Seguro oncológico con 80% de descuento aprox.
* Utilidades.
* Convenios corporativos y recreativos.
* Cuponera de horas libres.
* Universidad corporativa con acceso ilimitado.


 Somos una empresa peruana con más de 15 años en el mercado. Desarrollamos y construimos proyectos integrales de vivienda y hoy somos los líderes en la región norte con más de 7,500 casas entregadas en Piura, Chiclayo, Trujillo y Chimbote.",Construction,https://pe.linkedin.com/company/constructora-galilea-sac,https://media.licdn.com/dms/image/v2/C4E0BAQHBhrJZQODx5g/company-logo_100_100/company-logo_100_100/0/1630585167868/constructora_galilea_sac_logo?e=2147483647&v=beta&t=tXH8zaiWGkIHqMy9ET7ZdbVlBJUceNBR62H1xka62wM,,,,,,,,,,,,"""Sociologia"""
li-4433740099,linkedin,https://www.linkedin.com/jobs/view/4433740099,,"Jefe/a de Transformación Digital, Datos & IA",Camposol S. A.,"Chao, La Libertad, Peru",2026-07-04,fulltime,,,,,,False,entry level,Information Technology,,,"**Descripción**
**Llevamos lo mejor del campo al mundo. ¡Súmate a una de las empresas agroindustriales más grandes! 🍇🥭🥑🍊🍒**
 Somos una multinacional peruana líder en la industria de la agroexportación, con presencia en Perú, Colombia, Chile y Uruguay, y oficinas comerciales en Estados Unidos, Europa y Asia. Nuestros productos llegan a más de 40 países, destacándonos por ofrecer frutas de la más alta calidad, como paltas, arándanos, uvas, mangos, mandarinas, cerezas, entre otras.
   

  

 Comprometidos con la excelencia en el cultivo, procesamiento y comercialización de productos agrícolas, seguimos creciendo y buscamos incorporar al mejor talento a nuestro equipo.
   

  

 ¡Sé parte de nuestra historia!
   

  

 Actualmente, estamos en búsqueda de un(a):
 **Jefe/a de Transformación Digital, Datos \& IA**
**Tu Impacto En Nuestro Equipo**
 Liderar la estrategia, evolución, desarrollo, integración y soporte de las aplicaciones empresariales, plataformas de datos e iniciativas de innovación tecnológica de Camposol, asegurando la alineación con los objetivos del negocio mediante soluciones digitales, analítica avanzada, inteligencia artificial, arquitecturas escalables e integraciones corporativas; garantizando la entrega de proyectos en calidad, costo, plazo, seguridad y continuidad operacional.
   

  

**Responsabilidades**
* Definir y mantener el roadmap de aplicaciones, datos, BI e innovación digital, priorizando iniciativas con las áreas de negocio y la Gerencia de TI.
* Planificar, estimar y controlar recursos, personas, tiempos, presupuesto, riesgos y dependencias de proyectos tecnológicos desde el anteproyecto hasta la implementación y estabilización.
* Liderar equipos internos y externos de desarrollo, analítica, integración y soporte, promoviendo metodologías ágiles, mejora continua y orientación a resultados.
* Impulsar la adopción de Inteligencia Artificial, automatización inteligente, analítica avanzada y herramientas digitales, bajo criterios de valor, gobierno, seguridad y uso responsable.
* Supervisar el ciclo de vida de desarrollo de software, incluyendo diseño funcional y técnico, backend, frontend, bases de datos, APIs, pruebas, DevOps y despliegues.
* Gestionar integraciones entre SAP, aplicaciones satélite, plataformas de datos y soluciones externas, definiendo estándares de interoperabilidad y consistencia de información.
* Monitorear indicadores de gestión del área: avance de proyectos, SLA, disponibilidad, calidad de entregables, deuda técnica, adopción, satisfacción usuaria y cumplimiento presupuestal.


**Requisitos**
* Profesional en Ingeniería de Sistemas, Software, Industrial, Informática, Computación o carreras afines.
* Deseable maestría en Tecnología de Información, Transformación Digital, Ciencia de Datos, Innovación o MBA.
* Experiencia general de 4 a 8 años en Tecnología de Información, con 2 a 6 años liderando equipos de desarrollo, aplicaciones, arquitectura, datos o transformación digital.
* Experiencia gestionando proyectos tecnológicos, proveedores, contratos, SLA, estimaciones, entregables y aseguramiento de calidad.
* Conocimientos sólidos en gestión de proyectos bajo metodologías PMI, Scrum, Kanban y enfoques ágiles.
* Dominio técnico en arquitectura empresarial, arquitectura de soluciones, APIs, microservicios, Data Lake/Lakehouse, gobierno de datos, BI, IA generativa, automatización y DevOps.
* Deseable experiencia en integraciones SAP/SAP BTP y en sectores agroindustriales, manufactura, logística o supply chain, con manejo de Office avanzado e inglés avanzado deseable.


 ✨ Postula con nosotros y da el primer paso hacia una carrera llena de oportunidades y desafíos, para que juntos
 **trabajemos el campo para mejorar vidas** 
 💚
   

  

 En Camposol promovemos la
 **inclusión de personas con discapacidad y la equidad de género** 
 , con igualdad de condiciones y beneficios para mujeres y hombres.
   

  

 Référence de l'offre : ens4xoxmun",Ranching and Fisheries,https://pe.linkedin.com/company/camposol,https://media.licdn.com/dms/image/v2/C4E0BAQEEKKMWRL-5XA/company-logo_100_100/company-logo_100_100/0/1630609464549/camposol_logo?e=2147483647&v=beta&t=8sX72hyy4_v44ZOf5RplRVuLPM923cGBj8n10Zq6CNg,,,,,,,,,,,,"""Sociologia"""
li-4436346176,linkedin,https://www.linkedin.com/jobs/view/4436346176,,Analista de servicios de apoyo al aprendizaje e investigación,Universidad Privada Antenor Orrego,"Trujillo, La Libertad, Peru",2026-07-02,fulltime,,,,,,False,not applicable,Other,,,"**Objetivo Del Puesto**
 Gestionar, organizar y facilitar el acceso a recursos físico y digitales, formando a los usuarios en competencias informacionales asegurando los servicios de calidad de la Oficina de Biblioteca y gestión de conocimiento.
   

  

**Funciones**
* Proponer la distribución de actividades de los auxiliares de la Oficina de Biblioteca y Gestión del Conocimiento para la optimización del proceso de circulación y servicios de los diferentes niveles de la Oficina de Biblioteca y Gestión del Conocimiento, asegurando el funcionamiento del acceso oportuno a los servicios y recursos de información para todos los usuarios (estudiantes, docentes y administrativos de la universidad).
* Analizar, recopilar y reportar información de los indicadores del uso de los servicios y recursos de información físicos y virtuales de la Oficina de Biblioteca y Gestión del Conocimiento.
* Elaborar indicadores para evaluar las actividades desempeñadas por el personal a su cargo de la Oficina de Biblioteca y Gestión del Conocimiento.
* Apoyar en la indización, clasificación, normalización y procesos complementarios de la colección bibliográfica, así como participar en los procesos de selección, adquisición y expurgo de la colección bibliográfica de la Oficina de Biblioteca y Gestión del Conocimiento.
* Establecer programas de servicios de referencia y atención al usuario que respondan a las necesidades de información, y elaborar tutoriales para fortalecer las habilidades informacionales de los usuarios en la recuperación de la información.
* Brindar asesoría a los usuarios sobre el uso de gestores bibliográficos, referencias y citas bibliográficas, derechos de autor, propiedad intelectual y otros.
* Proponer guías y manuales de los recursos de información de la Oficina de Biblioteca y Gestión del Conocimiento para mejorar la usabilidad de los servicios, de acuerdo con las funciones de su puesto.
* Elaborar alertas bibliográficas, blogs, listas de discusión, correos electrónicos u otros recursos específicos para incrementar el acceso a las fuentes de información de la Oficina de Biblioteca y Gestión del Conocimiento, en función de las necesidades informativas de la comunidad universitaria.
* Recopilar, analizar y consolidar los resultados de los informes semanales de las actividades desarrolladas por el personal a su cargo.
* Compilar información del personal a su cargo respecto a las necesidades de los estudiantes y proponer acciones de mejora.


**Requisitos**
* Bibliotecólogo titulado y colegiado.
* Mínimo 4 años o más en puestos de trabajo o actividades similares al puesto, en jefaturas de bibliotecas, centros de documentación o centros de información.
* Certificaciones en:
* Sistema de gestión de biblioteca Symphony.
* Catalogación y formato MARC.
* Formación de usuarios.
* Alfabetización informacional.
* Conocimientos técnicos en:
* Planificación y administración de los recursos de la información.
* Catalogación, indización y clasificación bibliográfica.
* Formación de usuarios y alfabetización informacional.
* Manejo de sistemas integrados de biblioteca (Symphony, Koha, etc.).
* Manejo de bases de datos de información.
* Manejo de Office Windows y aplicativos.",Higher Education,https://pe.linkedin.com/school/universidad-privada-antenor-orrego/,https://media.licdn.com/dms/image/v2/C4D0BAQE-HsHwX3e6Lg/company-logo_100_100/company-logo_100_100/0/1631308761181?e=2147483647&v=beta&t=zvqlsFj5GITWG8g_hIXequhbd1KA9JqVNaI8w7g7b_Q,,,,,,,,,,,,"""Sociologia"""
li-4447704847,linkedin,https://www.linkedin.com/jobs/view/4447704847,,Analista Funcional Oracle Jr.,Hitss Perú,"La Victoria, Peru",,fulltime,,,,,,False,mid-senior level,,,,"🚀 En
 **HITSS** 
 nos encontramos en la búsqueda de un
 **Analista Funcionale** 
 para formar parte de un proyecto con nuestro cliente
 **Claro Perú** 
 .
 



  




 ¿Qué harás?
 
  




* Analizar y comprender requerimientos funcionales y técnicos.
* Participar en reuniones de levantamiento y entendimiento con usuarios.
* Desarrollar los requerimientos asignados.
* Elaborar documentación funcional (manuales y procedimientos).
* Revisar incidencias y realizar seguimiento a los requerimientos.



  




 Requisitos
 
  




* Egresado o Bachiller en Ingeniería de Sistemas, Ingeniería Informática o carreras afines.
* Mínimo 2 años de experiencia como Analista Funcional.
* Experiencia en levantamiento, análisis y documentación de requerimientos.
* Conocimientos en
 **PL/SQL** 
 , elaboración de scripts y modelado de datos.
* Manejo avanzado de Microsoft Office.
* Deseable experiencia en el sector telecomunicaciones y conocimientos en
 **cBio, SGA, BSCS7, PVU** 
 y bases de datos/SQL.",IT Services and IT Consulting,https://pe.linkedin.com/company/hitss-peru,https://media.licdn.com/dms/image/v2/D4E0BAQGri8qVkgCxqQ/company-logo_100_100/company-logo_100_100/0/1736349171028/hitss_peru_logo?e=2147483647&v=beta&t=Qj1PX9ylidmc9sv8bo02kHKP897v3UU0IjWcpNFew_g,,,,,,,,,,,,"""Sociologia"""
li-4447516381,linkedin,https://www.linkedin.com/jobs/view/4447516381,,ANALISTA DE CALIDAD TI,Universidad Católica Santo Toribio de Mogrovejo,"Chiclayo, Lambayeque, Peru",,fulltime,,,,,,False,not applicable,Quality Assurance,,,"En la Universidad Católica Santo Toribio de Mogrovejo nos encontramos en la búsqueda del mejor talento para nuestro equipo de Dirección de Tecnologías de la Información.
   

  

 Te invitamos a formar parte de la gran familia USAT y pertenecer a nuestro staff de profesionales que se suman a impactar la vida de nuestros estudiantes y de la comunidad.
   

  

**Requisitos**
* Profesionales de las carreras de Ingeniería de Sistemas, Ingeniería de Software, Ingeniería Informática o carreras afines.
* Experiencia mínima de 3 años en el puesto o similares. (Indispensable)
* Certificación en Pruebas de software.
* Certificación en Metodologías ágiles \- SCRUM.


**Conocimientos Técnicos**
* Técnicas de diseño y ejecución de pruebas de software
* Estándares de calidad de software
* Programación de Asp .NET
* SQL Server
* Análisis de procesos BPM
* Versionado con GIT


**Funciones**
* Definir, mantener y documentar los criterios y atributos de calidad del software.
* Diseñar los planes de prueba, elaborando los casos de prueba, criterios de aceptación y coberturas requeridas.
* Ejecutar las pruebas de validación en los entornos correspondientes, registrando hallazgos, comunicando incidencias al equipo de desarrollo y verificando las correcciones mediante pruebas de regresión.
* Gestionar la aprobación y pase a producción de los entregables, verificando el cumplimiento de requisitos, obteniendo la conformidad del usuario funcional y participando en sesiones de demostración.
* Documentar los resultados, evidencias e informes del proceso de pruebas, compartiendo lecciones aprendidas con el equipo.
* Capacitar a los usuarios en los módulos validados, brindar soporte técnico especializado ante incidencias post\-implementación y participar en reuniones de coordinación técnica.


**Beneficios**
* Formar parte de la Universidad más prestigiosa de la región.
* Beneficios corporativos y de acuerdo a ley, entre otros.
* Salario acorde al mercado.


 Envíanos tu CV al correo indicando en ASUNTO:
 **CONV. ANALISTA DE CALIDAD TI**
 En USAT promovemos una cultura organizacional inclusiva y respetuosa de la diversidad, en concordancia con la Ley N.º 29973 y la Ley N.º 26772\.
   

  

 ¡USAT, comprometidos con tu proyecto de vida!",Commercial and Service Industry Machinery Manufacturing,https://pe.linkedin.com/school/usatenlinea/,https://media.licdn.com/dms/image/v2/C560BAQFnd6kLnHjnSw/company-logo_100_100/company-logo_100_100/0/1631364257836?e=2147483647&v=beta&t=8u7ua6uOISBq_EtYwLE2h_FZzqxzTgruJImL4Jay-1k,,,,,,,,,,,,"""Sociologia"""
li-4447706995,linkedin,https://www.linkedin.com/jobs/view/4447706995,,"(Zona Tuman/Pátapo) Asesor en Formación Crédito Grupal, Agencia Ferreñafe",Compartamos Banco Perú,"Lambayeque, Peru",,fulltime,,,,,,False,mid-senior level,Other,,,"¡COMPARTAMOS BANCO BUSCA TALENTOS COMO TÚ!
   

  

 Somos una empresa del Grupo Gentera, especializada en microfinanzas y uno de los mejores lugares para trabajar en el Perú, según Great Place to Work Institute. Continuamos creciendo a nivel nacional, por eso buscamos personal altamente calificado. Postula y únete a este gran equipo que trabaja poniendo a las personas en el centro de todas sus acciones.Puesto
   

  

 Asesor en Formación Crédito Grupal Agencia Ferreñafe \- zona de trabajo en campo: TUMAN \- PÁTAPO.
   

  

 Funciones
   

  

* Identificar clientes potenciales mediante la promoción en la zona de influencia, dando a conocer los productos, planeando y documentando las actividades realizadas acorde a los procedimientos establecidos en la institución.
* Impartir a los Grupos que obtendrán un crédito grupal el taller de Educación Financiera.
* Promocionar los productos adicionales que se pueden obtener como beneficio de ser clienta de Crédito Súper Mujer.
* Conocer y aplicar las políticas, normas y procedimientos establecidos en el MANUAL PARA LA PREVENCIÓN DEL LAVADO DE ACTIVOS Y DEL FINANCIAMIENTO DEL TERRORISMO.


 Perfil
   

  

* Formación: Estudios técnicos o universitarios truncos en antropología, sociología, trabajo social, psicología, educación; carreras administrativas o carreras afines.
* Experiencia: Experiencia de 3 meses en trabajo de campo como promotor de ventas, asesor comercial.
* Conocimientos: Office a nivel usuario.
* Disponibilidad para trabajo de campo.
* Residir en Tuman, Pátapo, Pucalá o en zonas al aledañas.
* Disponibilidad de trasladarse de manera eventual a agencia Ferreñafe.


 Beneficios
   

  

* Sueldo básico.
* Variable por cumplimiento de metas.
* Movilidad.
* Excelente clima laboral.
* Línea de carrera según desempeño.
* EPS.
* Seguro de vida desde el primer día de trabajo.
* Beneficios corporativos.


 “La presente convocatoria es aplicable a personas con discapacidad, en conformidad a lo establecido en la Ley N° 29973, Ley de la Persona con Discapacidad y su Reglamento"".",Financial Services,https://pe.linkedin.com/company/compartamosbancoperu,https://media.licdn.com/dms/image/v2/D4E0BAQHUhv9XVEWBlg/company-logo_100_100/B4EZVbZxUwGYAQ-/0/1740995237657/compartamosbancoperu_logo?e=2147483647&v=beta&t=HL32UE74Ue0xhneGFUTeKiOi26YghW6O5QXdAErAehk,,,,,,,,,,,,"""Sociologia"""
li-4447529319,linkedin,https://www.linkedin.com/jobs/view/4447529319,,Venta en campo Asesor(a) de Negocios Crédito Grupal  Agencia Los Olivos,Compartamos Banco Perú,"Los Olivos, Peru",,fulltime,,,,,,False,entry level,"Consulting, Information Technology, and Sales",,,"¡COMPARTAMOS BANCO BUSCA TALENTOS COMO TÚ!
   

  

 Somos una empresa del Grupo Gentera, especializada en microfinanzas y uno de los mejores lugares para trabajar en el Perú, según Great Place to Work Institute. Continuamos creciendo a nivel nacional, por eso buscamos personal altamente calificado. Postula y únete a este gran equipo que trabaja poniendo a las personas en el centro de todas sus acciones.
   

  

 Puesto: ASESOR DE NEGOCIOS CRÉDITO GRUPAL \- AGENCIA HUANDOY
   

  

 ¿A QUIÉN BUSCAMOS?
   

  

* Estudiante técnico/universitario (del último año, egresado y/o trunco) de las carreras de: Administración, Economía, Contabilidad, Sociología, Psicología, Educación, Ingeniería Industrial o carreras afines.
* Técnicos a partir del 3er ciclo o Universitarios desde el 5to ciclo en adelante.
* Deseable experiencia en labor de campo en cargos similares como atención al cliente y/o ventas. (no indispensable)


 ¿CUÁLES SERÁN TUS PRINCIPALES RESPONSABILIDADES?
   

  

* Fortalecer la venta de productos de Crédito Grupal en campo, cumpliendo los lineamientos de la empresa para generar valor social, económico y humano.
* Difundir y captar clientes en el mercado objetivo. (trabajo de campo)
* Realizar actividades de promoción para colocación de créditos.
* Brindar un servicio personalizado de calidad.


 ¿QUÉ BUSCAMOS EN TI?
   

  

* Proactividad.
* Trabajo en equipo.
* Orientación a los resultados.
* Capacidad de adaptarse a los cambios.


 ¿QUÉ OFRECEMOS?
   

  

* Remuneración acorde al mercado.
* Variable por cumplimiento de metas.
* Ingreso a planilla con todos los beneficios de ley desde el primer día de gestión.
* Movilidad.
* Se ofrece una amplia línea de carrera (Desarrollo profesional)
* EPS.
* Grato ambiente laboral.
* Seguro de vida desde el primer día de trabajo.
* Beneficios corporativos.


 ¡Atrévete a un cambio y forma parte de nuestra gran familia Compartamos!
   

  

 “La presente convocatoria es aplicable a personas con discapacidad, en conformidad a lo establecido en la Ley N° 29973, Ley de la Persona con Discapacidad y su Reglamento.”",Financial Services,https://pe.linkedin.com/company/compartamosbancoperu,https://media.licdn.com/dms/image/v2/D4E0BAQHUhv9XVEWBlg/company-logo_100_100/B4EZVbZxUwGYAQ-/0/1740995237657/compartamosbancoperu_logo?e=2147483647&v=beta&t=HL32UE74Ue0xhneGFUTeKiOi26YghW6O5QXdAErAehk,,,,,,,,,,,,"""Sociologia"""
li-4447515389,linkedin,https://www.linkedin.com/jobs/view/4447515389,,DOCENTES PARA MAESTRÍAS,Universidad Norbert Wiener,"Lima, Peru",,fulltime,,,,,,False,not applicable,Education and Training,,,"Somos la
 **Universidad Privada Norbert Wiener** 
 , licenciada por
 **SUNEDU** 
 , certificada por
 **GTPW 2022** 
 y orgullosos de contar con
 **4QS Star** 
 . Nos encontramos en la búsqueda de docentes para nuestras
 **Maestrías:** 
 profesionales apasionados por transformar vidas a través de una educación de clase mundial.
   

  

**Requisitos**
 A continuación, te compartimos los detalles:
   

  

* Profesionales de educación, psicología, derecho, carreras de salud o afines.
* Contar con el grado de Magíster o Doctor (Indispensable ser validado por Sunedu).
* Si cuenta con estudios en el extranjero, el grado debe estar homologado en nuestro país por SUNEDU.
* Experiencia profesional comprobada.
* Experiencia como docente de educación superior.
* Experiencia en elaboración de materiales y gestión de cursos (deseable).
* Compromiso, proactividad y pasión por la educación ¡¡¡Indispensable!!!


**Maestrías**
* MAESTRÍA DE GESTIÓN EN SALUD
* MAESTRÍA EN GESTIÓN DEL TALENTO HUMANO Y LIDERAZGO ORGANIZACIONAL
* MAESTRÍA EN DIRECCIÓN DE OPERACIONES Y LOGÍSTICA GLOBAL
* MAESTRÍA EN DERECHO CORPORATIVO Y EMPRESARIAL
* MAESTRÍA EN DOCENCIA UNIVERSITARIA
* MAESTRÍA EN GESTIÓN DE LA SALUD OCUPACIONAL Y PREVENCIÓN DEL RIESGO LABORAL


**Funciones**
* Desarrollo de las sesiones de clase según el sílabo del curso asignado.
* Evaluar el proceso de enseñanza\-aprendizaje.
* Registrar los resultados (notas) en las fechas programadas.
* Participar en las reuniones y actividades de la institución.


**Beneficios**
* Ingreso a planilla con beneficios de ley desde el primer día.
* Remuneración acorde al mercado.
* Descuentos Corporativos.


 ¡Postula y sé parte de esta gran familia! Impulsemos juntos la calidad de vida de las familias peruanas a través del poder transformador de la educación.
   

  

* En la Universidad Norbert Wiener estamos comprometidos a brindar igualdad de oportunidades para todos los candidatos(as) respetando la inclusión, la diversidad y fomentando un espacio libre de discriminación.
* En la Universidad Norbert Wiener nos caracterizamos por ser una organización socialmente responsable, que no consiente actos de discriminación en nuestros procesos y velamos por el cumplimiento de la ley N° 29973\.
* De conformidad con lo señalado en la Ley N°29733, Ley de Protección de Datos Personales y su Reglamento aprobado por el Decreto Supremo N° 003\-2013\-JUS, en el presente acto EL POSTULANTE autoriza a LA UNIVERSIDAD al uso de los datos personales y de los datos sensibles que pueda proporcionar en el desarrollo del proceso de postulación y solo para los efectos de la misma.",Commercial and Service Industry Machinery Manufacturing,https://pe.linkedin.com/school/universidadnorbertwiener/,https://media.licdn.com/dms/image/v2/D4E0BAQEOdmY8nYMYFg/company-logo_100_100/B4EZ9I7aT0HsAI-/0/1783634961944/universidadnorbertwiener_logo?e=2147483647&v=beta&t=ZeSo6ZwSbJSF8SRjgmUCBLQG2bVVTv_fE5HmYX3a9tM,,,,,,,,,,,,"""Sociologia"""
in-71a4627359f8b41e,indeed,https://pe.indeed.com/viewjob?jk=71a4627359f8b41e,https://acciona.wd3.myworkdayjobs.com/en-US/ACCIONA_Employment_Channel/job/Lima/GESTOR-PREDIAL-Y-SOCIAL_20099836-1,GESTOR PREDIAL Y SOCIAL,Acciona,"Lima, LIM, PE",2026-07-27,,,,,,,False,,,,,"**Somos una compañía internacional formada por más de 65\.000 empleados y presente en más de 40 países de los cinco continentes. Líderes en innovación y desarrollo tecnológico, buscamos expertos en impulsar el desarrollo sostenible y encontrar soluciones a los mayores retos mundiales, como el calentamiento global, la superpoblación y la escasez hídrica.**

**Descripción del puesto**


En **Acciona** para su negocio de **Transmisión Perú S.A.,** se requiere contratar un Gestor Predial y Social, para su proyecto CTMQ localizado en CUSCO:

**Misión:**  

Brindar soporte en la gestión social y predial de los proyectos de transmisión eléctrica, asegurando el adecuado relacionamiento con las comunidades y propietarios involucrados, y contribuyendo a la implementación efectiva de las estrategias de gestión social y cumplimiento de compromisos asumidos.

**Requisitos del candidato**

 **Funciones:**

**Soporte Operativo:** Brindar apoyo y acompañamiento al equipo responsable de la gestión predial y social en los proyectos asignados.

**Control de Compromisos:** Realizar seguimiento al cumplimiento de acuerdos y compromisos establecidos con los diferentes grupos de interés.

**Control de reclamos:** Implementar el procedimiento de atención de quejas, consultas y reclamos.


Supervisión de Terceros: Hacer seguimiento a las contratistas para asegurar el cumplimiento del alcance de sus contratos.

**Gestión de Riesgos:** Mapear y alertar de algún riesgo en la gestión predial y social.

**Manejo de Conflictos:** Proponer estrategias para la solución de controversias o conflictos.

**Inversión Social:** Implementar el programa de apoyo social a las comunidades campesinas que se encuentren en el tramo asignado.

**Representación en Campo:** Asistir a reuniones con comunidades, autoridades locales, supervisiones u otros actores involucrados en los proyectos.

**Soporte Logístico:** Gestionar los requerimientos logísticos necesarios para la implementación de actividades sociales o prediales.

**Comunicación interna:** Mantener una comunicación constante con los equipos técnicos, legales y ambientales para asegurar la coherencia en la gestión territorial.

**Flexibilidad Operativa:** Desempeñar otras funciones asignadas por su jefe directo relacionadas con la naturaleza del puesto.

**Perfil requerido**

**Formación académica / Titulación:**

* Bachiller de las carreras de agronomía, derecho, antropología o carreras afines.
* Curso de especialización o diplomado en gestión de conflictos socioambientales.

**Experiencia:**

* Es necesaria la experiencia mínima de 03 año en gestión predial o social de proyectos lineales (gaseoducto, electricidad, carreteras).

**Idiomas y nivel requerido**

* Nivel intermedio\-avanzado (mínimo B2\)

**Conocimientos complementarios**

* Curso o taller en Relaciones Comunitarias, Mediación de Conflictos o Gestión predial.
* Conocimiento de herramientas digitales como Google Earth.
* Conocimiento de Microsoft office.

**Otros Requisitos:**

* Licencia de conducir Categoría A\-1 – vigente (Deseable)

**Disponibilidad para viajar** – SI


ACCIONA ha recibido la certificación Top Employer 2024 y 2025\. Este sello reconoce a la Compañía como una de las mejores empresas para trabajar por su compromiso en situar la gestión de las personas como eje central de su estrategia. Somos una compañía con igualdad de oportunidades y estamos comprometidos con la diversidad. ACCIONA está alineada con la ley Nº 27278 y prohíbe la discriminación basada en el género, raza, religión o idioma.",Energy And Utilities,https://pe.indeed.com/cmp/Acciona,https://d2q79iu7y748jz.cloudfront.net/s/_squarelogo/256x256/4dad86700c0cf6532e52c9ebd7284359,http://www.acciona.es/,"Madrid, SP","10,000+",more than $10B (USD),,,,,,,,"""Antropologia"""
in-58553d413251bc99,indeed,https://pe.indeed.com/viewjob?jk=58553d413251bc99,https://credicorp-capital.hirehive.com/service-designer-lima-gXRLe5?source=Indeed,Service Designer,CREDICORP CAPITAL,"Lima, LIM, PE",2026-07-21,fulltime,,,,,,False,,,,,"**Credicorp Capital** te invita a Convertir Desafíos en Oportunidades y ser nuestro próximo/a **Service Designer**, que trabajará en el **CoE de Diseño Estratégico y Experiencia** en **Lima, Perú** y **Bogotá, Colombia**.

 **Misión:**


Diseñar e intervenir journeys end\-to\-end aplicando metodologías de service design (research, blueprinting, prototipado), asegurando consistencia entre etapas y liderando journeys de complejidad media.

**Principales Responsabilidades:**

* Diseña e interviene journeys end\-to\-end aplicando metodologías de service design (research, journey mapping, blueprinting, prototipado) en momentos clave de la experiencia del cliente (onboarding, asesoría, contratación de productos, atención post\-venta).
* Service mapping: Construir, diseñar e intervenir Service Blueprints y Journey Maps as\-is y to\-be, identificando puntos de dolor críticos y oportunidades de mejora que generen valor diferencial en el negocio y los usuarios.
* Diseño de prototipos y validación de hipótesis: Diseñar pruebas de concepto, pilotos, prototipos, entre otros artefactos que permiten validar hipótesis, dimensionar demanda y recopilar datos.
* Impulsar la especialidad de Service Design: Contribuir a la especialidad de Service Design, dentro del CoE de Diseño Estratégico CX, con buenas prácticas, aprendizajes y nuevos frameworks.

 **Requisitos de Postulación:**

* Profesional en Diseño, Psicología, Economía Conductual, Antropología, Ingeniería Industrial o afines. Deseable especialización o maestría en Service Design o Behavioral Design.
* Experiencia de 3 años en Service Design, Business Design o roles similares.
* Manejo de Inglés a nivel Intermedio.
* Manejo de Softwares como Figma, Miro, Maze, Condens, Dovetail, Hotjar y/o semejantes.

**Otros conocimientos:**

* Design Research, Investigación cualitativa/cuantitativa.
* Metodologías como Design Thinking, Lean Startup, Business Model Canvas, etc.
* Diseño de Service Blueprints, Journey Maps as\-is y to\-be.
* Data mindset: toma de decisiones basadas en data relevada del usuario para mitigar sesgos.
* Storytelling, capacidad para influir y manejo de presentaciones ejecutivas.
* Experiencia en sector financiero, experiencia en startups. (Deseable)

***Esta convocatoria se encuentra disponible también para personas con discapacidad.***",,https://pe.indeed.com/cmp/Credicorp-Capital,,https://www.credicorpcapital.com,Santiago,"501 to 1,000",,,,,,,,,"""Antropologia"""
in-6f304dddb4a9e92b,indeed,https://pe.indeed.com/viewjob?jk=6f304dddb4a9e92b,https://credicorp-capital.hirehive.com/research-ops-lima-hxAR6K?source=Indeed,Research Ops,CREDICORP CAPITAL,"Lima, LIM, PE",2026-07-21,fulltime,,,,,,False,,,,,"**Credicorp Capital** te invita a Convertir Desafíos en Oportunidades y ser nuestro próximo/a **Research Ops**, que trabajará en el **CoE de Diseño Estratégico y Experiencia** en **Lima, Perú.**

**Misión:**


Liderar la rama ResearchOps de la vertical DesignOps: industrializar la práctica de research y validación de Credicorp Capital, operando los paneles regionales de usuarios, el repositorio centralizado de insights, el programa estandarizado de usability testing y el sistema de validación pre\-producción, combinando profundidad en investigación con mirada de diseño de servicios, de forma que la operación de investigación de diseño y experiencia esté al servicio de journeys completos.

**Principales Responsabilidades:**

* Construye y opera paneles regionales de usuarios (Customer Panels) con segmentación por arquetipo y línea de negocio, y modelos de reclutamiento propios y con proveedores.
* Lidera el repositorio centralizado de insights (Hub): taxonomías, acceso y democratización hacia equipos de producto, negocio y CX.
* Co\-construye y opera el programa estandarizado de usability testing con validación pre\-producción.
* Lidera la gestión de proveedores (plataformas, agencias de reclutamiento, herramientas de transcripción/análisis), gobierna ética, privacidad y cumplimiento regulatorio de las investigaciones de Diseño y Experiencia.
* Democratiza la práctica con playbooks de research liviano y training a Product Designers, Service Designers, equipo de CX y equipos relevantes en la compañía.
* Define y reporta KPIs del frente ResearchOps (time\-to\-insight, costo unitario por estudio, cobertura de research en iniciativas priorizadas).

 **Requisitos de Postulación:**

* Profesional en Diseño, Psicología, Economía Conductual, Antropología, Ingeniería Industrial o afines. Deseable especialización o maestría en Service Design o Behavioral Design.
* Experiencia de 3 años en Investigación de mercados, Service Design, Design Resaerch, DesignOps o roles similares.
* Manejo de Inglés a nivel Intermedio.
* Manejo de Softwares como Figma, Miro, Maze, Condens, Dovetail, Hotjar y/o semejantes.

**Otros conocimientos:**

* Experiencia escalando operaciones de Research (deseable).
* Design Research, Investigación cualitativa/cuantitativa.
* Metodologías como Design Thinking, Lean Startup, Business Model Canvas, etc.
* Data mindset: toma de decisiones basadas en data relevada del usuario para mitigar sesgos.
* Storytelling, capacidad para influir y manejo de presentaciones ejecutivas.
* Experiencia en sector financiero, experiencia en startups. (Deseable)

***Esta convocatoria se encuentra disponible también para personas con discapacidad.***",,https://pe.indeed.com/cmp/Credicorp-Capital,,https://www.credicorpcapital.com,Santiago,"501 to 1,000",,,,,,,,,"""Antropologia"""
li-4445766753,linkedin,https://www.linkedin.com/jobs/view/4445766753,,Recruiting Analyst - Remote Work,BairesDev,"Cajamarca, Peru",2026-07-28,fulltime,,,,,,True,mid-senior level,Information Technology,,,"At BairesDev®, we've been leading the way in technology projects for over 15 years. We deliver cutting\-edge solutions to giants like Google and the most innovative startups in Silicon Valley.
 



  





 Our diverse 4,000\+ team, composed of the world's Top 1% of tech talent, works remotely on roles that drive significant impact worldwide.
 



  





 When you apply for this position, you're taking the first step in a process that goes beyond the ordinary. We aim to align your passions and skills with our vacancies, setting you on a path to exceptional career development and success.
 



  





 Recruiting Analyst at BairesDev
 



  





 We are looking for a Recruiting Analyst to join our Recruiting team and lead short\- and long\-term projects. We are looking for proactive, dynamic team players with great organizational capacity, accustomed to handling multiple tasks and who pay marked attention to detail. It is a fantastic opportunity for professionals looking to advance their careers in one of the fastest\-growing companies in the industry!
 



  





 What You Will Do:
 



  





 \- Execute the staffing strategy for the company's openings.
 



 \- Correctly obtain information related to the profile and assignment of the required openings.
 



 \- Collaborate with the recruiting department to identify candidates for various openings.
 



 \- Presenting candidates to various clients and leads
 



 \- Collaborate with the Operations and Client Services areas to identify farming possibilities in the different accounts.
 



 \- Propose improvements to the staffing and recruiting processes.
 



  





 Here’s what we are looking for:
 



  





 \- Proven analytical ability, extreme attention to detail and the ability to prioritize effectively, as well as multitasking skills.
 



 \- Degree in Business, Systems, HR or in a related field.
 



 \- 3\+ years experience in Staffing or Project Management.
 



 \- Advanced English level.
 



  





 Desirable:
 



  





 \-1\+ years of experience in Recruitment.
 



  





 How we do make your work (and your life) easier:
 



  





 \- 100% remote work (from anywhere).
 



 \- Excellent compensation in USD or your local currency if preferred
 



 \- Hardware and software setup for you to work from home.
 



 \- Flexible hours: create your own schedule.
 



 \- Paid parental leaves, vacations, and national holidays.
 



 \- Innovative and multicultural work environment: collaborate and learn from the global Top 1% of talent.
 



 \- Supportive environment with mentorship, promotions, skill development, and diverse growth opportunities.
 



  





 Apply now and become part of a global team where your unique talents can truly thrive!",IT Services and IT Consulting,https://www.linkedin.com/company/bairesdev,https://media.licdn.com/dms/image/v2/D4E0BAQGNvQASzrdL_w/company-logo_100_100/company-logo_100_100/0/1687874736484/bairesdev_logo?e=2147483647&v=beta&t=O-1i-F9arEGwUjngSlvE7NWxL-mpYFwN_XZxHy0C03s,,,,,,,,,,,,"""Antropologia"""
li-4445182460,linkedin,https://www.linkedin.com/jobs/view/4445182460,,ASISTENTE PREDIAL,ACCIONA,"Lima, Peru",2026-07-27,fulltime,,,,,,False,entry level,Other,,,"**Somos una compañía internacional formada por más de 65\.000 empleados y presente en más de 40 países de los cinco continentes. Líderes en innovación y desarrollo tecnológico, buscamos expertos en impulsar el desarrollo sostenible y encontrar soluciones a los mayores retos mundiales, como el calentamiento global, la superpoblación y la escasez hídrica.**
**Descripción del puesto**
**Misión**
 Brindar soporte operativo, administrativo y de seguimiento a la gestión predial de los proyectos en los que participa, contribuyendo al cumplimiento de los objetivos de plazo, costo, calidad y gestión social, mediante la coordinación con consultoras externas, propietarios, entidades y áreas internas de la organización.
   

  

**Requisitos del candidato**
**Acciona Transmisión Perú S.A.** 
 , se encuentra en la búsqueda de un(a) Asistente Predial para brindar soporte en la gestión predial de nuestros proyectos de transmisión. Buscamos profesionales con capacidad de organización, seguimiento y coordinación, interesados en desarrollar su experiencia en proyectos de infraestructura y gestión territorial.
   

  

**Funciones**
* Apoyar en el seguimiento a las actividades de gestión predial ejecutadas por la consultora a cargo del proyecto con especial énfasis en el cumplimiento de los objetivos de plazo y costo.
* Apoyar en la supervisión y control del avance de las actividades prediales desarrolladas por las consultoras externas, verificando el cumplimiento de cronogramas y entregables.
* Apoyar en la implementación de la estrategia de gestión social – predial del proyecto en colaboración con el coordinador de sostenibilidad.
* Participar en reuniones de seguimiento estratégicas de la gestión de permisos de los proyectos en los que participa.
* Realizar seguimiento y control de los acuerdos suscritos con titulares de predios sirvientes.
* Realizar coordinaciones con notarias y la consultora predial para la formalización de los acuerdos prediales.
* Mantener actualizada la base de datos, matrices de seguimiento y el archivo documental de la gestión predial de los proyectos.
* Apoyar en el seguimiento de compromisos asumidos con propietarios, autoridades, comunidades y demás grupos de interés vinculados a la gestión predial.
* Realizar el control y seguimiento de expedientes, contratos, servidumbres, permisos y demás documentación asociada a la gestión predial.
* Apoyar en la elaboración de reportes, presentaciones ejecutivas e indicadores de gestión predial utilizando herramientas como Excel y Power BI.
* Apoyar en la elaboración y actualización de mapas, planos y registros georreferenciados mediante herramientas SIG, cuando corresponda.
* Elaborar reportes de la gestión en la que participa.
* Reportar los avances de la gestión predial de los proyectos en los que participa.
* Identificar y reportar oportunamente desviaciones, riesgos e incidencias relacionadas con la gestión predial, proponiendo acciones de seguimiento.
* Demás funciones asignadas por el jefe directo.


**Perfil requerido**
**Formación Académica / Titulación**
* Grado de bachiller en derecho, antropología, sociología, ingeniería industrial, ingeniería geógrafa o carreras afines relacionadas con la gestión territorial, social y predial.
* Se valorarán estudios complementarios o especializaciones en gestión predial, gestión social, catastro o sistemas de información geográfica (SIG).


**Experiencia**
* Es necesaria la experiencia mínima de 2 años en la gestión predial de proyectos de inversión público\-privada, preferentemente en proyectos de infraestructura o proyectos lineales.
* De preferencia, experiencia en procesos de negociación, servidumbres, seguimiento documental y relacionamiento con propietarios y grupos de interés.


**Idiomas y nivel requerido**
* Nivel alto de español.
* Nivel intermedio\-avanzado de inglés (mínimo B2\).


**Conocimientos complementarios**
* Dominio avanzado de Excel (tablas dinámicas, dashboards)
* Manejo de Power BI para reportes dinámicos, tableros ejecutivos y análisis predial (deseable).
* Conocimiento de herramientas SIG, tales como QGIS, ArcGIS y/o AutoCAD (deseable).
* Conocimiento básico de normativa predial, servidumbres y permisos aplicables a proyectos de infraestructura.
* Capacidad de organización, seguimiento y control de expedientes y documentación predial.
* Habilidades de comunicación, negociación y coordinación con actores internos y externos.
* Se valorará el conocimiento especifico en proyectos de líneas de Transmisión.


**Disponibilidad para viajar** 
 – SI
   

  

 ACCIONA ha recibido la certificación Top Employer 2024 y 2025\. Este sello reconoce a la Compañía como una de las mejores empresas para trabajar por su compromiso en situar la gestión de las personas como eje central de su estrategia. Somos una compañía con igualdad de oportunidades y estamos comprometidos con la diversidad. ACCIONA está alineada con la ley Nº 27278 y prohíbe la discriminación basada en el género, raza, religión o idioma.",Construction,https://es.linkedin.com/company/acciona,https://media.licdn.com/dms/image/v2/D4D0BAQGoNGuxWnH3Qg/company-logo_100_100/company-logo_100_100/0/1730799749003/acciona_logo?e=2147483647&v=beta&t=YcRt3IGhvi43pUF4NyTCOOI-KO9Iw_Nold1zP3TxDL0,,,,,,,,,,,,"""Antropologia"""
li-4442860810,linkedin,https://www.linkedin.com/jobs/view/4442860810,,Especialista de Aprendizaje SHE,Anglo American,"Moquegua, Moquegua, Peru",2026-07-27,fulltime,,,,,,False,associate,Human Resources,,,"**Descripción de la empresa**
 Anglo American, en sociedad con la Corporación Mitsubishi, está desarrollando la operación minera Quellaveco, uno de los yacimientos de cobre más grandes del mundo, localizado en la región de Moquegua, al sur del Perú.
   

  

 Quellaveco tendrá una vida de reservas de 30 años. Utilizará proceso minero de tajo abierto y flotación para producir concentrados de cobre, así como molibdeno y plata como subproductos. Se espera que Quellaveco produzca en promedio 300 mil toneladas de cobre por año en sus primeros 10 años de operación.
   

  

 En Anglo American nuestra estrategia es asegurar y desarrollar Quellaveco aplicando prácticas y tecnologías innovadoras que confiamos a nuestra gente. Estamos comprometidos a convertirnos en socios para el futuro, operar con seguridad, sustentabilidad y responsabilidad.
   

  

**Descripción del empleo**
 En Anglo American nos encontramos en búsqueda de un(a) Especialista de Aprendizaje SHE para ser parte de nuestro equipo de Personas y Organización, en la gerencia de Talento, Desarrollo y Cultura.
   

  

**Principal reto**
 Contribuir con la seguridad y salud ocupacional de la operación a través del cumplimiento de los requisitos legales, regulatorios y corporativos, y una gestión adecuada de los peligros y riesgos, garantizando el diseño y ejecución de actividades de formación crítica y/u obligatoria en Seguridad, Salud Ocupacional y Medio ambiente, gestionando la calidad, efectividad y monitoreo de los servicios, programas y contenidos formativos desarrollados por nuestra organización y por nuestros socios proveedores de capacitación
   

  

**Funciones principales**
* Administrar el programa anual de entrenamiento obligatorio de Seguridad, Salud Ocupacional y Medio Ambiente para los colaboradores de Anglo American y socios estratégicos.
* Asegurar el cumplimiento de los requisitos establecidos por la legislación peruana, estándares corporativos\-globales de Anglo American y necesidades estratégicas de la organización en base a las incidencias y planes futuros.
* Mantener actualizada la matriz de capacitación obligatoria según cargo, funciones y nivel de exposición a peligros y riesgos en coordinación y alineamiento a la gerencia de Seguridad y Salud Ocupacional.
* Administrar los servicios de los socios estratégicos en materia de capacitación obligatoria, validaciones, evaluaciones, acreditaciones y gestión de licencias, supervisando la calidad, progreso de los planes y oportunidades de acuerdo a las necesidades y casuística operativa
* Coordinar con las áreas de la organización a fin de ejecutar las actividades de capacitación utilizando las mejores prácticas y tipo de entrenamiento (virtual – presencial – síncrono – asíncrono – etc.) pertinentes para los diferentes grupos y locaciones.
* Ejecutar auditorías en materia de contenido, calidad y evidencias en cumplimiento a los estándares internos y legislación peruana.
* Reportar periódicamente el progreso del plan anual de capacitación; identificando potenciales desviaciones, mejores prácticas e impacto en el desempeño de los colaboradores.
* Incorporar los aprendizajes derivados de incidentes e investigaciones locales y/o globales de manera continua a los programas vigentes.
* Contribuir activamente en los programas de seguridad y salud ocupacional a fin de promover la cultura de trabajo seguro en Anglo American.
* Monitorear y gestionar indicadores de cumplimiento, cobertura, oportunidad, efectividad, calidad, cierre de brechas, ejecución presupuestal y resultados de auditoría, implementando acciones correctivas para asegurar el cumplimiento de los objetivos del programa anual.
* Identificar riesgos de cumplimiento y necesidades de capacitación derivadas de cambios regulatorios, modificaciones operativas, incorporación de nuevas tecnologías, lecciones aprendidas e incidentes críticos.
* Impulsar el uso de plataformas digitales, analítica de datos e inteligencia artificial para optimizar la gestión, trazabilidad y efectividad de la capacitación obligatoria.
* Brindar soporte y ejecutar otras actividades, proyectos o responsabilidades asignadas por su líder inmediato dentro de su ámbito de especialidad, en función de las prioridades del negocio y los objetivos de la Vicepresidencia de Personas \& Organización.


**Funciones y responsabilidades SHE**
* Conocer y aplicar los valores, principios y la Política SHE de Anglo American Quellaveco y contribuir a su visión de cero daños.
* Asegurar que las medidas de control para los peligros y riesgos de SHE, relacionadas con las actividades a desempeñar, se encuentren implementadas en el lugar de trabajo, para el desarrollo de una labor segura.
* Cumplir los estándares, procedimientos y reglamentos internos del Sistema de Gestión; así como participar activamente en las reuniones de capacitación, concientización y formación de la cultura de Cero Daños.
* Reportar oportunamente los actos y condiciones inseguras; así como los incidentes.


**Requisitos**
**Formación académica y licencia de conducir**
* Bachiller o titulado(a) en Ingeniería Industrial, Ingeniería de Minas, Ingeniería de Seguridad, Ingeniería Ambiental, Psicología, Administración o carreras afines.
* Deseable especialización en seguridad y salud ocupacional, gestión de riesgos, gestión del aprendizaje o certificaciones en auditorías o sistemas de gestión integrados.
* Licencia de conducir AI (deseable).
* Inglés nivel intermedio (deseable).


**Trayectoria laboral y conocimientos**
* Al menos 5 años en posiciones similares relacionadas a gestión de capacitación en cursos obligatorios globales, seguridad y salud ocupacional en industrias de alto riesgo (minería, energía, hidrocarburos o similares).
* Experiencia en diseño e implementación de programas de capacitación obligatoria y cumplimiento regulatorio.
* Experiencia coordinando con las áreas operativas y en gestión de auditorías (internas/externas)
* Experiencia gestionando múltiples proveedores.


**Competencias SHE**
* Capacidad para reconocer los peligros y riesgos de SHE asociados a sus actividades; así como reconocer los controles efectivos implementados.


**Información adicional**
**Sobre el rol**
* Regimen: 5x2 (4 días presencial y 1 remoto).
* Base: Quellaveco (site).
* Contrato: Permanente.


**Cierre de convocatoria**
* Miércoles 05 de agosto


 ¡Contamos contigo para cumplir nuestro propósito: Re\-imaginar la minería para mejorar la vida de las personas!",Mining,https://uk.linkedin.com/company/anglo-american,https://media.licdn.com/dms/image/v2/D560BAQHF31yEq8a7AA/company-logo_100_100/company-logo_100_100/0/1685956750990/anglo_american_logo?e=2147483647&v=beta&t=sjLodqKh00f-Er_6SqHMfIUs-xxbnDoCsXEN8Btcr6M,,,,,,,,,,,,"""Antropologia"""
li-4446152370,linkedin,https://www.linkedin.com/jobs/view/4446152370,,"Analista de Relaciones Gubernamentales, Perú",International Justice Mission,"Lima, Peru",2026-07-27,fulltime,,,,,,False,mid-senior level,Legal and Analyst,,,"Apoya el involucramiento con actores gubernamentales para impulsar respuestas colaborativas frente a problemáticas de violencia, explotación y abuso. Este rol realiza revisiones, organiza procesos de reporte y difunde información para asegurar la alineación con los estándares organizacionales y fortalecer la acción sistémica.
 



  





**Descripción del Puesto** 




**Análisis de políticas públicas y entorno institucional** 



* Realizar búsquedas, revisión y sistematización de normativa
 
 s
 
 , políticas públicas, documentos de gestión, iniciativas legislativas, información presupuestal, estadísticas y otras fuentes relevantes para las prioridades de incidencia de IJM Perú.
* Preparar notas técnicas, ayudas memoria, matrices de análisis, fichas de actores, líneas de tiempo, reportes y otros insumos para la toma de decisiones.
* Identificar riesgos, oportunidades y brechas en el entorno institucional que puedan afectar el cumplimiento de los objetivos de incidencia.



**Relacionamiento gubernamental e institucional** 



* Apoyar el fortalecimiento de relaciones profesionales con funcionarios públicos, especialistas técnicos, organizaciones de la sociedad civil, academia, cooperación internacional y otros aliados estratégicos.
* Dar seguimiento a reuniones, compromisos, acuerdos y coordinaciones con actores públicos y privados de acuerdo con las orientaciones de la Gerencia de Incidencia.
* Apoyar la difusión de información, protocolos, estándares y lineamientos institucionales para promover una coordinación efectiva con socios y entidades gubernamentales.



**Seguimiento de metas y gestión de actividades** 



* Mantener actualizadas las matrices de seguimiento de actividades, hitos, compromisos, riesgos, oportunidades y medios de verificación de la Gerencia de Incidencia.
* Monitorear el cumplimiento de cronogramas y alertar oportunamente sobre retrasos, cuellos de botella o necesidades de ajuste.
* Apoyar el seguimiento de consultorías, convenios, intervenciones, grupos de trabajo y otras iniciativas vinculadas a las metas institucionales.



**Reportes, documentación y gestión del conocimiento** 



* Organizar y mantener actualizados los sistemas de documentación, bases de datos, archivos y medios de verificación asociados a las metas de incidencia.
* Apoyar la elaboración de reportes institucionales, regionales y corporativos, incluyendo indicadores y KPI pertinentes.
* Verificar la calidad, consistencia y trazabilidad de la información reportada.



**Mapeo de actores y fortalecimiento institucional** 



* Apoyar la actualización permanente de mapas de actores, análisis de poder e identificación de aliados estratégicos.
* Identificar brechas en el involucramiento con actores clave y formular recomendaciones para fortalecer la estrategia de incidencia y relacionamiento gubernamental.
* Contribuir a la mejora continua de procesos, herramientas, sistemas de seguimiento y mecanismos de reporte de la Gerencia de Incidencia.



**Organización de actividades y espacios de articulación** 



* Coordinar aspectos logísticos, administrativos y documentarios de talleres, seminarios, reuniones, visitas técnicas y eventos relacionados con las prioridades de incidencia.
* Apoyar el relacionamiento con coaliciones, redes, plataformas y espacios de articulación interinstitucional mediante la coordinación de reuniones, circulación de información y seguimiento de acuerdos.



  





**Experiencia y requisitos** 



* Capacidad para evaluar e interpretar los procesos de involucramiento con el gobierno a fin de identificar brechas y recomendar mejoras.
* Habilidad para organizar y mantener flujos de reporte y documentación con atención a la exactitud y el cumplimiento.
* Sólida capacidad para asesorar y explicar protocolos y buenas prácticas a diversos actores para una colaboración efectiva.
* Competencia para construir y mantener relaciones profesionales con entidades gubernamentales y organizaciones socias.
* Habilidades efectivas de comunicación y resolución de problemas para apoyar el involucramiento, anticipar necesidades y brindar recomendaciones accionables.
* Profesional en: Ciencia Política, Gestión Pública, Derecho, Relaciones Internacionales, Sociología, otras disciplinas afines.
* 3 años mínimo de experiencia profesional relevante al puesto.
* Deseable experiencia en entidades públicas, organizaciones de la sociedad civil, cooperación internacional, proyectos de desarrollo o asuntos públicos.
* Conocimientos deseables del Estado peruano y políticas/gestión pública.
* Derechos humanos y protección de la violencia contra mujeres, niñas, niños y adolescentes.
* Deseable conocimiento del presupuesto público.
* Manejo avanzado de Microsoft office e inteligencia artificial aplicada al trabajo profesional.
* Dominio intermedio de inglés (deseable)



  





  





**Aplicación** 




 Por favor enviar una carta de aplicación explicando su interés de trabajar en IJM (colocar pretensión salarial) y CV en un mismo documento, a través del botón
 **Solicitud sencilla.**




  





*IJM mantiene principios estrictos de salvaguarda y una tolerancia cero respecto a las violaciones de la Política de Salvaguarda, la Política de Protección contra la Explotación Sexual, el abuso y el Acoso y el Código de Ética.* 




  





*La selección de candidatos se basa en criterios de competencia técnica, reclutamiento, selección y contratación sujetos a la evaluación de la congruencia de los valores del candidato y a exhaustivos procesos de verificación de antecedentes, récords policiales y referencias.*",Non-profit Organizations and Administration of Justice,https://www.linkedin.com/company/international-justice-mission,https://media.licdn.com/dms/image/v2/C560BAQHmoTwfHW5jjQ/company-logo_100_100/company-logo_100_100/0/1630592986958/international_justice_mission_logo?e=2147483647&v=beta&t=R7ou6oHLdhWi1nJzuBKcr6Wucd-0OAXifg6w5RdEcZI,,,,,,,,,,,,"""Antropologia"""
li-4445295169,linkedin,https://www.linkedin.com/jobs/view/4445295169,,Especialista Social Intermedio - Minería,WSP_GCC_Intelligent Infrastructure,"Lima, Peru",2026-07-25,fulltime,,,,,,False,mid-senior level,Other,,,"**En WSP Perú, nos mueven los desafíos.**
 WSP Perú es mucho más que un lugar de trabajo, somos una empresa multinacional, líder en servicios de ingeniería, con un ambiente dinámico, donde a través de la innovación y la colaboración, construimos relaciones duraderas que posibilitan el crecimiento profesional en un ambiente de corresponsabilidad.
   

  

 WSP Perú además valoramos la diversidad e inclusión de personas en situación de discapacidad (Ley 29973\), y por ello estamos comprometidos con la equidad y con entregar igualdad de oportunidades a todos nuestros candidatos(as). Por lo cual, te invitamos a participar en nuestra búsqueda de un(a)
 **Especialista Social Intermedio \- Minería.**
**Principales Funciones Del Cargo**
* Redactar proyectos de informes, memorandos técnicos, documentos varios, capítulos relacionados con los aspectos socioeconómicos (línea base, identificación y evaluación de impactos al medio social, plan de gestión social y valoración económica del impacto ambiental) y de participación ciudadana que se le encarguen.
* Revisar, procesar, sistematizar y analizar información relacionada a la elaboración de la línea base socioeconómica de los proyectos en los que participe el equipo de socioeconomía.
* Coordinar las actividades previas para las salidas de campo en el marco de la elaboración de líneas base u otros estudios sociales específicos.
* Realizar el recojo de información en trabajo de campo, liderando de ser el caso el equipo destacado.
* Colaborar en el diseño de propuestas técnicas y económicas para servicios en los que se considere aspectos socioeconómicos.
* Participar en reuniones técnicas con los clientes y con la autoridad ambiental.
* Cumplir con las políticas y procedimientos internos del Sistema Integrado de Gestión de Calidad, Medio Ambiente y de Seguridad y Salud en el Trabajo en las actividades que desempeña, entre otros.


**Antecedentes Profesionales**
* Bachiller de la carrera de Antropología, Sociología, Economía o carreras afines.
* Tener una experiencia mínima de 03 años en general.
* Deseable contar con experiencia en empresas consultoras.
* Deseable con participación en la elaboración de estudios de línea base socioeconómica o estudios sociales en relación a instrumentos de gestión ambiental, mecanismos de participación ciudadana en el marco de procesos de certificación ambiental y en el diseño o ejecución de planes de gestión social.
* Deseable con conocimiento de inglés básico o intermedio.


 \#Perú
   

  

**Primary Location**
 PE\-LIM\-Lima
   

  

**Schedule**
 Full\-time
   

  

**Employee Status**
 Temporary
   

  

**Job Posting**
 Jul 24, 2026, 3:12:54 PM",Civil Engineering,https://in.linkedin.com/company/wsp-icrc-its,https://media.licdn.com/dms/image/v2/C4D0BAQHxdP6Omeo4NQ/company-logo_100_100/company-logo_100_100/0/1668581160468?e=2147483647&v=beta&t=-UdQiwwDHAVMFB1-acEXNv_yU3SsEeaMdf6rFki9ZGQ,,,,,,,,,,,,"""Antropologia"""
li-4442305376,linkedin,https://www.linkedin.com/jobs/view/4442305376,,Medical Writing Specialist,Thermo Fisher Scientific,"Lima, Peru",2026-07-25,fulltime,,,,,,False,not applicable,Research and Science,,,"**Work Schedule**
 Standard (Mon\-Fri)
   

  

**Environmental Conditions**
 Office
   

  

 Join Us as a Senior Medical Writer \- Make an Impact at the Forefront of Innovation
   

  

 The Senior Medical Writer provides high\-quality medical and scientific writing from planning and coordination through delivery of final drafts to internal and external clients and demonstrates subject matter and therapeutic area expertise. The Senior Medical Writer may assist program manager. The role involves collaborating with internal and external clients, supporting and enabling effective and efficient communication that results in operational excellence.
   

  

 What You'll Do:
   

  

* Serve as primary author who writes and provides input on routine documents such as clinical study reports and study protocols, and summarizes data from clinical studies.
* May research, write or edit complex clinical and scientific and program level documents, including IBs, INDs, and MAAs.
* Review routine documents prepared by junior team members. May provide training and mentorship for junior writers and program managers on document preparation, the use of software for document development, document types, regulatory requirements, and therapeutic area knowledge.
* Ensure compliance with quality processes and requirements for assigned documents. Provide input on and independently develops best practices, methods and techniques for achieving optimal results, including various client specific processes.
* May assist in program management activities. Identify and resolve out\-of\-scope activities. Duties could include developing timelines, budgets, forecasts and contract modifications.
* Represent the department at project launch meetings, review meetings, and project team meetings.


 Education \& Experience Requirements:
   

  

* Bachelor's degree in a scientific discipline or equivalent and relevant formal academic / vocational qualification; Advanced degree preferred
* Previous experience that provides the knowledge, skills, and abilities to perform the job (comparable to 5\+ years).
* Experience working in the pharmaceutical/CRO industry preferred
* Additional qualifications in medical writing (AMWA; EMWA; RAC) advantageous


 Years of experience refers to typical years of related experience needed to gain the required knowledge, skills, and abilities necessary to perform the essential functions of the job. Years of experience are not to be used as the only determining factor in establishing the job class or making employment selection decisions.
   

  

 Knowledge, Skills, Abilities:
   

  

* Excellent data interpretation and medical writing skills, including grammatical, editorial, and proofreading skills
* Strong project management skills
* Excellent interpersonal skills including problem solving
* Strong negotiation skills
* Excellent oral and written communication skills with strong presentation skills
* Significant knowledge of global, regional, national and other document development guidelines
* In\-depth knowledge in a specialty area such as preclinical, therapeutic, regulatory submissions, communications, etc.
* Great judgment and decision\-making skills
* Excellent computer skills and skilled with client templates; Good knowledge of document management systems and other relevant applications (e.g. Excel, Outlook)


 Working Conditions and Environment:
   

  

* Work is performed in an office environment.
* Exposure to electrical office equipment.
* Occasional drives to site locations with occasional travel both domestic and international.
* Long, varied hours required occasionally.


 Why Join Us?
   

  

 When you join Thermo Fisher Scientific, you become part of a global team that values passion, innovation, and a commitment to scientific excellence. You’ll work in an environment where collaboration and development are part of the everyday experience—and where your contributions truly make a difference.
   

  

 Apply today to help us deliver tomorrow’s breakthroughs.",Pharmaceutical Manufacturing and Biotechnology Research,https://www.linkedin.com/company/thermo-fisher-scientific,https://media.licdn.com/dms/image/v2/D560BAQGe2HQP4zwTlA/company-logo_100_100/company-logo_100_100/0/1688649979581/thermo_fisher_scientific_logo?e=2147483647&v=beta&t=iwXfVsVoN3N55AbBLzgcXs3SjpF3H5asLBOKd8LqV3o,,,,,,,,,,,,"""Antropologia"""
li-4445252894,linkedin,https://www.linkedin.com/jobs/view/4445252894,,SERVICE DESIGNER,Alicorp,"Lima, Peru",2026-07-24,fulltime,,,,,,False,associate,Consulting,,,"En Alicorp, creemos que alimentar un mañana mejor es el propósito que nos guía cada día. Por eso, promovemos una atracción de talento inclusiva, que abre puertas a la igualdad de oportunidades y donde estar conectados entre nosotros es parte del éxito. Buscamos personas que lideren con pasión, que se hagan cargo y que aprendan constantemente. Te ofrecemos un ambiente ágil y flexible para potenciar tu desarrollo.
 



  





**¿Cuál será tu desafío?** 




 Diseñar, potenciar y evolucionar servicios centrados en las personas, asegurando que sean útiles, efectivos, deseables, viables para el negocio y factibles para la organización. El Service Designer comprende las necesidades de clientes y usuarios a partir de investigación, evidencia, datos e insights, y traduce ese conocimiento en oportunidades, soluciones y experiencias integrales que generen valor para las personas y para la compañía.
 



  





 Su misión es orquestar la experiencia end\-to\-end del servicio, conectando lo que el cliente percibe con los procesos, capacidades, equipos y decisiones internas que hacen posible dicha experiencia, contribuyendo a la mejora continua, innovación y transformación de los servicios.
 



  





**¿Qué harás en tu rol?** 



* Investiga necesidades, comportamientos, expectativas y fricciones de clientes, usuarios y stakeholders internos.
* Analiza información cualitativa y cuantitativa proveniente de research, data, negocio, canales, operación y feedback de clientes.
* Construye journeys, blueprints de servicio, ecosistemas, procesos y puntos de contacto de la experiencia.
* Identifica pain points, necesidades no resueltas y oportunidades de innovación o mejora continua.
* Traduce insights de usuarios, clientes y negocio en oportunidades de diseño accionables.
* Diseña propuestas de valor, conceptos de servicio, flujos, interacciones, procesos y experiencias integrales.
* Conecta la experiencia visible del cliente con los procesos, capacidades, sistemas, equipos y decisiones internas que la habilitan.
* Facilita sesiones de co\-creación, workshops y dinámicas de alineamiento con equipos multidisciplinarios.
* Prototipa soluciones, experiencias, procesos o interacciones de servicio en distintos niveles de fidelidad.
* Define principios, lineamientos y criterios de diseño para la experiencia del servicio.
* Colabora con equipos de producto, UX, tecnología, canales, negocio y operaciones durante el diseño e implementación de soluciones.
* Comunica hallazgos, oportunidades, propuestas y recomendaciones de manera clara y accionable.
* Acompaña la evolución de servicios existentes, identificando mejoras en experiencia, procesos y entrega del servicio.



  





**¿Qué necesitamos de ti?** 



* Profesional de la carrera de Ingeniería Industrial, Diseño Industrial, Letras y Ciencias Humanas (Psicología, Antropología, Sociología y afines).
* Contar con curso, especialización y/o diplomado en Service Design.
* Deseable contar con curso, especialización y/o diplomado en Research, Behavioral Design, Business Intelligence.
* Contar con experiencia mínima de 02 años en el rol de Service Design o realizando funciones similares.
* Contar con experiencia en diseño de experiencias en productos digitales.
* Deseable el manejo de herramientas de análisis de información cualitativa a nivel intermedio (ejemplo: Condens u otros)
* Manejo de Figma y Miro nivel intermedio.
* Manejo de inglés nivel intermedio.",Food and Beverage Manufacturing,https://pe.linkedin.com/company/alicorpoficial,https://media.licdn.com/dms/image/v2/C4D0BAQGOlG4CvCxiag/company-logo_100_100/company-logo_100_100/0/1631330794795?e=2147483647&v=beta&t=I6h5lErwG-PRjPLET0wDKFEL294HzBvCf8FVr8cShQc,,,,,,,,,,,,"""Antropologia"""
li-4445233710,linkedin,https://www.linkedin.com/jobs/view/4445233710,,Especialista Social Intermedio - Minería,WSP en Perú,"Lima, Peru",2026-07-24,fulltime,,,,,,False,mid-senior level,Other,,,"**Description**
**En WSP Perú, nos mueven los desafíos.**
 WSP Perú es mucho más que un lugar de trabajo, somos una empresa multinacional, líder en servicios de ingeniería, con un ambiente dinámico, donde a través de la innovación y la colaboración, construimos relaciones duraderas que posibilitan el crecimiento profesional en un ambiente de corresponsabilidad.
   

  

 WSP Perú además valoramos la diversidad e inclusión de personas en situación de discapacidad (Ley 29973\), y por ello estamos comprometidos con la equidad y con entregar igualdad de oportunidades a todos nuestros candidatos(as). Por lo cual, te invitamos a participar en nuestra búsqueda de un(a)
 **Especialista Social Intermedio \- Minería.**
**Principales Funciones Del Cargo**
* Redactar proyectos de informes, memorandos técnicos, documentos varios, capítulos relacionados con los aspectos socioeconómicos (línea base, identificación y evaluación de impactos al medio social, plan de gestión social y valoración económica del impacto ambiental) y de participación ciudadana que se le encarguen.
* Revisar, procesar, sistematizar y analizar información relacionada a la elaboración de la línea base socioeconómica de los proyectos en los que participe el equipo de socioeconomía.
* Coordinar las actividades previas para las salidas de campo en el marco de la elaboración de líneas base u otros estudios sociales específicos.
* Realizar el recojo de información en trabajo de campo, liderando de ser el caso el equipo destacado.
* Colaborar en el diseño de propuestas técnicas y económicas para servicios en los que se considere aspectos socioeconómicos.
* Participar en reuniones técnicas con los clientes y con la autoridad ambiental.
* Cumplir con las políticas y procedimientos internos del Sistema Integrado de Gestión de Calidad, Medio Ambiente y de Seguridad y Salud en el Trabajo en las actividades que desempeña, entre otros.


**Antecedentes Profesionales**
* Bachiller de la carrera de Antropología, Sociología, Economía o carreras afines.
* Tener una experiencia mínima de 03 años en general.
* Deseable contar con experiencia en empresas consultoras.
* Deseable con participación en la elaboración de estudios de línea base socioeconómica o estudios sociales en relación a instrumentos de gestión ambiental, mecanismos de participación ciudadana en el marco de procesos de certificación ambiental y en el diseño o ejecución de planes de gestión social.
* Deseable con conocimiento de inglés básico o intermedio.


**Qualifications**
 \#Perú
   

  

**Primary Location**
 PE\-LIM\-Lima
   

  

**Schedule**
 Full\-time
   

  

**Employee Status**
 Temporary
   

  

**Job Posting**
 Jul 25, 2026, 1:42:54 AM",Professional Services,https://pe.linkedin.com/company/wsp-en-peru,https://media.licdn.com/dms/image/v2/D4E0BAQERi7cG2gTwqw/company-logo_100_100/company-logo_100_100/0/1719846398279/wsp_en_peru_logo?e=2147483647&v=beta&t=TRlMyPJqnwqxhvJNOc0lvHU3iQo_zA2GrNk5pVwzxzA,,,,,,,,,,,,"""Antropologia"""
li-4445246270,linkedin,https://www.linkedin.com/jobs/view/4445246270,,Research Ops,Credicorp Capital,"Lima, Peru",2026-07-24,fulltime,,,,,,False,associate,Design,,,"**Credicorp Capital** 
 te invita a Convertir Desafíos en Oportunidades y ser nuestro próximo/a
 **Research Ops** 
 , que trabajará en el
 **CoE de Diseño Estratégico y Experiencia** 
 en
 **Lima, Perú.** 




  





**Misión:**




 Liderar la rama ResearchOps de la vertical DesignOps: industrializar la práctica de research y validación de Credicorp Capital, operando los paneles regionales de usuarios, el repositorio centralizado de insights, el programa estandarizado de usability testing y el sistema de validación pre\-producción, combinando profundidad en investigación con mirada de diseño de servicios, de forma que la operación de investigación de diseño y experiencia esté al servicio de journeys completos.
 



  





**Principales Responsabilidades:**



* Construye y opera paneles regionales de usuarios (Customer Panels) con segmentación por arquetipo y línea de negocio, y modelos de reclutamiento propios y con proveedores.
* Lidera el repositorio centralizado de insights (Hub): taxonomías, acceso y democratización hacia equipos de producto, negocio y CX.
* Co\-construye y opera el programa estandarizado de usability testing con validación pre\-producción.
* Lidera la gestión de proveedores (plataformas, agencias de reclutamiento, herramientas de transcripción/análisis), gobierna ética, privacidad y cumplimiento regulatorio de las investigaciones de Diseño y Experiencia.
* Democratiza la práctica con playbooks de research liviano y training a Product Designers, Service Designers, equipo de CX y equipos relevantes en la compañía.
* Define y reporta KPIs del frente ResearchOps (time\-to\-insight, costo unitario por estudio, cobertura de research en iniciativas priorizadas).



  





**Requisitos de Postulación:**



* Profesional en Diseño, Psicología, Economía Conductual, Antropología, Ingeniería Industrial o afines. Deseable especialización o maestría en Service Design o Behavioral Design.
* Experiencia de 3 años en Investigación de mercados, Service Design, Design Research, DesignOps o roles similares.
* Manejo de Inglés a nivel Intermedio.
* Manejo de Softwares como Figma, Miro, Maze, Condens, Dovetail, Hotjar y/o semejantes.



  





**Otros conocimientos:**



* Experiencia escalando operaciones de Research (deseable).
* Design Research, Investigación cualitativa/cuantitativa.
* Metodologías como Design Thinking, Lean Startup, Business Model Canvas, etc.
* Data mindset: toma de decisiones basadas en data relevada del usuario para mitigar sesgos.
* Storytelling, capacidad para influir y manejo de presentaciones ejecutivas.
* Experiencia en sector financiero, experiencia en startups. (Deseable)



  





***Esta convocatoria se encuentra disponible también para personas con discapacidad.***",Financial Services,https://pe.linkedin.com/company/credicorpcapital,https://media.licdn.com/dms/image/v2/D560BAQGNM-GdK-5t0Q/company-logo_100_100/company-logo_100_100/0/1695825650649/credicorpcapital_logo?e=2147483647&v=beta&t=FuyA0m5LdQe1aQ-xmK5O-GAuZMrB9NJqm1hrzjUv5L8,,,,,,,,,,,,"""Antropologia"""
li-4444996583,linkedin,https://www.linkedin.com/jobs/view/4444996583,,"Acuerdo a Largo Plazo - Servicio de Fotografía Profesional, Perú/LAC, 3 años",UNICEF,"Lima, Peru",2026-07-24,contract,,,,,,False,mid-senior level,"Project Management, Management, and Product Management",,"perpool@unicef.org, pagosperu@unicef.org","**Propósito De La Actividad/Tarea**
 Se requiere contar con uno o varios profesionales para brindar el servicio de fotografía profesional. El servicio comprenderá la toma de fotografías en eventos institucionales, presentaciones al aire libre y en espacios cerrados, activaciones, entrevistas, sesiones en estudio, retratos individuales y grupales, historias de vida, conferencias de prensa y cualquier otra actividad o iniciativa que requiera documentación visual por parte de las distintas áreas de UNICEF. Asimismo, el proveedor deberá garantizar la captura de imágenes de alta calidad, adecuadas para fines de comunicación, difusión y documentación institucional.
   

  

 Por lo anterior, se establecerá uno o más Acuerdos a Largo Plazo (LTA\-LVC).
   

  

 El LTA\-LVC es un Acuerdo no vinculante, es decir, no constituye un compromiso para adquirir los servicios.
   

  

**El(los) LTA(s)\-LVC Se Establecerá(n) Considerando**
 i. un período fijo de validez;
   

  

 ii. términos de referencia fijos; y
   

  

 iii. precio(s) unitario(s) fijo(s).
   

  

 El (los) LTA(s)\-LVC se establecerá(n) por el período inicial de 1 año con la posibilidad de prórroga por un segundo y posteriormente por un tercer año, siempre y cuando el desempeño del profesional haya sido satisfactorio.
   

  

 El (los) LTA(s)\-LVC no excederán los tres años.
   

  

 El (los) LTA(s)\-LVC se establecerá por un monto referencial anual. Los servicios serán requeridos de manera periódica, según las necesidades que surjan en las distintas áreas de UNICEF.
   

  

 Los pagos contra el(los) LTA(s)\-LVC se realizarán por Fund Commitment. Sin embargo, de superar el monto anual permitido a ser realizado por esta modalidad, se emitirá un contrato en VISION.
   

  

 DESCRIPCIÓN DEL TRABAJO
   

  

**Actividades**
* Asegurar que el material entregado cumpla con los estándares y esté conforme a las políticas y normas de UNICEF, incluido el lenguaje visual inclusivo y con enfoque de género.
* Registro fotográfico de eventos, presentaciones al aire libre, presentaciones en espacios cerrados, activaciones, entrevistas, tomas en estudio, fotografías grupales, individuales, historias de vida, conferencias de prensa y todas las acciones requeridas por las áreas de UNICEF.
* La entrega de los productos se realizará de acuerdo con los requerimientos de las áreas de UNICEF a través del año.
* Los trabajos pueden realizarse en Lima y cualquier otra región.
* El profesional deberá guardar estricta confidencialidad sobre los eventos, el material, la información y los documentos a los cuales tendrá acceso durante y luego de finalizado el periodo contractual.


**Productos**
 Enviar un tarifario de:
   

  

 Registro fotográfico por una (1\) hora.
   

  

* Considerar que en esta modalidad se espera un promedio entre 10 \- 25 fotos como mínimo.
* Registro fotográfico por turno de 4 horas (medio turno).
* Considerar que en esta modalidad se espera un promedio entre 40 \- 60 fotos como mínimo.
* Registro fotográfico por turno de 8 horas (turno completo de un día).
* Considerar que en esta modalidad se espera un promedio entre 70 – 100 fotos como mínimo.
* Registro en video (celular) de 3 minutos de tomas de apoyo (b\-roll) del evento o misión, con las cuales se trabajan in\-house materiales para redes o web multimedia. Este registro se hace con celular de alta resolución, preferentemente en formato vertical.


**Tomar En Cuenta Que La Entrega Debe Ser**
* Envío de un grupo de fotos por wifi en tiempo real durante el evento/cobertura para postearlo en redes sociales.
* Envío de un paquete para prensa de 20 fotos con los momentos más representativos (apenas termine el evento).
* Envío del total fotos en la misma tarde del evento.


 Entrega de material en jpg alta vía enlace de descarga.
   

  

 La entrega de los productos se realizará en coordinación con el área de UNICEF solicitante del servicio, de acuerdo con los requerimientos y las fechas especificadas para cada trabajo.
   

  

 Las fotografías serán de uso exclusivo de UNICEF para fines institucionales, comunicacionales y editoriales, sin límite territorial ni temporal. El/la profesional/a cede los derechos patrimoniales correspondientes, manteniendo los derechos morales.
   

  

 Las fotografías deberán incluir edición básica (color, encuadre, exposición), sin manipulación que altere el contenido.
   

  

 ESPECIFICACIONES PARA LA ENTREGA DE PRODUCTOS
   

  

 Los productos se entregarán en versión electrónica con la firma del/de la profesional escaneada y deberán ser enviados al supervisor del servicio.
   

  

 ESPECIFICACIONES PARA EL PAGO DE HONORARIOS PROFESIONALES
   

  

* Pagos en moneda local soles.
* Pagos por productos a total satisfacción de UNICEF.
* Pagos dentro de los 30 días de aprobado el producto y de la recepción del Recibo por Honorarios.
* El Recibo por Honorarios deberá ser enviado vía electrónica al supervisor del servicio, copiando a perpool@unicef.org y a pagosperu@unicef.org


 SERVICIO A TODO COSTO
   

  

 Los servicios que se realicen contra el LTA\-LVC serán a todo costo, por lo que todo gasto no previsto requerido para la realización del servicio será cubierto en su totalidad por el/la profesional.
   

  

 VIAJES
   

  

 De requerirse algún viaje, los costos serán cubiertos por UNICEF.
   

  

 LUGAR DE TRABAJO
   

  

 Remoto y/o presencial.
   

  

 DOCUMENTACION REQUERIDA
   

  

**Previo a La Firma Del Contrato**
* CIC – Descripción de la Situación Personal debidamente completado y firmado.
* Registro de Proveedores (MDM)
* SARS\-CoV\-2 (Covid\-19\) Vacunación.
* Términos y Condiciones Generales del Contrato.
* Los certificados de los siguientes cursos obligatorios a realizarse a través de la plataforma de AGORA de UNICEF:
* Prevention of Harassment and Abuse of Power (PSHAA)
* Ethics and Integrity at UNICEF
* Prevention of Sexual Exploitation and Abuse (PSEA)


**Cuando Viaja**
* BSAFE


**Con Correo De UNICEF**
* Fraud Awareness
* UNICEF Information Security Awarenes
* Formulario de Declaración del Consultor (aplica sólo si es ex\-funcionario o personal retirado de UN que recibe una pensión a través del UNJSPF).


**Disciplinas**
 Calificaciones mínimas requeridas:
   

  

 Comunicación, Audiovisuales, Fotografía
   

  

**Conocimientos/Experiencia/Habilidades Requeridas**
* Manejo de cámaras fotográficas profesionales.
* Dominio de iluminación natural y artificial
* Uso de flashes, reflectores, difusores y otros accesorios de iluminación.
* Composición fotográfica, encuadre y teoría del color.
* Capacidad para contar historias a través de imágenes.


 Criterios de evaluación
   

  

* Evaluación Técnica (Cumple /No Cumple)


 Factor 1 – Formación académica
   

  

 Profesional con estudios en Fotografía.
   

  

 Acreditación: CV / P11 o Certificaciones/Diplomas
   

  

 Rango de valoración: Cumple, No Cumple
   

  

 Factor 2 – Tiempo de experiencia en registro fotográfico
   

  

* Experiencia laboral mínima de cinco (5\) años realizando registros fotográficos.
* Acreditación: CV / P11 o Contratos y/o Constancias.
* Rango de valoración: Cumple, No Cumple


 Factor 3 – Experiencia con Agencias de Cooperación Internacional, ONGs, instituciones públicas, medios de comunicación y/o afines
   

  

* Experiencia al haber realizado al menos cinco (5\) servicios de fotografía con Agencias de Cooperación Internacional, ONGs, instituciones públicas, medios de comunicación y/o afines.
* Acreditación: CV / P11 o Contratos y/o Constancias.
* Rango de valoración: Cumple, No Cumple
* Evaluación Económica


 La oferta económica debe ser presentada en moneda local, de acuerdo con lo solicitado anteriormente bajo “Productos”.
   

  

* Evaluación Final: Evaluación Técnica \+ Evaluación Económica


 Se establecerá LTA\-LVC con el(los) profesional(es) quien(es) cumpla(n) con lo mínimo solicitado en la parte técnica y presenten una oferta económica conveniente para UNICEF.
   

  

**Esta plataforma permite adjuntar documentos en formatos .DOC, .DOCx, .PDF, .TXT y links.**
**Propuesta Técnica**
 El CV, La Carta De Presentación, Cualquier Documento Solicitado Para Acreditar Su Formación/experiencia y Los Certificados Que Acreditan Su Educación, Deberán Ser Adjuntados En Los Siguientes Campos
   

  

* Please upload your C.V. / Resume.
* Please upload your cover letter
* Please upload writing sample or list of publication or portfolio of your works that is in line with the assignment described in TOR/Vacancy Announcement
* Please upload a copy of your highest level of education certificate.


**Propuesta Económica**
 Esta Plataforma Está Diseñada Para Ingresar La Propuesta Económica USD. Por Tanto, Indicar El Monto De La Propuesta Económica a Todo Costo (considerando Viajes, Si Aplica) En USD, En El Siguiente Campo
   

  

* Please state your overall fee for the whole assignment including all travel cost related and other expenses related to the assignment.


 Los consultores deberán presentar su propuesta económica detallada en soles.
   

  

 La propuesta económica detallada, deberá ser adjuntada en el siguiente campo
 **(de no adjuntarse la aplicación no será considerada).**
* Please upload Financial Proposal here (sólo se considerarán las postulaciones que adjunten este campo).


**OBSERVACIONES**
 Las personas contratadas en el marco de una consultoría o de un contrato individual no serán consideradas ""miembros del personal"" en virtud del Estatuto y Reglamento del Personal de las Naciones Unidas y de las políticas y procedimientos de UNICEF, y no tendrán derecho a las prestaciones previstas en los mismos (como el derecho a vacaciones y la cobertura del seguro médico). Sus condiciones de servicio se regirán por su contrato y por las Condiciones Generales de Contratación de los Servicios de Consultores y Contratistas Individuales. Los consultores y contratistas individuales son responsables de determinar sus obligaciones fiscales y del pago de cualquier impuesto y/o derecho, de conformidad con la legislación local u otras leyes aplicables.
   

  

 El candidato seleccionado es el único responsable de garantizar que el visado (si procede) y el seguro médico necesarios para desempeñar las funciones del contrato sean válidos durante todo el periodo del contrato. Los candidatos seleccionados están sujetos a la confirmación del estado de vacunación completa contra el SARS\-CoV\-2 (Covid\-19\) con una vacuna avalada por la Organización Mundial de la Salud (OMS), que debe cumplirse antes de asumir la misión. No se aplica a los consultores que trabajarán a distancia y de quienes no se espera que trabajen o visiten las instalaciones de UNICEF, los lugares de ejecución de programas o que interactúen directamente con las comunidades con las que trabaja UNICEF, ni que viajen para desempeñar funciones para UNICEF durante la duración de sus contratos de consultoría.
   

  

 UNICEF ofrece ajustes razonables a los consultores con discapacidades. Esto puede incluir, por ejemplo, programas informáticos accesibles, asistencia en viajes de misión o asistentes personales. Le animamos a que revele su discapacidad durante su solicitud por si necesitara adaptaciones razonables durante el proceso de selección y posteriormente en su asignación.",Non-profit Organizations,https://www.linkedin.com/company/unicef,https://media.licdn.com/dms/image/v2/C510BAQE5WFsvU5iicw/company-logo_100_100/company-logo_100_100/0/1631310285230?e=2147483647&v=beta&t=si-uoRZSi6zMzgrM2X8b9ro2_jjDt-7JC8QRqXtXF5A,,,,,,,,,,,,"""Antropologia"""
li-4444474407,linkedin,https://www.linkedin.com/jobs/view/4444474407,,Gestor(a) Social,Minera Las Bambas,"Apurímac, Peru",2026-07-23,fulltime,,,,,,False,executive,Other,,,"**\&iexcl;SOMOS TALENTOS SIN ETIQUETAS!** 





 En Las Bambas nos ocupamos por tener una cultura diversa e inclusiva, promoviendo un ambiente seguro en el que todas las personas, sin distinción, se sientan respetadas, valoradas y capaces de generar valor a la compañía desde su rol. Para conocer más acerca de nosotros y nuestra cultura, visita nuestra página web: https://www.lasbambas.com/es
 




**\&iquest;QUÉ RETO TENDRÁS?** 





 Ejecutar y desarrollar estrategias que permitan desarrollar relaciones positivas con las comunidades locales, de acuerdo a los lineamientos y objetivos de Minera Las Bambas, con la finalidad de asegurar la responsabilidad social, la transparencia y el beneficio mutuo entre la empresa y las comunidades.
 




**\&iquest;CÓMO GENERARÁS VALOR DESDE TU ROL?** 




1. Establecer y liderar el diálogo continuo y transparente con las comunidades locales.
2. Liderar y promover la participación de las comunidades en el proceso de toma de decisiones sobre los proyectos de exploración.
3. Evaluar el impacto social de los proyectos en las comunidades y trabajar en planes de acción.
4. Desarrollar e implementar programas de desarrollo que respondan a las necesidades de las comunidades, como infraestructura, salud, educación o empleo.
5. Representar como mediador entre la empresa y las comunidades en la solución de conflictos potenciales o existentes de manera pacífica y constructiva.
6. Colaborar con las autoridades para obtener las aprobaciones necesarias.
7. Desarrollar una comunicación que informe sobre los avances y desafíos del proyecto, así como sobre los mecanismos de monitoreo y rendición de cuentas.




**\#BUSCAMOSTUTALENTO** 




* Titulado en Sociología, Antropología, Comunicación, Ingenierías y/o carreras afines.
* Especialización deseable en Relaciones Comunitarias, Gestión de riesgos, Proyectos Sociales, Prevención de Conflictos Sociales.
* Post Grado deseable en Gestión Medioambiental y Gerencia Social.
* Mínimo 3 años de experiencia en funciones y/o posiciones similares.
* Conocimientos en comunicación y relaciones comunitarias, normativas y legislación, gestión de conflictos, evaluación de impacto social y ambiental, responsabilidad social corporativa, desarrollo sostenible, cultura local y derechos indígenas, y participación ciudadana.
* Manejo de MS. Office nivel intermedio: crear y editar documentos en Word, utilizar fórmulas y gráficos en Excel, y diseñar presentaciones efectivas en PowerPoint.
* Dominio de idioma quechua (indispensable).
* Dominio de Idioma Inglés a nivel intermedio (deseable).
* Dominio de Sistema SAP a nivel intermedio (deseable).
* Licencia de conducir A1 (con mínimo 5 años de antigüedad)



**\#ProducimosCobreProducimosTalento**",Mining,https://pe.linkedin.com/company/mineralasbambas,https://media.licdn.com/dms/image/v2/D4E0BAQFmvzdIiO411g/company-logo_100_100/company-logo_100_100/0/1682356140210/mineralasbambas_logo?e=2147483647&v=beta&t=PvziUYv01zyUd8UT5bvX5f_jtCrmYPtLzHK6o7-vOlI,,,,,,,,,,,,"""Antropologia"""
li-4425868380,linkedin,https://www.linkedin.com/jobs/view/4425868380,,Local Study Associate Director - FSP,Parexel,,2026-07-23,fulltime,,,,,,False,director,"Research, Analyst, and Information Technology",,,"The Local Study Associate Director (LSAD) leads Local Study Team(s) (LSTs) at country level to deliver committed components of clinical studies according to agreed resources, budget and timelines complying with Client Procedural Documents, international guidelines such as ICH\-GCP as well as relevant local regulations.
   

  

 The LSAD may perform site monitoring as needed to support the flexible capacity model.
   

  

 The LSAD is responsible to ensure that sites are identified, site qualifications performed, set up, initiated, monitored, closed and documentation archived.
   

  

**Trial and Site Administration**
* Has the overall responsibility for the study commitments within the country and for timely delivery of data to required quality.
* Leads Local Study Team consisting of CRA(s), CSA(s), for assigned study/studies.
* Leads and optimizes the performance of the Local Study Team(s) at country level ensuring compliance with client Procedural Documents, ICH\-GCP and local regulations.
* Ensures, as required, that clinical and operational feasibility assessment of potential studies is performed to the highest quality.
* Coordinates the site selection process by identifying potential sites/investigators, performing initial Site Quality Risk Assessment, and conducting Site Qualification Visits to evaluate suitability and quality risks.
* Plans and coordinates applicable to local drug activities (from local purchase or reimbursement to drug destruction).
* Sets up and maintains the study in CTMS at study country level and local websites as required by local laws and regulations.
* Oversees, manages and coordinates monitoring activities from site activation through to study closure at country and site level in accordance with the Monitoring Plans.
* Reviews monitoring visit reports (as required and following Client SOPs) and pro\-actively advises the monitor(s) on study related matters.
* Performs any required co\-monitoring, Accompanied Site Visits/training visits with study CRAs.
* Proactively identifies risks and facilitates resolution of complex study problems and issues.
* Organizes regular Local Study Team meetings on an agenda driven basis.
* Actively works towards achieving good personal relationships with all Local Study Team members, sites’ staff and global stakeholders.
* Reports study progress/update to the Global Study Associate Director/ Global Study Team including Site Management and Monitoring (SMM) Lead.
* Contributes to patient recruitment strategy including regular communication with participating Investigators as necessary.
* Develops, maintains and reviews risk management plans on country study level; proactively manages sites, stakeholders, local and global vendors and customers to ensure risks are timely identified, mitigated and managed.
* Communicates and co\-ordinates regularly with National Co\-ordinating Investigator / National Lead Investigator on recruitment and other study matters, if applicable.
* Plans and leads National Investigator meetings, in line with local codes, as required.
* Assists in forecasting study timelines, resources, recruitment, budget, study materials and drug supplies.
* Participates in training and coaching new members of the Local Study Team ensuring compliance with ICH\-GCP and client Procedural Documents.
* Plans and leads activities associated with audits and regulatory inspections in liaison with Clinical Quality Associate Director (CQAD) and QA.
* Provides input to process development and improvement.
* Provides regular information to Line Managers at country level on study/ies and planned study milestones/key issues.
* Updates Line Managers about the performance of the CRAs/CSAs.
* Provides feedback on any research related information including sites/investigators/competing studies that might be useful for the local market.
* Collaborates with local Medical Affairs team.
* Supports SMM in different initiatives (local, regional or global) as agreed with the SMM Line Management


**Document Management**
* Ensures timely preparation of country level Master Informed Consent Form (MICF) and subsequent site level ICFs, as required, including any relevant translations, and in line with relevant client SOPs and local regulations.
* Ensures all country and site level trial essential documents required by ICH\-GCP prior to study start have been collected and verified for correctness, prior to setting sites ready to enroll, and in line with Client SOPs.
* Ensures completeness of the eTMF and ensures essential documents are uploaded in a timely manner to maintain the eTMF “Inspection Ready”.
* Ensures that all study documents are ready for final archiving and completion of local part of the eTMF.


**Regulatory And Site Start Up Responsibilities**
* Ensures timely submission of application/documents to EC/IRB at start up and for the duration of the study. Works together with Regulatory Affairs to ensure timely delivery of application/documents for submissions to Regulatory Authority for the duration of the study, and in line with local regulations.
* Ensures relevant systems required to facilitate business critical, license to operate activities (for example, Safety Reporting, Regulatory submissions, Clinical Trial Transparency) are set\-up, updated and access is organized at country level.


**Budgeting, Agreements and Payments**
* Ensures timely preparation of country financial Study Management Agreement (fSMA) and maintains accurate study budget in client clinical studies financial system by regular checks of the system and financial reports (as agreed with Director, SMM/ Director, Country Head).
* Ensures timely preparation of local Master Clinical Study Agreement (CSA) (including site budget) and amendments as needed.
* Ensures accurate payments related to the study are performed according to local regulations and agreements.


**Skills (Essential)**
* Proven ability to lead and motivate cross functional teams to deliver clinical trials according to or ahead of time plan, budget and with required quality.
* Excellent project management skills.
* Excellent team building and interpersonal skills.
* Excellent organizational skills.
* Excellent verbal and written communication skills.
* Excellent ability to prioritize and handle multiple tasks.
* Excellent attention to detail.
* Proficient in written and spoken English language required.
* Fluency in local language(s) required.
* Good negotiation skills.
* Good ability to learn and to adapt to work with IT systems.


**Knowledge And Experience (Essential)**
* Minimum 3 years of experience in Development Operations (CRA, SrCRA) or other related fields (Medical Affairs\-led or Academic\-led studies).
* Good knowledge of international guidelines ICH GCP as well as relevant local regulations.


**Knowledge And Experience (Desirable)**
* Good medical knowledge and ability to learn relevant Client Therapeutic Areas.
* Good knowledge of the Drug Development Process.
* Excellent understanding of the Clinical Study Process including monitoring.
* Very good understanding of the Study Drug Handling Process and the Data Management Process.
* Good intercultural awareness.


**Education**
* Bachelor’s degree in related discipline, preferably in life science, or equivalent qualification (or equivalent adapted to local country market needs), that supports skills and capabilities of the position and ensures successful conduct of responsibilities and appropriate interactions with internal and or external customers.","Pharmaceutical Manufacturing, Biotechnology Research, and Hospitals and Health Care",https://www.linkedin.com/company/parexel,https://media.licdn.com/dms/image/v2/C4E0BAQEL959tp2FIWw/company-logo_100_100/company-logo_100_100/0/1634152172331/parexel_logo?e=2147483647&v=beta&t=wXOObMb1hqpVuAV9XhVJmAN331lfFstIgrcMhyn66eY,,,,,,,,,,,,"""Antropologia"""
li-4432768496,linkedin,https://www.linkedin.com/jobs/view/4432768496,,CRA / Sr CRA,Thermo Fisher Scientific,"Lima, Peru",2026-07-23,fulltime,,,,,,True,not applicable,Research and Science,,,"**Work Schedule**
 Standard (Mon\-Fri)
   

  

**Environmental Conditions**
 Office
   

  

 Join Us as a Clinical Research Associate (CRA / Sr. CRA)
   

  

 At Thermo Fisher Scientific, our Clinical Research team supports leading pharmaceutical, biotechnology, and emerging biopharma companies in advancing innovative therapies worldwide. Having contributed to thousands of clinical trials across more than 100 countries, we are committed to accelerating research that improves patient lives.
   

  

 As a Clinical Research Associate (CRA), you will play a key role in the monitoring and management of clinical trial sites, ensuring compliance with study protocols, ICH\-GCP guidelines, regulatory requirements, and company procedures. Working closely with investigative sites and cross\-functional teams, you will help safeguard patient safety, data integrity, and overall study quality while supporting the successful delivery of clinical research programs.
   

  

 Position Summary
   

  

 As a Clinical Research Associate (CRA), you will be responsible for performing and coordinating clinical monitoring and site management activities across clinical trials. You will conduct remote and on\-site monitoring visits, ensure compliance with study protocols, ICH\-GCP guidelines, applicable regulations, and SOPs, while safeguarding subject safety, data integrity, and audit readiness. You will collaborate closely with investigational sites, sponsors, and cross\-functional project teams to support the successful execution of clinical studies.
   

  

 Key Responsibilities:
   

  

* Conduct on\-site and remote monitoring visits using a risk\-based monitoring approach.
* Review source documentation, case report forms (CRFs), and study data to ensure accuracy, completeness, and compliance.
* Perform site management activities, including site initiation, routine monitoring, and close\-out visits.
* Assess investigational product accountability through inventory and records review.
* Identify site process issues, perform root cause analysis, and support implementation of corrective and preventive actions.
* Ensure essential documents are maintained in accordance with ICH\-GCP and regulatory requirements.
* Prepare monitoring reports, follow\-up letters, and study documentation within established timelines.
* Maintain effective communication with investigational sites, sponsors, and internal study teams.
* Support site identification, feasibility, and investigator engagement activities when applicable.
* Track study progress and maintain accurate records in clinical trial management systems (CTMS) and other study tools.
* Support regulatory inspections, audits, and quality initiatives.
* Contribute to process improvements, project deliverables, and knowledge sharing across teams.


 Minimum Qualifications:
   

  

* Bachelor’s degree in Life Sciences, Nursing, or a related healthcare field, or an equivalent combination of education and experience.
* Valid driver’s license, where applicable.
* Ability to travel as required.


 Experience:
   

  

* Relevant clinical research and/or clinical monitoring experience in a pharmaceutical, biotechnology, CRO, or healthcare environment.
* Candidates may be considered for CRA or Sr CRA opportunities based on their experience, qualifications, and demonstrated monitoring expertise.


 Preferred Skills \& Competencies:
   

  

* Knowledge of ICH\-GCP guidelines, clinical trial processes, and applicable regulations.
* Understanding of medical terminology and therapeutic areas.
* Strong critical thinking, problem\-solving, and root cause analysis skills.
* Experience with Risk\-Based Monitoring (RBM) methodologies.
* Excellent organizational and time management skills.
* Strong written and verbal communication skills, including professional interaction with investigators and site personnel.
* Ability to work independently and collaboratively in a global team environment.
* Proficiency with Microsoft Office and clinical trial systems.
* Strong attention to detail and commitment to quality.
* English proficiency required.


**Working Conditions and Environment**
* Work is performed in an office/ laboratory/clinical/and/or home office environment with exposure to electrical office equipment.
* Frequent drives to site locations. Frequent travel, generally 60\-80% but more for some individuals. May also include extended overnight stays.
* Exposure to biological fluids with potential exposure to infectious organisms.
* Personal protective equipment required such as protective eyewear, garments and gloves.
* Exposure to fluctuating and/or extreme temperatures on rare occasions.",Pharmaceutical Manufacturing and Biotechnology Research,https://www.linkedin.com/company/thermo-fisher-scientific,https://media.licdn.com/dms/image/v2/D560BAQGe2HQP4zwTlA/company-logo_100_100/company-logo_100_100/0/1688649979581/thermo_fisher_scientific_logo?e=2147483647&v=beta&t=iwXfVsVoN3N55AbBLzgcXs3SjpF3H5asLBOKd8LqV3o,,,,,,,,,,,,"""Antropologia"""
li-4442947431,linkedin,https://www.linkedin.com/jobs/view/4442947431,,Asistente Social Comunitario - Tacna,Aldesa,"Tacna, Tacna, Peru",2026-07-22,fulltime,,,,,,False,entry level,Other,,,"🚀 ¿Te apasiona la construcción? ¡Únete a Aldesa y crece con nosotros!
   

  

 📍Ubicación: Corredor Vial 42 \- Tacna / Candarave
   

  

 🛠 Posición: Asistente Social Comunitario
   

  

 En Aldesa, cada día tendrás la oportunidad para aprender, innovar y superar retos. Estamos buscando un/a Asistente Social Comunitario para colaborar con nosotros en el Corredor Vial 42\. Si tienes experiencia en proyectos de obras viales o movimiento de tierras ¡queremos conocerte!
   

  

**📋 Tus Responsabilidades**
* Generar reuniones informativas con comunidades y grupos de interés.
* Participar en negociaciones y acuerdos comunitarios.
* Elaborar informes mensuales de gestión social.
* Realizar seguimiento a compromisos sociales del proyecto.
* Mantener una comunicación efectiva con actores de la zona de influencia.
* Gestionar y actualizar reportes e indicadores en Excel.


**🎯 Requisitos**
* Egresado(a), Bachiller o Licenciado(a) en Comunicación Social, Sociología, Antropología o carreras afines.
* Experiencia mínima de 2 años en funciones similares vinculadas a gestión social, relacionamiento comunitario o trabajo con grupos de interés.
* Experiencia en proyectos de obras viales o construcción de carreteras.
* Manejo de reuniones informativas y coordinación con comunidades.
* Manejo de Excel a nivel intermedio


 🎁 ¿Qué te ofrecemos?:
   

  

* Salario competitivo acorde al mercado.
* Ingreso a planilla con todos los beneficios de ley.
* Alimentación y alojamiento cubiertos en obra.
* EPS cubierta al 100% para titular y derechohabientes.
* Formación constante mediante planes adaptados a tu rol.
* Oportunidades de desarrollo y crecimiento profesional.
* Excelente clima laboral y participación en proyectos de gran envergadura.",Construction,https://es.linkedin.com/company/aldesa,https://media.licdn.com/dms/image/v2/D4D0BAQEwaO8mu1JZKA/company-logo_100_100/B4DZgTD7ArHsAY-/0/1752666452460/aldesa_logo?e=2147483647&v=beta&t=GIQvWjy4Z0xuS4Z7p7ASoL063vRwNqfKJ2DixKssEhs,,,,,,,,,,,,"""Antropologia"""
li-4444206374,linkedin,https://www.linkedin.com/jobs/view/4444206374,,Coordinador/a Social,ENGIE Perú,"Aguaytía, Ucayali, Peru",2026-07-22,temporary,,,,,,False,mid-senior level,Project Management,,,"En
 **ENGIE Energía Perú** 
 , aceleramos la transición hacia una economía carbono neutral. Somos la empresa de generación de energía más diversificada del país, con el respaldo del Grupo ENGIE, el mayor productor independiente de energía con 96 mil
 **Transition Makers** 
 en 31 países, de tanto en matriz energética como en ubicación geográfica y la \#1 del sector energía para atraer y retener talento y formando parte del ranking MERCO Top 50 general del Perú. Además, contamos con la certificación EDGE que refleja nuestro compromiso con la equidad de género y diversidad en el trabajo.
 



  





 En ENGIE valoramos:
 


* **Evolución profesional:** 
 Autogestiona tu carrera en un entorno dinámico con oportunidades constantes de crecimiento, capacitación continua y desarrollo.
* **Bienestar y equilibrio:** 
 Impulsamos una cultura de bienestar, cuidado y equilibrio vida–trabajo, promoviendo entornos laborales que priorizan la salud mental, la seguridad y el desarrollo sostenible de las personas.
* **Diversidad, equidad e inclusión:** 
 Promovemos procesos libres de sesgos y un entorno laboral seguro, de confianza y respeto, donde puedes ser tú mismo y desempeñarte con tu máximo potencial, sin importar tu origen, género, generación, discapacidad u orientación sexual.








**Coordinador/a Social – Aguaytia (Pucallpa)** 




**(Plazo fijo)** 




  





**Tus principales responsabilidades serán:** 



* Gestionar el relacionamiento y participar activamente en el proceso de obtención de derechos superficiales (servidumbres, compra, etc) sobre predios deinterés con propietarios de predios de las áreas de interés del proyecto.
* Identificación de grupos de interés y su posición respecto de los proyectos y la empresa.
* Elaborar el informe de diagnóstico social territorial.
* Identificación de los diferentes usos del territorio ya sean culturales, ancestrales, comerciales u otros.
* Identificación temprana de riesgos sociales asociados al acceso al territorio y a la negociación de tierras.
* Gestiona la información de levantamiento de línea de base social para los Instrumentos de Gestion Ambiental y otros permisos que requiere la organización para los proyectos.



  





**¿Qué necesitamos de ti?** 



* Carrera universitaria: Antropología, Sociología, Economía para el desarrollo y afines.
* Experiencia en relacionamiento comunitario y gestión predial
* Manejo de la regulación asociada a la ley de comunidades campesinas, consulta previa.
* Conocimiento de los estándares deOIT y OCDE para derechos humanos
* MS Office a nivel usuario
* Manejo de software especializado (Arc Gis, QGis, Autocad, similares)
* MS Project deseable








**Los beneficios que te ofrecemos:** 



* Prima seguro médico cubierto al 100%
* Prima seguro oncológico cubierto al 100%
* Bono por desempeño
* Bono por seguridad y salud Ocupacional
* Capacitación y entrenamientos








***En ENGIE,***
*cada persona desempeña un papel clave en la aceleración de la transición energética. Marca la diferencia y vive una experiencia profesional con propósito. Asume retos apasionantes, crece en un entorno innovador y construye una carrera que refleje quién eres realmente.* 
***¡Únete a nosotros y sé parte de la aventura del siglo!***",Electric Power Generation,https://pe.linkedin.com/company/engieperu,https://media.licdn.com/dms/image/v2/D4E0BAQH4mp9j2O75Eg/company-logo_100_100/B4EZ4hyBtCH0AI-/0/1778683223110/engieperu_logo?e=2147483647&v=beta&t=pj9TRMBr0PYxk0-577A1pZc-8H60M8zZpzSsEsbSnt4,,,,,,,,,,,,"""Antropologia"""
li-4442932871,linkedin,https://www.linkedin.com/jobs/view/4442932871,,Asistente Social Comunitario - Moquegua,Aldesa,"Moquegua, Moquegua, Peru",2026-07-22,fulltime,,,,,,False,entry level,Other,,,"🚀 ¿Te apasiona la construcción? ¡Únete a Aldesa y crece con nosotros!
   

  

 📍Ubicación: Corredor Vial 41 B \- Moquegua / Matalaque
   

  

 🛠 Posición: Asistente Social Comunitario
   

  

 En Aldesa, cada día tendrás la oportunidad para aprender, innovar y superar retos. Estamos buscando un/a Asistente Social Comunitario para colaborar con nosotros en el Corredor Vial 41B. Si tienes experiencia en proyectos de obras viales o movimiento de tierras ¡queremos conocerte!
   

  

**📋 Tus Responsabilidades**
* Generar reuniones informativas con comunidades y grupos de interés.
* Participar en negociaciones y acuerdos comunitarios.
* Elaborar informes mensuales de gestión social.
* Realizar seguimiento a compromisos sociales del proyecto.
* Mantener una comunicación efectiva con actores de la zona de influencia.
* Gestionar y actualizar reportes e indicadores en Excel.


**🎯 Requisitos**
* Egresado(a), Bachiller o Licenciado(a) en Comunicación Social, Sociología, Antropología o carreras afines.
* Experiencia mínima de 2 años en funciones similares vinculadas a gestión social, relacionamiento comunitario o trabajo con grupos de interés.
* Experiencia en proyectos de obras viales o construcción de carreteras.
* Manejo de reuniones informativas y coordinación con comunidades.
* Manejo de Excel a nivel intermedio


 🎁 ¿Qué te ofrecemos?:
   

  

* Salario competitivo acorde al mercado.
* Ingreso a planilla con todos los beneficios de ley.
* Alimentación y alojamiento cubiertos en obra.
* EPS cubierta al 100% para titular y derechohabientes.
* Formación constante mediante planes adaptados a tu rol.
* Oportunidades de desarrollo y crecimiento profesional.
* Excelente clima laboral y participación en proyectos de gran envergadura.",Construction,https://es.linkedin.com/company/aldesa,https://media.licdn.com/dms/image/v2/D4D0BAQEwaO8mu1JZKA/company-logo_100_100/B4DZgTD7ArHsAY-/0/1752666452460/aldesa_logo?e=2147483647&v=beta&t=GIQvWjy4Z0xuS4Z7p7ASoL063vRwNqfKJ2DixKssEhs,,,,,,,,,,,,"""Antropologia"""
li-4431999090,linkedin,https://www.linkedin.com/jobs/view/4431999090,,CONSUMER INSIGHTS MANAGER (ENTRY-LEVEL POSITION),Procter & Gamble,"Lima, Peru",2026-07-22,fulltime,,,,,,False,not applicable,Marketing and Sales,,,"**Job Location**
 LIMA GO
   

  

**Job Description**
**Full\-time position**
 Location:
 **Lima**
**Work schedule** 
 : full\-time with flexible working hours.
   

  

**Profile** 
 : Bachelor's Degree holder with a career interest in Marketing / Data Analytics
   

  

**Accommodations are available for candidates with disabilities during the application process and in the workplace.**
 Are you looking for meaningful work? Do you have a passion for analytics and strategic, critical thinking? Are you curious to understand why people choose one brand over another? Do you enjoy playing on a winning team and being part of something bigger than yourself?
   

  

 Come work with us where some of the Top Global Brands were born! You will receive meaningful responsibilities as of Day one, leading projects for the category assigned.
   

  

 We believe in serving the consumer and ensuring our organization, talent and brand building reflects the diversity and needs of the approximate 5 billion people around the world we serve through our brands.
   

  

 Our brand building is multi\-disciplined, seamless and focused on delivering outstanding business results with opportunities in the Analytics and Insights disciplines of Consumer \& Market Knowledge and Data Analytics. Over the years, we've remained on the cutting edge of marketing, always finding new and leading\-edge ways of understanding and reaching consumers.
   

  

**What You Need To Know**
* The Consumer Insights job belongs to “Analytics \& Insights” job family. These roles focus on understanding consumer behaviors, needs, and motivations, while transforming complex data into insights and strategies to drive business decisions. This knowledge is used to guide strategic decision\-making across the company.
* This entry\-level role within the Consumer Insights job family is focused on supporting and assisting in the execution of strategies within the team or organization. You will be involved in smaller, less complex projects with low to medium levels of innovation, often at a local or site level.
* You will answer and anticipate critical business questions and opportunities and deliver insights to the business and will demonstrate use of data visualization, storytelling and analytic tools to grasp business insights from mountains of data and consumer inputs.
* You will collaborate and network effectively within your immediate team or work domain to maximize job impact and personal learning.


 WHAT WE OFFER YOU
   

  

* Responsibilities from Day 1 – You will start of working on key brands from the beginning. Over time, as you expand your impact on the business, your responsibility and ownership of a brand will quickly grow.
* Continuous coaching \& mentorship– We are passionate about our work. We will make sure you receive both formal training and as regular mentorship from your manager and others.
* Dynamic and respectful work environment – We live our Purpose, Values, and Principles daily. We value every individual and encourage initiatives promoting agility and work/life balance.
* Flexible work arrangements.
* Competitive salary and benefits program \- private life \& medical insurance for employees and dependents, PG stock, saving plans.


**Job Qualifications**
* A degree in Marketing, Business Administration, Engineering or a related field
* Strong analytical skills and ability to work with data
* Ability to grasp business insights from different sources of data, and a willingness to share insights.
* Excellent communication skills and ability to work collaboratively
* Eagerness to learn and grow within the role
* Up to 3 years of previous experience.
* Prior experience in market research, consumer insights or Data Analytics is a plus but not required
* Written and spoken proficiency in Spanish and English.
* Strong leadership, innovation, and passion for winning.


 ABOUT US
   

  

 We produce globally recognized brands and we grow the best business leaders in the industry. With a portfolio of trusted brands as diverse as ours, it is paramount our leaders are able to lead with courage the vast array of brands, categories and functions. We serve consumers around the world with one of the strongest portfolios of trusted, quality, leadership brands, including Always®, Ariel®, Gillette®, Head \& Shoulders®, Herbal Essences®, Oral\-B®, Pampers®, Pantene®, Tampax® and more. Our community includes operations in approximately 70 countries worldwide.
   

  

 We are committed to providing equal opportunities in employment. We value diversity and we do not discriminate on the basis of race, religion, color, national origin, gender, sexual orientation, age, marital status, veteran status, or disability status.
   

  

**Accommodations are available for candidates with disabilities during the application process and in the workplace.** 
 If you want to know more about us please visit: https://www.pgcareers.com/latam/en/pwdpa
   

  

**Job Schedule**
 Full time
   

  

**Job Number**
 R000153720
   

  

**Job Segmentation**
 Entry Level",Manufacturing,https://www.linkedin.com/company/procter-and-gamble,https://media.licdn.com/dms/image/v2/D560BAQEI1MYhkkqixQ/company-logo_100_100/B56ZcYR97xGsAM-/0/1748459053801/procter_and_gamble_logo?e=2147483647&v=beta&t=5FzP2eYZE1kLQhI7oqauxCcS6lhJmyz8OhOT5ttHIlE,,,,,,,,,,,,"""Antropologia"""
li-4441022076,linkedin,https://www.linkedin.com/jobs/view/4441022076,,Asistente Social Comunitario - Tacna,Aldesa,,2026-07-21,fulltime,,,,,,False,associate,Other,,,"¿Te apasiona la construcción? ¡Únete a Aldesa y crece con nosotros!
 


  


 Ubicación: Corredor Vial 42 \- Tacna / Candarave
 


  


 Posición: Asistente Social Comunitario
 


  


 En Aldesa, cada día tendrás la oportunidad para aprender, innovar y superar retos. Estamos buscando un/a Asistente Social Comunitario para colaborar con nosotros en el Corredor Vial 42\. Si tienes experiencia en proyectos de obras viales o movimiento de tierras ¡queremos conocerte!
 


  


 Tus responsabilidades:
 


  

  
* Generar reuniones informativas con comunidades y grupos de interés.
  
* Participar en negociaciones y acuerdos comunitarios.
  
* Elaborar informes mensuales de gestión social.
  
* Realizar seguimiento a compromisos sociales del proyecto.
  
* Mantener una comunicación efectiva con actores de la zona de influencia.
  
* Gestionar y actualizar reportes e indicadores en Excel.
  


  


 Requisitos:
 


  

  
* Egresado(a), Bachiller o Licenciado(a) en Comunicación Social, Sociología, Antropología o carreras afines.
  
* Experiencia mínima de 2 años en funciones similares vinculadas a gestión social, relacionamiento comunitario o trabajo con grupos de interés.
  
* Experiencia en proyectos de obras viales o construcción de carreteras.
  
* Manejo de reuniones informativas y coordinación con comunidades.
  
* Manejo de Excel a nivel intermedio
  


  


 ¿Qué te ofrecemos?:
 


  

  
* Salario competitivo acorde al mercado.
  
* Ingreso a planilla con todos los beneficios de ley.
  
* Alimentación y alojamiento cubiertos en obra.
  
* EPS cubierta al 100% para titular y derechohabientes.
  
* Formación constante mediante planes adaptados a tu rol.
  
* Oportunidades de desarrollo y crecimiento profesional.
  
* Excelente clima laboral y participación en proyectos de gran envergadura.",Construction,https://es.linkedin.com/company/aldesa,https://media.licdn.com/dms/image/v2/D4D0BAQEwaO8mu1JZKA/company-logo_100_100/B4DZgTD7ArHsAY-/0/1752666452460/aldesa_logo?e=2147483647&v=beta&t=GIQvWjy4Z0xuS4Z7p7ASoL063vRwNqfKJ2DixKssEhs,,,,,,,,,,,,"""Antropologia"""
li-4434754484,linkedin,https://www.linkedin.com/jobs/view/4434754484,,Coordinador de Comunidad Perú,Mallplaza,"Lima, Peru",2026-07-21,fulltime,,,,,,False,mid-senior level,Other,,,"**Descripción Empresa**
 Somos más de 88 mil personas que cada día trabajamos por el firme Propósito \- Simplificar y Disfrutar más la Vida. Estamos presentes en 9 países y compuestos por cinco grandes marcas posicionadas de diversas industrias: Falabella Retail, Sodimac, Banco Falabella, Tottus y Mallplaza. Cada una de éstas nos hace ser quienes somos, y es entre todos, como Un Solo Equipo, que buscamos diariamente reinventarnos y superar las experiencias de nuestros clientes.
   

  

 Un Equipo lleno de sueños que hace que las cosas pasen. nos atrevemos a emprender e innovar, a tomar riesgos y a generar oportunidades que nos permitan estar siempre a la vanguardia lo que nos lleva a reinventarnos para entregar la mejor experiencia de compra en cualquier punto de encuentro con nosotros. En Grupo Falabella Perú promovemos una cultura inclusiva y diversa, basada en la equidad y el respeto por todas las personas, sin distinción de género, religión, discapacidad, identidad LGBTQ\+, etnia u otras formas de diversidad.
   

  

**Misión Del Cargo**
 Asegurar el relacionamiento con el entorno para la continuidad operacional y la creación de valor en el mercado de Perú.
   

  

**Funciones Del Cargo**
* Acompañar la implementación de la estrategia de relacionamiento de los malls de Mallplaza Perú
* Liderar la implementación de los programas sociales en el mercado peruano


**Requisitos**
* Profesional titulado en Ciencias Sociales (Antropología, Sociología), Trabajo Social
* Mínimo 3 a 4 años liderando relaciones comunitarias, responsabilidad social o sostenibilidad
* Manejo de conflictividad social, relacionamiento comunitario


**Beneficios**
 Condiciones oferta:
   

  

**Con La Experiencia Falabella Disfrutarás De**
* Planilla desde el primer día
* Crecimiento profesional en las empresas del grupo
* Buen clima laboral y ambiente de trabajo positivo
* Proyectos con propósito


**Descripción Proceso De Selección**
 El proceso de selección se realiza a través de Aira \- plataforma de reclutamiento diseñado para mejorar tu experiencia de postulación.
   

  

**Para Postular Solo Necesitas**
* Postular a la oferta
* Revisar tu email
* Ingresar a Aira y contestar las preguntas y/o pruebas solicitadas


 Luego, si vemos que tu perfil se ajusta a lo que estamos buscando, te contactaremos por email (a través de Aira) para seguir a la etapa presencial.",Retail,https://cl.linkedin.com/company/mall-plaza,https://media.licdn.com/dms/image/v2/D4E0BAQFXtbNpNX42Lg/company-logo_100_100/company-logo_100_100/0/1696895608636/mall_plaza_logo?e=2147483647&v=beta&t=hgnFaDx4LfS54qZZGDom94OgEy21wUMrE7XpwDJexgE,,,,,,,,,,,,"""Antropologia"""
li-4441022028,linkedin,https://www.linkedin.com/jobs/view/4441022028,,Asistente Social Comunitario - Moquegua,Aldesa,,2026-07-21,fulltime,,,,,,False,associate,Other,,,"¿Te apasiona la construcción? ¡Únete a Aldesa y crece con nosotros!
 


  


 Ubicación: Corredor Vial 41 B \- Moquegua / Matalaque
 


  


 Posición: Asistente Social Comunitario
 


  


 En Aldesa, cada día tendrás la oportunidad para aprender, innovar y superar retos. Estamos buscando un/a Asistente Social Comunitario para colaborar con nosotros en el Corredor Vial 41B. Si tienes experiencia en proyectos de obras viales o movimiento de tierras ¡queremos conocerte!
 


  


 Tus responsabilidades:
 


  

  
* Generar reuniones informativas con comunidades y grupos de interés.
  
* Participar en negociaciones y acuerdos comunitarios.
  
* Elaborar informes mensuales de gestión social.
  
* Realizar seguimiento a compromisos sociales del proyecto.
  
* Mantener una comunicación efectiva con actores de la zona de influencia.
  
* Gestionar y actualizar reportes e indicadores en Excel.
  


  


 Requisitos:
 


  

  
* Egresado(a), Bachiller o Licenciado(a) en Comunicación Social, Sociología, Antropología o carreras afines.
  
* Experiencia mínima de 2 años en funciones similares vinculadas a gestión social, relacionamiento comunitario o trabajo con grupos de interés.
  
* Experiencia en proyectos de obras viales o construcción de carreteras.
  
* Manejo de reuniones informativas y coordinación con comunidades.
  
* Manejo de Excel a nivel intermedio
  


  


 ¿Qué te ofrecemos?:
 


  

  
* Salario competitivo acorde al mercado.
  
* Ingreso a planilla con todos los beneficios de ley.
  
* Alimentación y alojamiento cubiertos en obra.
  
* EPS cubierta al 100% para titular y derechohabientes.
  
* Formación constante mediante planes adaptados a tu rol.
  
* Oportunidades de desarrollo y crecimiento profesional.
  
* Excelente clima laboral y participación en proyectos de gran envergadura.",Construction,https://es.linkedin.com/company/aldesa,https://media.licdn.com/dms/image/v2/D4D0BAQEwaO8mu1JZKA/company-logo_100_100/B4DZgTD7ArHsAY-/0/1752666452460/aldesa_logo?e=2147483647&v=beta&t=GIQvWjy4Z0xuS4Z7p7ASoL063vRwNqfKJ2DixKssEhs,,,,,,,,,,,,"""Antropologia"""
li-4443383828,linkedin,https://www.linkedin.com/jobs/view/4443383828,,Negociador,N&P Gestión Predial,"Lima, Peru",2026-07-21,fulltime,,,,,,False,mid-senior level,Sales and Management,,,"**Objetivo Del Puesto**
 Gestionar los procesos de negociación con propietarios, posesionarios y demás actores involucrados, a fin de lograr la adquisición, liberación de áreas y establecimiento de servidumbres necesarias para la ejecución de proyectos de infraestructura, asegurando el cumplimiento de los objetivos del servicio.
   

  

**Función General**
 Ejecutar y gestionar los procesos de negociación predial y relacionamiento con propietarios, posesionarios y terceros involucrados, facilitando la adquisición, liberación de áreas y establecimiento de servidumbres requeridas para el desarrollo del proyecto.
   

  

**Funciones Específicas**
* Negociar directamente con propietarios, posesionarios o terceros afectados.
* Gestionar el establecimiento de servidumbres.
* Conducir procesos de trato directo.
* Participar en conciliaciones extrajudiciales.
* Elaborar, suscribir y gestionar actas de acuerdo.
* Gestionar la adquisición, compraventa o liberación de áreas.
* Coordinar la obtención de frentes de trabajo.
* Mantener el relacionamiento predial y comunitario durante la ejecución del proyecto.


**Requisitos**
**Carrera** 
 : Derecho, Sociología, Antropología, Ciencias de la Comunicación, Administración, Gestión Pública, Arquitectura, Ingeniería Agrícola, Ingeniería Agronómica, Ingeniería Forestal, Ingeniería Ambiental u otras especialidades afines vinculadas a gestión predial, relacionamiento comunitario o negociación social.
   

  

**Grado** 
 : Título Profesional, Colegiado (habilitado).
   

  

**Institución** 
 : Universidad licenciada por SUNEDU.
   

  

**Experiencia profesional** 
 : Mín. 2 años años en el ejercicio de su profesión.
   

  

**Experiencia en el puesto** 
 : Participación en al menos dos (02\) proyectos relacionados con saneamiento físico legal, gestión predial o establecimiento de servidumbres para proyectos de infraestructura pública o privada.
   

  

 Si cumples con los requisitos y deseas formar parte de un proyecto de gran impacto en infraestructura, ¡te invitamos a postular!",Business Consulting and Services,https://pe.linkedin.com/company/nyp-gestion-predial,https://media.licdn.com/dms/image/v2/D4D0BAQHD9lxXrfUjHQ/company-logo_100_100/B4DZibTTjmHsAQ-/0/1754952187229/nyp_forest_wood_work_logo?e=2147483647&v=beta&t=F-zFsRpB8ueHscsH-LoeGZ6HnQaqKV2-2gH4Xcn3HqI,,,,,,,,,,,,"""Antropologia"""
li-4443071312,linkedin,https://www.linkedin.com/jobs/view/4443071312,,Analista de Selección,Grupo San Pablo,"Arequipa, Arequipa, Peru",2026-07-21,fulltime,,,,,,False,mid-senior level,Human Resources,,,"¿Te gustaría formar parte de uno de los conglomerados de empresas más grandes del Perú, un grupo que está a la vanguardia del bienestar integral en salud, educación y turismo?
 **Grupo San Pablo** 
 te invita a unirte a su equipo, donde la excelencia, el compromiso y la tecnología de punta se combinan para ofrecer soluciones únicas. Si buscas un entorno dinámico y desafiante. ¡Esta es tu oportunidad de marcar la
 **diferencia en la vida de las personas!**
 Hoy, queremos que seas parte de nuestro grupo
 **. Buscamos un ANALISTA DE SELECCIÓN,** 
 para sumarse a nuestra
 **CLÍNICA SAN PABLO\-AREQUIPA** 
 y seguir brindando la mejor atención a nuestros pacientes.
   

  

**¿QUÉ HARÁS?**
* Responsable de los procesos de reclutamiento y selección de personal (Desde el reclutamiento hasta la firma de contratos).
* Llevar a cabo el levantamiento del perfil de puesto (de ser necesario) en coordinación con jefes de área.
* Recepcionar y validar los requerimientos de personal por puesto y área.
* Registro y control de los requerimientos de personal por cubrir (fecha requerimiento, jefe solicitante, área, puesto, sueldo reemplazo, fecha de cese, estado de proceso, responsable, datos del ingresante, DNI, teléfono).
* Recepción y revisión de files de los colaboradores ingresantes a la clínica.
* Informar a la Jefatura de Recursos Humanos sobre los procesos de selección realizados por áreas, y dificultades que se presente en los procesos.
* Actualizar las convocatorias ante las distintas bolsas de trabajo de Universidades e Institutos, además en bolsas laborales virtuales como: Búmeran.
* Elaborar reportes de gestión y estadísticas para la toma de decisiones sobre movimientos de personal (Promociones, requerimientos, etc.), así como reportes de indicadores del área.
* Enviar programación medica ocupacional de los postulantes seleccionados.
* Elaborar reportes en coordinación con la subárea de remuneraciones.


**¿QUÉ NECESITAS?**
* Estudios universitarios en Psicología, Ing. Industrial, Administración y/o carreras afines.
* Conocimientos en Gestión de capacitación.
* Conocimiento en reclutamiento, selección, contratación e inducción de personal
* Experiencia en Evaluación de desempeño, Clima laboral y Desarrollo de personal.
* Manejo de Office intermedio.
* Experiencia mínima de 1 año manejando procesos de selección y capacitación (de preferencia en el sector salud).
* Disponibilidad inmediata.


**¿QUÉ TE OFRECEMOS?**
* Remuneración acorde al mercado.
* Ingreso a planilla con todos los beneficios de ley (gratificaciones, utilidades, CTS)
* Afiliación al Plan de Asistencia Médico Familiar con descuentos y tarifas preferenciales.
* Oportunidad de línea de carrera.
* Pertenecer a una sólida empresa de prestigio.


 ""Se informa al postulante que afirma su consentimiento y autorización del uso de sus datos personales expuestos en su cv, dentro del marco de la Ley de Protección de Datos Personales N° 29733, para fines únicamente de postulación con la organización, este registro se deriva al área de RR.HH. y se conservará por un plazo máximo de 6 meses posterior al proceso de selección"".",Hospitals and Health Care,https://www.linkedin.com/company/gruposanpablo,https://media.licdn.com/dms/image/v2/D4E0BAQEe-DeilAMhnA/company-logo_100_100/B4EZuEK9QmHMAQ-/0/1767449024111/gruposanpablo_logo?e=2147483647&v=beta&t=7D_wYDJQBW_zW77j2_8owNAEF4M2K2J2hGk0KZ0cnSg,,,,,,,,,,,,"""Antropologia"""
li-4443063720,linkedin,https://www.linkedin.com/jobs/view/4443063720,,Analista de Microbiología,Laboratorio Gencopharmaceutical,"Ate, Peru",2026-07-21,fulltime,,,,,,False,mid-senior level,"Research, Analyst, and Information Technology",,,"**Oportunidad para Analista de Microbiología en GENCOPHARMACEUTICAL**
**Funciones**
* Gestionar y coordinar análisis microbiológicos de productos farmacéuticos.
* Analizar muestras y reportar resultados con precisión.
* Participar en la identificación y control de contaminantes.
* Colaborar con el equipo de calidad para asegurar estándares de seguridad.


**Requisitos**
* Experiencia previa en microbiología en el ámbito farmacéutico.
* Conocimiento de técnicas microbiológicas y normativas aplicables.
* Capacidad para trabajar en equipo y coordinar con diferentes departamentos.


**Beneficios**
* Ofrecemos un ambiente de trabajo colaborativo y de aprendizaje continuo.
* Contarás con acceso a formación y desarrollo profesional.
* Participación en proyectos innovadores y de alta relevancia.
* Bus de acercamiento
* Utilidades anuales.


 El rol ofrece oportunidades significativas para el desarrollo profesional y el avance en el campo de la microbiología farmacéutica.",Pharmaceutical Manufacturing,https://pe.linkedin.com/company/gencopharmaceutical,https://media.licdn.com/dms/image/v2/C4E0BAQHR0VgDdgacfg/company-logo_100_100/company-logo_100_100/0/1632777141613?e=2147483647&v=beta&t=AA7IOQZoz9tTFlUwnnXfhs2cjj8p-ONZdaS0nK9akwY,,,,,,,,,,,,"""Antropologia"""
li-4442454932,linkedin,https://www.linkedin.com/jobs/view/4442454932,,Analista de Innovación,Camposanto Parque del Recuerdo,"Santiago de Surco, Peru",2026-07-18,fulltime,,,,,,False,not applicable,Product Management and Marketing,,,"Parque del Recuerdo, Institución líder en brindar servicios funerarios integrales, acompañando a las familias en los momentos más difíciles. Con 30 años presentes en el Perú, y un amplio crecimiento en el rubro gracias al talento de cada uno de nuestros colaboradores, te invitamos a formar parte de nuestro equipo.
   

  

 Nos encontramos en la búsqueda de un talento para el cargo de ANALISTA DE INNOVACIÓN para nuestra Sede en SURCO.
   

  

 ¿A QUIÉN BUSCAMOS?
   

  

* Egresado de Administración, Ing. Industrial, Comunicaciones o afines
* Con experiencia en gestión de proyectos y/o innovación y conocimientos en metodologías ágiles. Design Thinking, UX, UI
* Experiencia de 1 a 2 años aproximadamente en proyectos y/o Innovación


 ¿CUÁLES SERÁN TUS FUNCIONES?
   

  

* Liderar investigaciones, desarrollo e implementación de soluciones para mejorar la experiencia de nuestros clientes y de la organización.
* Gestión de portafolio de proyectos.
* Investigaciones mediante entrevistas y encuestas a los clientes. (trabajo de campo)
* Desarrollo de proyectos con una visión integral de la solución buscando constantemente a los stakeholders


 ¿QUÉ OFRECEMOS PARA TI EN PARQUE DEL RECUERDO?
   

  

* Grato ambiente laboral.
* Mejora y aprendizaje continuo.
* Acceso a Seguro Privado de Salud
* Convenios y facilidades corporativas
* Apto para personas con discapacidad


 Esta vacante está abierta a personas con discapacidad, conforme a la Ley N.º 29973
   

  

 Postula al mejor equipo!!!!",Individual and Family Services,https://pe.linkedin.com/company/parquedelrecuerdo-per%C3%BA,https://media.licdn.com/dms/image/v2/D4D0BAQFQ4jg-DO3KYA/company-logo_100_100/company-logo_100_100/0/1698700416697?e=2147483647&v=beta&t=jwarzIddFyry0qItxIR27dt8BlTwBpCOvJ2Ppv3MH1c,,,,,,,,,,,,"""Antropologia"""
li-4438440321,linkedin,https://www.linkedin.com/jobs/view/4438440321,,"Especialista de Cultura, Clima y Experiencia al Colaborador",Clínica Internacional,"Lima, Peru",2026-07-15,fulltime,,,,,,False,mid-senior level,Human Resources,,,"En
 **Clínica Internacional** 
 , parte del
 **Grupo BRECA** 
 , creemos que cuidar vidas también significa cuidar a quienes las cuidan.
 



  





 Somos una red de clínicas y centros médicos con tecnología de vanguardia y un staff médico de primer nivel. Dos de nuestras principales sedes cuentan con la acreditación
 **Joint Commission International** 
 , la distinción más alta en calidad y seguridad del paciente.
 



  





**¡Suma tu talento a nuestro propósito!,** 
 tú puedes ser el próximo
 **Especialista de Cultura, Clima y Experiencia al Colaborador.** 




  





**🏥¿Qué buscamos?** 



* Bachiller o titulado(a) en Psicología, Comunicación, Administración, Sociología, Antropología o carreras afines.
* Experiencia mínima de 3 años liderando o gestionando iniciativas de cultura organizacional, clima laboral, experiencia del colaborador o transformación cultural, de preferencia en empresas de servicios con más de 1,500 colaboradores.
* Experiencia en diseño e implementación de programas de cultura, engagement, reconocimiento, liderazgo o gestión del cambio.
* Conocimiento en metodologías ágiles, gestión de proyectos y herramientas de medición de clima y experiencia del colaborador.
* Manejo de Excel a nivel intermedio e inglés intermedio.



  





**🏥¿A qué desafíos te enfrentarás?** 



* Diseñar e implementar iniciativas que fortalezcan la cultura organizacional y promuevan una experiencia positiva para nuestros colaboradores.
* Gestionar el plan anual de cultura, clima y experiencia del colaborador, asegurando el cumplimiento de los objetivos estratégicos del área.
* Liderar los procesos de medición de clima laboral y experiencia del colaborador, analizando resultados y acompañando la implementación de planes de acción.
* Desarrollar e impulsar programas de cultura, reconocimiento, liderazgo, diversidad, equidad e inclusión, alineados a nuestro ADN Cultural.
* Asesorar a líderes y equipos en la implementación de iniciativas que fortalezcan el compromiso, bienestar y experiencia de los colaboradores.
* Identificar oportunidades de mejora mediante el análisis de información cualitativa y cuantitativa, proponiendo soluciones de alto impacto.
* Coordinar campañas y acciones de comunicación interna que contribuyan al posicionamiento de nuestra cultura organizacional.
* Gestionar el presupuesto de los programas a su cargo y realizar seguimiento a sus principales indicadores de impacto.



  





**🏥¿Qué beneficios disfrutarás?** 



* Ingreso a planilla con todos los beneficios de ley.
* Seguro de vida ley.
* Cobertura de EPS Rimac al 75%.
* Beneficios de bienestar personal y familiar.
* Programas de reconocimiento.
* Capacitaciones y oportunidades de desarrollo.



  





 ""En Clínica Internacional promovemos la inclusión laboral, fomentando entornos diversos y accesibles. Invitamos a personas con habilidades diferentes a sumarse a nuestro equipo y contribuir al bienestar de más personas"".",Hospitals and Health Care and Health and Human Services,https://pe.linkedin.com/company/clinicainternacional,https://media.licdn.com/dms/image/v2/D4E0BAQE3GzybkfJVew/company-logo_100_100/B4EZpKpukmHUAU-/0/1762189044560/clinicainternacional_logo?e=2147483647&v=beta&t=mYl8k-kO2S84SjnOb-8fopftkZiHEzeIECD4XruTDsQ,,,,,,,,,,,,"""Antropologia"""
li-4439493893,linkedin,https://www.linkedin.com/jobs/view/4439493893,,Profesional Especialista en RRCC (Relaciones Comunitarias),OCA GLOBAL,,2026-07-14,fulltime,,,,,,False,mid-senior level,Other,,,"**Descripción del puesto:** 
 Buscamos un especialista con fuerte vocación social para gestionar el relacionamiento comunitario, prevención de conflictos sociales y asegurar la viabilidad social de los proyectos en zonas urbanas.
   

  

**Requisitos**
* Formación: Licenciado en Ciencias Sociales, Sociología, Antropología o carreras afines.
* Experiencia:
+ Mínimo 5 años en relaciones comunitarias dentro de construcción, minería u Oil \& Gas.
+ Mínimo 3 años como Profesional, Supervisor o Coordinador de RRCC.
+ Mínimo 2 años de experiencia directa en manejo de conflictos sociales.
+ Mínimo 2 años realizando trabajo de campo en entornos urbanos.

* Conocimientos: Manejo de herramientas de diagnóstico social, especialización en manejo de conflictos, lectura de planos y sistemas GIS (nivel usuario). Deseable nociones de SSO.
* Licencia de Conducir: A1 (Obligatorio).


**Beneficios:**
* Contrato por 12 meses.
* Beneficios sociales de ley, planilla directa y gastos de movilidad en campo cubiertos.",Business Consulting and Services,https://es.linkedin.com/company/oca-global,https://media.licdn.com/dms/image/v2/D4D0BAQGAqVHh76ZUsw/company-logo_100_100/B4DZcRXlCOIAAQ-/0/1748343083632/oca_global_logo?e=2147483647&v=beta&t=DRhaNkiIHpi90cl-TchfBaUH0ZAX-FHphrEuTwwqJ9g,,,,,,,,,,,,"""Antropologia"""
li-4439586422,linkedin,https://www.linkedin.com/jobs/view/4439586422,,Lecturer II,"Federal University of Technology and Environmental Sciences, Iyin-Ekiti, Ekiti State, Nigeria.","Province of Asunción, Ancash, Peru",2026-07-11,fulltime,,,,,,False,mid-senior level,Education and Training,,,"* Home
* Vacancies
* Lecturer II


 POSITION: Lecturer II
   

  

 DEPARTMENT: DEPARTMENT OF SURVEYING AND GEOINFORMATICS
   

  

 CATEGORY: ACADEMIC
   

  

 full\-time Deadline: 16 Nov 2025 Applications Open
   

  

**Requirements**
* The candidate must have at least a Ph.D degree with adequate and acceptable publications with distinctive academic quality, originality and contribution to knowledge with teaching experience. A candidate with Master's degree with evidence of steady progress in his or her Ph.D programme, a good teaching/professional practice (not less than 2 years may apply.)


 Application Process
   

  

**Required Documents**
* Application Letter
* Academic Certificates
* Curriculum Vitae
* Passport Photograph
* Reference Letters (3\)


**Important Notes**
* All documents must be in PDF format
* Photo should be recent passport size
* Application deadline is strict
* Only shortlisted candidates will be contacted


 NOTICE TO ALL APPLICANTS ON CONTISS 06 \- CONTISS 13
   

  

 All applicants who falls between CONTISS 06 \- CONTISS 13 should
 **Login to their dashboard from 8:00am \- 7:00pm on Monday 17 \- 18 November, 2025** 
 , to access the link to the Aptitude test
   

  

 Back to Vacancies
   

  

**Note:** 
 Applications
 **closed** 
 on November 16, 2025 at 11:59:59 PM.",Higher Education,https://www.linkedin.com/company/federal-university-of-technology-and-environmental-sciences-iyin-ekiti-ekiti-state-nigeria,https://media.licdn.com/dms/image/v2/D4E0BAQEBcGcx-UKgXg/company-logo_100_100/B4EZwJIKa.JkAU-/0/1769679661887?e=2147483647&v=beta&t=FHqA9LbxcmDiw7cNwEO13JFzXhppjOStkR6gaqcXLWw,,,,,,,,,,,,"""Antropologia"""
li-4439334043,linkedin,https://www.linkedin.com/jobs/view/4439334043,,Postdoctoral Researcher Position at the Center for Volatile Interactions,"Department of Pharmacy, University of Copenhagen","Province of Asunción, Ancash, Peru",2026-07-10,fulltime,,,,,,False,internship,"Research, Analyst, and Information Technology",,"riikkar@bio.ku.dk, jrm970@ku.dk","* Job portal
* All vacancies


 Postdoctoral Researcher Position at the Center for Volatile Interactions
   

  

**Department of Biology
   

  

 Faculty of SCIENCE**
**University of Copenhagen**
 Biogenic volatile organic compounds (VOCs) have a profound impact on local and regional climates. Yet, this impact is highly uncertain due to the lack of reliable estimates for natural emissions and uptake of these reactive volatiles. All organisms produce, and some consume, mixtures of diverse volatile compounds such as VOCs, reactive nitrogen gases (e.g., HONO), and sulfur/halogenated compounds (e.g., DMS and methylhalides). However, biological sources and sinks of volatiles, other than terrestrial plants, remain poorly characterized. In the Center for Volatile Interactions (VOLT), we focus on VOC production, consumption and transformations associated with soil, cryptogams, freshwater, seawater, and glacial ice environments, as well as plant leaf and rhizosphere microbial communities. Our research encompasses experimental (field and laboratory) and modelling work and includes e.g. rate measurements, experiments with stable isotopes, and molecular analyses to assess volatile production/consumption processes and identify the organisms involved. We offer creative and stimulating working conditions in a dynamic, collaborative, and international research environment. VOLT is a Center of Excellence housed in Universitetsparken, Copenhagen, where we have laboratory facilities and state\-of\-the\-art instrumentation for analyses of volatile compounds, molecular analyses of microbial community structure and activity, as well as incubation and climate chamber facilities.
   

  

 We are looking for a highly motivated candidate with a PhD in biology, chemistry or related fields, to conduct cutting\-edge, hypothesis\-driven research within the scientific area of VOLT, focusing on process understanding related to VOC exchange in terrestrial ecosystems. You have the opportunity to propose a research plan starting from your own skills and experience, working, for example, with leaf surfaces, tree stems, soil, or lake sediment.
   

  

 The candidate should have a strong publication record in biological VOC research, biogeochemistry, metabolomics, microbiology, or related fields. Experience in designing and conducting experiments based on hypotheses is required while experience with VOC measurements using mass spectrometric methods, especially PTR\-MS or GC\-MS (or related instrumentation) is desirable as is experience with isotope\-based approaches for studying biological processes. In addition, experience conducting independent research, securing competitive research funding, and contributing to the development of external funding applications will be considered an advantage. Experience in advanced statistical analyses and programming (e.g., R, Python, or related tools) is an asset.
   

  

 Further information on the Department is linked at https://www1\.bio.ku.dk/ and on the recruiting unit at https://volt.ku.dk/. Inquiries about the position can be made to Professor Riikka Rinnan, riikkar@bio.ku.dk.
   

  

 The position is open from 1/12/2026 or as soon as possible thereafter, and is for 2 years.
   

  

 The University wishes our staff to reflect the diversity of society and thus welcomes applications from all qualified candidates regardless of personal background.
   

  

**Terms of employment**
 The position is covered by the Memorandum on Job Structure for Academic Staff.
   

  

 Terms of appointment and payment accord to the agreement between the Ministry of Finance and The Danish Confederation of Professional Associations on Academics in the State.
   

  

 Negotiation for salary supplement is possible.
   

  

 The application, in English, must be submitted electronically by clicking APPLY NOW below.
   

  

**Please include**
* Curriculum vitae
* Diplomas (Master and PhD degree or equivalent)
* Research plan – description of research plan (max. 3 pages)
* Complete publication list
* Separate reprints of 3 particularly relevant papers
* The deadline for applications is 13 September 2026, 23:59 GMT \+2\.


 After the expiry of the deadline for applications, the authorized recruitment manager selects applicants for assessment on the advice of the Appointment Committee.
   

  

**You can read about the recruitment process at** 
 https://employment.ku.dk/faculty/recruitment\-process/
 **.**
 APPLY NOW
   

  

 Part of the International Alliance of Research Universities (IARU), and among Europe’s top\-ranking universities, the University of Copenhagen promotes research and teaching of the highest international standard. Rich in tradition and modern in outlook, the University gives students and staff the opportunity to cultivate their talent in an ambitious and informal environment. An effective organisation – with good working conditions and a collaborative work culture – creates the ideal framework for a successful academic career.
   

  

 Contact
   

  

**Riikka Rinnan**
 E\-mail: jrm970@ku.dk
   

  

 Info
   

  

**Application deadline:** 
 13\-09\-2026
   

  

**Employment start:** 
 01\-12\-2026
   

  

**Working hours:** 
 Full time
   

  

**Department/Location:** 
 Department of Biology
   

  

 Search all vacancies",Research Services,https://dk.linkedin.com/company/department-of-pharmacy-university-of-copenhagen,https://media.licdn.com/dms/image/v2/C4E0BAQGQ9j7-BptzqA/company-logo_100_100/company-logo_100_100/0/1638799413067?e=2147483647&v=beta&t=f7wpz_u2Kutve4GwkwSxIj8BkVgTZX-_Crfr1kBhEeo,,,,,,,,,,,,"""Antropologia"""
li-4438680937,linkedin,https://www.linkedin.com/jobs/view/4438680937,,Service Designer,AFP Integra,"Lima, Peru",2026-07-09,fulltime,,,,,,False,mid-senior level,Other,,,"En AFP Integra nos encontramos en la búsqueda de una persona que ocupe el puesto de:
 **Service Designer.** 




  





**¿Qué buscamos?** 




  





 Buscamos un(a) profesional que pueda diseñar y evolucionar estrategias de servicio y flujos de valor junto con equipos multidisciplinarios, asegurar que las necesidades de clientes, usuarios y colaboradores se traduzcan en experiencias consistentes a lo largo de todos los puntos de contacto, digitales y no digitales.
 



  





**¿Cuáles serían tus principales responsabilidades?** 




  




* Realizar procesos de investigación para conocimiento profundo del cliente externo o interno.
* Analizar flujos de trabajo, procedimientos y operaciones de servicio, además de identificar redundancias y duplicidad de esfuerzos entre las diferentes áreas.
* Facilitar discusiones entre las diferentes áreas para entender sus políticas y procesos.
* Identificar puntos de dolor, así como el trabajo en silos de las diferentes áreas de la organización, a través de herramientas como Service Blueprint y Customer Journey Map.
* Diseñar propuestas que optimicen los servicios y operaciones, orientar a ofrecer una experiencia multicanal que considere todos los puntos de contacto del cliente (aplicaciones digitales y no digitales, flujo de atención en backoffice, protocolos de atención, etc.).
* Prototipar y testear propuestas de servicio con usuarios reales antes de su implementación.
* Presentar y comunicar los resultados a equipos de trabajo y stakeholders, además de generar recomendaciones accionables.
* Liderar la ejecución de las iniciativas de Service Design a su cargo, además de coordinar y alinear el trabajo entre las diferentes áreas involucradas, para lograr un enfoque holístico en la experiencia del cliente.
* Monitorear indicadores de experiencia y de eficiencia operativa posteriores a la implementación de las propuestas.
* Coordinar con los UX Designer o para garantizar la implementación de las propuestas digitales.



  





**¿Qué necesitamos de ti?** 




  




* Profesionales egresados o titulados de institutos o universidades, en las carreras de Diseño Industrial, Diseño UX, Psicología, Antropología, Sociología, Ingeniería Industrial, Ingeniería Empresarial, Administración, Comunicación, Marketing o carreras afines orientadas a la investigación y el diseño centrado en el usuario.
* Conocimiento de Service Blueprint y Journey Maps
* Conocimientos en métodos de investigación de Usuario (Research)
* Conocimiento en mejora y optimización de procesos
* Aplicación de IA en investigación y diseño de servicios (síntesis de insights, generación de propuestas, prototipado asistido)
* Deseable Inglés: Intermedio.
* MS Office: Intermedio.
* Deseable conocimiento en Miro, Figma o similares: intermedio
* Experiencia mínima de 2 años diseñando servicios y experiencias centradas en el usuario.
* Experiencia participando en procesos de investigación (research) y/o liderándolos: entrevistas a profundidad, focus group, etc.
* Experiencia en la elaboración de Service Blueprints y Customer Journey Maps con metodologías de diseño centrado en el humano.
* Experiencia con prototipos y validación de servicio con usuarios reales.



  





**¿Qué ofrecemos?** 




  





 · Una variedad de experiencias de aprendizaje continuo, además de convenios con las mejores universidades e instituciones educativas para fortalecer tus habilidades y conocimientos.
 



 · Un entorno en el que las personas se sienten incluidas, reconocidas y valoradas.
 



 · Beneficios que abarcan gestión del tiempo, bienestar financiero, integración, salud mental y física como EPS y Oncosalud cubierto al 100%.
 



 · Disfruta de la vestimenta casual todos los días, trabajo híbrido flexible acorde a las necesidades del rol y otros beneficios más.
 



  





 Garantizamos la igualdad de oportunidades y evitamos cualquier tipo de discriminación social, de género, discapacidad, religión, raza, educación, imagen personal, nacionalidad, entre otros o preferencia en los procesos de Atracción y Selección de la compañía.",Financial Services,https://pe.linkedin.com/company/afp-integra,https://media.licdn.com/dms/image/v2/C4E0BAQETmPljSNEvkQ/company-logo_100_100/company-logo_100_100/0/1630574961944/afp_integra_logo?e=2147483647&v=beta&t=DR-pFQUCWaORPmbwlN4Mpkv1JVAB_WxIMRZSUtrjLl0,,,,,,,,,,,,"""Antropologia"""
li-4437925118,linkedin,https://www.linkedin.com/jobs/view/4437925118,,Analista de Bienestar Social,Sigma,"Lima, Peru",2026-07-09,fulltime,,,,,,False,mid-senior level,Strategy/Planning,,,"*¡Únete a Sigma! Creemos en cuidar verdaderamente a nuestros colaboradores para asegurar que se sientan capacitados para ser su mejor versión en el trabajo. Este es el comienzo de una carrera con una compañía innovadora de rápido crecimiento.* 




  





 Objetivo del Puesto
 



 Asesorar, orientar e impulsar el Bienestar de nuestros Trabajadores y sus familias, a través de las actividades de Plan Anual de Bienestar
 



  





 Roles del Puesto
 


* Planificar y ejecutar el Plan de Bienestar Anual, de acuerdo al diagnóstico de necesidades para Impulsar el Bienestar de nuestros trabajadores y de sus familias
* Crear y ejecutar distintas actividades innovadoras relacionadas a eventos institucionales, recreativos, familiares, de infraestructura y agasajos en general, para la mejora continua del Clima Laboral
* Preparar los expedientes de subsidios: Cálculo del subsidio, armado del expediente (Carta de las doce ultimas remuneraciones, llenado del formulario de Solicitud de Reembolso, descanso médico y DNI del trabajador), presentación de documentos ante Essalud y la solicitud de abono; para el logro del reembolso del subsidio otorgado al trabajador
* Brindar información y soporte a los trabajadores en caso de enfermedad o accidentes; realizar visitas domiciliarias y hospitalarias según se requiera, para dar el seguimiento y apoyo empcional a nuestros trabajadores
* Administrar los Seguros de Capital Humano: Seguro Médico (EPS), Seguro FullSalud (Gerentes y Directivos), Seguro FOLA (Formación Laboral), Red Médica, SCTR (Seguro de Trabajo de Riesgo), Seguro de Vida Ley; para brindar una adecuada protección a nuestros trabajadores en cumplimiento de la norma legal y de requisitos comerciales
* Mantener actualizada la información del trabajador y familia en el SAP, file personal, Essalud , Tregistro, envio de descuentos a planilla por beneficios (Cine, descuentos de seguros particulares, circos, campaña escolar, entre otros)
* Diseñar, elaborar y enviar las Comunicaciones Internas en la empresa a través de los diferentes canales: mail, murales, entre otros para mantener informados a los trabajadores
* Elaborar y dar seguimiento a los KPI´s de Bienestar, Ausentismo: Faltas injustificadas, licencias, Faltas Justificadas y Descansos Médicos
* Eventos institucionales end to end.



  





 Requisitos
 


* Profesional de la carrera de Trabajo Social.
* Deseable experiencia de 4 a 5 años liderando áreas de bienestar en empresas de consumo masivo o industriales con más de 500 trabajadores.
* Manejo de excel intermedio/avanzado
* Deseable conocimiento en SAP
* Conocimiento de la Ley de Salud Ocupacional y Riesgo Laboral. (Deseable)
* Conocimiento comprobado en gestión de eventos, subsidios , lactancias, bienestar humano, Essalud, TRegistro
* Disponibilidad para trabajar en Ate Vitarte



  





*En Sigma, todos los procesos de reclutamiento y selección son completamente gratuitos, por lo que no cobramos por realizar exámenes médicos, entrevistas, aplicación de psicometrías o cualquier otra etapa del proceso de selección. En Sigma promovemos la originalidad. Reconocemos y celebramos el valor único de las personas, fomentando la igualdad de oportunidades sin discriminar por afiliación política, cultura, edad, embarazo, estado civil, género, nacionalidad, nivel socioeconómico, maternidad, paternidad, religión, orientación sexual, origen étnico o tipo de discapacidad. Sigma prohíbe la solicitud y el uso de certificados médicos de no embarazo y Virus de Inmunodeficiencia Humana (VIH) como requisitos para el ingreso, permanencia o ascenso en el empleo.* 




*¡Únete a nuestra comunidad de más de 60 nacionalidades en 4 continentes!*",Food and Beverage Manufacturing and Manufacturing,https://mx.linkedin.com/company/sigma-alimentos,https://media.licdn.com/dms/image/v2/D560BAQGUY-_zwwcBuw/company-logo_100_100/B56Zg4AH8xHUAY-/0/1753286213939/sigma_alimentos_logo?e=2147483647&v=beta&t=mmS50YwbMGhdSjQSkMenWGgAd0_S6nOph_dFYd4zqiY,,,,,,,,,,,,"""Antropologia"""
li-4438226433,linkedin,https://www.linkedin.com/jobs/view/4438226433,,Analista de Investigación y Desarrollo,ARIS,"Lima, Peru",2026-07-08,fulltime,,,,,,False,mid-senior level,Business Development and Sales,,,"Somos Aris Industrial S.A., con presencia a nivel nacional e internacional, que inicio en 1943, contando actualmente con tres unidades de negocios: Textil, con nuestra marca Barrignton; Químicos, con nuestra división agrícola, tratamiento de agua e industria; y Cerámicos con nuestra marca Gala.
   

  

 Buscamos personas comprometidas con los desafíos futuros, dispuestas a desarrollar al máximo su talento junto a nosotros. Si tú eres uno de ellos, te invitamos a formar parte de nuestra empresa.
   

  

 Nos encontramos en la búsqueda del mejor talento para la posición de:
   

  

 ANALISTA DE INVESTIGACIÓN Y DESARROLLO – UN QUIMICOS
   

  

**Requisitos**
 Profesional titulado de la carrera de Química, Ing. Química.
   

  

 Experiencia mínima de 03 años en el desarrollo de nuevos productos o en investigación en laboratorio.
   

  

 Manejo de Office a nivel intermedio.
   

  

 Inglés a nivel avanzado (conversación – lectura)
   

  

**Principales Funciones**
 Investigar, crear, desarrollar productos en la línea de negocio de Agroquímicos.
   

  

 Elaborar la documentación técnica de los productos: Fichas Técnicas, HDS, Hojas de formulación.
   

  

 Elaborar brochure con información técnica relacionadas a la aplicación de nuestros productos.
   

  

 Asistir las áreas de producción y control de calidad en la producción de desarrollos calificados y/o mejoramiento de formulación.
   

  

 Evaluar y emitir informes de proveedores alternativos y materias primas nuevas.
   

  

 Desarrollar los proyectos de mejora asignados.
   

  

 Analizar los productos de baja rotación y bloqueados para dar plan de acción de recuperación o eliminación.
   

  

 HORARIO: Lunes a Viernes de 6:55 am a 4:10 pm y Sábados de 6:55 am a 12:25 pm
   

  

**Ofrecemos**
 Ingreso a planilla
   

  

 Utilidades
   

  

 Capacitaciones
   

  

 Cobertura parcial de alimentación
   

  

 Creemos en la igualdad de oportunidades, respetamos la diversidad y no hacemos ningún tipo de discriminación, por ello y de acuerdo a la Ley N° 29973 damos igualdad de oportunidades a todas las personas.",Manufacturing,https://pe.linkedin.com/company/aris-com-pe,https://media.licdn.com/dms/image/v2/D4D0BAQG_kv9Tnj7C5A/company-logo_100_100/company-logo_100_100/0/1706706017170/aris_com_pe_logo?e=2147483647&v=beta&t=n6ONKHKyw06tB_jtKvge0eEaMIMeZF3FyYax3airYCQ,,,,,,,,,,,,"""Antropologia"""
li-4437130588,linkedin,https://www.linkedin.com/jobs/view/4437130588,,Responsable de Medio Ambiente y Social,Elecnor Group,"Moquegua, Peru",2026-07-06,fulltime,,,,,,False,executive,Strategy/Planning,,,"**Acerca de Elecnor:** 




 Elecnor es una empresa multinacional líder en el sector eléctrico, presente en más de 55 países que desarrolla, construye proyectos y servicios en los sectores de infraestructuras, energías renovables y nuevas tecnologías. En plena expansión en el Perú, estamos en búsqueda de un
 **Responsable de Medio Ambiente y Social** 
 con ganas de desarrollarse dentro de la empresa en nuestro Proyecto ubicado en la provincia de Moquegua.
 



  





**Descripción del puesto** 
 :
 



 Liderar la estrategia social del proyecto fotovoltaico para asegurar su viabilidad y licencia social, garantizando el respeto irrestricto a los Derechos Humanos, la gestión ética de las relaciones internas con los trabajadores y el fortalecimiento de los vínculos de confianza con las comunidades locales; todo ello orientado a asegurar el cumplimiento de los compromisos socioambientales y a minimizar los riesgos operativos y reputacionales de la compañía
 **.** 




  





**Responsabilidades:** 



* Elaborar, implementar y mantener el Plan de Gestión Ambiental del Proyecto y gestionar su aprobación por el Cliente.
* Elaborar y ejecutar el Plan de Sostenibilidad del Proyecto, conforme a los compromisos contractuales.
* Verificar el cumplimiento de los Requerimientos Medio Ambientales y Sociales del Contratante en todas las actividades del proyecto.
* Identificar peligros ambientales, aspectos e impactos, y establecer controles operativos.
* Supervisar la gestión de residuos, sustancias peligrosas, emisiones, efluentes, control de ruido, biodiversidad y protección del suelo.
* Gestionar la identificación, evaluación y control de aspectos e impactos ambientales derivados de las actividades de construcción, montaje y comisionamiento.
* Realizar inspecciones ambientales periódicas y emitir reportes.
* Gestionar incidentes ambientales, investigaciones, acciones correctivas y preventivas.
* Asegurar que subcontratistas implementen los requisitos ambientales y sociales.
* Diseñar e impartir capacitaciones al personal de ELECNOR y subcontratistas en temas ambientales y sociales.
* Elaborar reportes ambientales para el Cliente y para Elecnor Perú.
* Participar en auditorías internas y externas.
* Implementar el Plan de Sostenibilidad que incluye identificación de impactos sociales, medidas de control, y estrategias de relacionamiento comunitario.
* Gestionar las comunicaciones y solicitudes provenientes de comunidades del entorno del Proyecto, canalizándolas al Contratante en un plazo máximo de 24 horas.
* Resolver conflictos sociales originados por actos del Contratista, manteniendo indemne al Contratante.
* Promover una cultura de respeto al medio ambiente y a las comunidades locales.
* Disponibilidad para realizar trabajo 100% en campamento.



  





**Requisitos del Candidato:** 



* Requerido: Título y Colegiado profesional en Sociología, Antropología, Ingeniería Ambiental, Ingeniero Químico o afines.
* Deseable: Postgrado o especialización en Responsabilidad Social, Gestión de Conflictos o Derechos Humanos.
* Mínima de 05 años comprobada en gestión social de proyectos de gran escala (energía, minería o infraestructura), con experiencia específica en plantas fotovoltaicas.
* Profundo conocimiento de la normativa peruana (Ley 27446, Ley 29785\) y estándares internacionales (IFC, Principios del Ecuador, ISO 26000\).
* Especialista en mediación de conflictos, mapeo de stakeholders, procesos de consulta previa y gestión de auditorías sociales.
* Licencia de conducir vigente (mínimoA2\).
* Elaboración de planes de gestión social.
* Conocimiento de procesos de relacionamiento comunitario y gestión de conflictos sociales.
* Manejo de software de gestión documental y reportes.



  





**Ofrecemos:** 



* Salario competitivo según experiencia.
* Oportunidad de incorporarte a una empresa multinacional en plena expansión.



  





**Se Busca:** 



* Persona motivada, con ganas de superación y constante evolución.
* Persona interesada en un enfoque multidisciplinar.",Services for Renewable Energy,https://es.linkedin.com/company/grupo-elecnor,https://media.licdn.com/dms/image/v2/C4D0BAQHzFr0s7dRRzQ/company-logo_100_100/company-logo_100_100/0/1630574198098/grupo_elecnor_logo?e=2147483647&v=beta&t=xLm8xO0tuUnhDExS9HXEXc3fcFjRfKdmFLsHgj0zV1Y,,,,,,,,,,,,"""Antropologia"""
li-4436783915,linkedin,https://www.linkedin.com/jobs/view/4436783915,,Design Research Advance- Culqi,Banco de Crédito BCP,"Lima, Peru",2026-07-03,fulltime,,,,,,False,mid-senior level,Strategy/Planning,,,"Buscamos a los que tienen ganas de transformar el país. A los que quieren llegar lejos. Por qué esto no es solo un trabajo. Esto es desafiarte en grande para impactar en grande. Esto es el BCP y te estamos buscando para que formes parte de nuestro equipo como
 **Design Research Advance\- Culqi** 




  





**¿Cuál es el reto?** 




  





 Ser el motor de información estratégico para que las unidades de negocio de Culqi tomen decisiones acertadas a través del descubrimiento, análisis y medición del journey end\-to\-end, comportamiento y necesidades de los usuarios y clientes. El rol busca maximizar el valor mediante insights profundos y monitorear la experiencia para reducir la fricción en la adopción, conversión y retención, con un fuerte enfoque en el diagnóstico y rediseño de interacciones complejas.
 



  





**¿Cómo impactarás en grande?** 



* **Mapeo y Optimización del Journey End\-to\-End:** 
 Diseñar, estructurar y mantener actualizados los
 **Customer Journey Maps (CJM)** 
 y
 **Service Blueprints** 
 transversales para toda la Tribu Producto (POS, Online, App, Panel, VAS y Wally), identificando quiebres de experiencia y proponiendo reestructuraciones de journeys completos.
* **Generación de Insights y Reducción de Fricción:** 
 Construir y retar hipótesis de negocio para capitalizar oportunidades mediante el conocimiento profundo del cliente, emitiendo recomendaciones accionables que impacten directamente en indicadores de negocio (GPV, market share, MAUs, MAMs) y de experiencia (NPS, CSAT, CES).
* **Rigores Metodológicos de Investigación:** 
 Liderar de punta a punta estrategias de investigación cualitativa y cuantitativa in\-house (User Testings vía Maze, entrevistas a profundidad, Service Safaris, etnografías, A/B testing, encuestas), mitigando sesgos cognitivos y asegurando la calidad técnica.
* **Cultura e Innovación con IA:** 
 Actuar como constructor y responsable operativo de
 **Qiara Research** 
 (herramienta propia de IA generativa), aplicando prompt engineering sistemático y marcos de AI\-driven design para acelerar la democratización, análisis y triangulación de información.



  





  





**¿Qué necesitamos de ti?** 



* Bachiller o Licenciado en disciplinas como Diseño de Interacciones, Psicología, Antropología, Sociología, Ciencias de la Comunicación, Administración o carreras afines orientadas a la investigación y el diseño centrado en el usuario.
* Experiencia sólida y demostrable en posiciones de UX Research, Design Research o Service Design, idealmente dentro del ecosistema de pagos, POS, pasarelas de pago, SaaS y entornos tecnológicos financieros.
* Especialización indispensable en el uso práctico de metodologías ágiles para el diseño, análisis y reestructuración integral de Customer Journey Maps (CJM) y Service Blueprints que conecten procesos de cara al cliente con los procesos internos (front y back stage).
* Experiencia midiendo el impacto de la experiencia mediante el análisis relacional y transaccional de métricas como NPS, CSAT y CES.
* Años de experiencia: Mínimo de 4 a 5 años en roles similares (perfil Senior / Asignación como Colaborador Individual \- Guía Metodológico).
* **Herramientas de Mapeo y Diseño de Servicios (Avanzado):** 
 Experiencia experta en plataformas para la creación y documentación de CJM y Blueprints (como Figma.).
* **Herramientas de Investigación y Testeo (Avanzado):** 
 Maze, Hotjar, Smartlook, UXCam u otras plataformas de analítica visual y testeo remoto.
* **Herramientas de Analítica y Triangulación (Intermedio):** 
 PowerBI, consultas y manejo de bases de datos (BigQuery), definición de funnels y tags junto a equipos de tecnología.
* **IA y Ciencias del Comportamiento:** 
 Dominio de marcos de Behavioral Design (sesgos cognitivos y heurísticas) e IA Generativa aplicada a la investigación .



  





**¿Por qué unirte a nuestro equipo?** 



* Ser parte de la empresa \#1 en Merco Talento 2025\.
* Ingreso a planilla BCP desde tu primer día.
* Accede a incentivos por tu esfuerzo/desempeño
* Acompañamiento de líderes expertos y referentes en la banca.
* Acceso a descuentos en productos financieros.
* Beneficios corporativos exclusivos por provincia para disfrutar con tu familia.
* Formarás parte de una cultura constante de reconocimientos.



  





**Sí, a ti. Te estamos buscando ¡Únete al equipo BCP!** 




 “Somos una organización comprometida con la igualdad de derechos y oportunidades. Nuestros procesos de selección se rigen bajo una política donde nuestras/os postulantes son consideradas/os sin importar su origen, género, raza o cualquier otra característica, condición o preferencia, promoviendo así una cultura de respeto mutuo""",Market Research,https://pe.linkedin.com/company/banco-de-credito-bcp,https://media.licdn.com/dms/image/v2/D4E0BAQERqP4i3nph_A/company-logo_100_100/company-logo_100_100/0/1712770863639/banco_de_credito_bcp_logo?e=2147483647&v=beta&t=UJKAwv6Fx8nFasvYlWh5XLWPupppT5I0P733IIGhsJ4,,,,,,,,,,,,"""Antropologia"""
li-4447560347,linkedin,https://www.linkedin.com/jobs/view/4447560347,,Jefe de Gestión Territorial,ENGIE Perú,"Lima, Peru",,fulltime,,,,,,False,executive,Strategy/Planning and Project Management,,,"En
 **ENGIE Energía Perú** 
 , aceleramos la transición hacia una economía carbono neutral. Somos la empresa de generación de energía más diversificada del país, con el respaldo del Grupo ENGIE, el mayor productor independiente de energía con 96 mil
 **Transition Makers** 
 en 31 países, de tanto en matriz energética como en ubicación geográfica y la \#1 del sector energía para atraer y retener talento y formando parte del ranking MERCO Top 50 general del Perú. Además, contamos con la certificación EDGE que refleja nuestro compromiso con la equidad de género y diversidad en el trabajo.
 



 En ENGIE valoramos:
 


* **Evolución profesional:** 
 Autogestiona tu carrera en un entorno dinámico con oportunidades constantes de crecimiento, capacitación continua y desarrollo.
* **Bienestar y equilibrio:** 
 Impulsamos una cultura de bienestar, cuidado y equilibrio vida–trabajo, promoviendo entornos laborales que priorizan la salud mental, la seguridad y el desarrollo sostenible de las personas.
* **Diversidad, equidad e inclusión:** 
 Promovemos procesos libres de sesgos y un entorno laboral seguro, de confianza y respeto, donde puedes ser tú mismo y desempeñarte con tu máximo potencial, sin importar tu origen, género, generación, discapacidad u orientación sexual.








**Jefe de Gestión Territorial \- Lima (Plazo fijo)** 




**Tus principales responsabilidades serán:** 



* Liderar la estrategia de obtención de servidumbres, accesos y acuerdos territoriales.
* Supervisar el desempeño técnico, contractual y operativo de la consultora predial.
* Gestionar stakeholders críticos y participar en negociaciones complejas.
* Identificar y mitigar riesgos sociales, territoriales y reputacionales. Informar a gerencia sobre avances, riesgos y decisiones críticas.
* Garantizar cumplimiento de estándares de ética, derechos humanos y sostenibilidad de ENGIE.



  





**¿Qué necesitamos de ti?** 



* Profesional de las carreras de Antropología, Sociología, Derecho, Economía para el Desarrollo, Agronomía o afines.
* Alrededor de 10 años de experiencia en gestión social, predial, territorial.
* Alrededor de 5 años de experiencia liderando equipos multidisciplinarios.
* Disponibilidad para realizar viajes frecuentes al interior del país.
* Competencias sólidas en: Liderazgo e influencia, negociación avanzada, comunicación ejecutiva, construcción de relaciones de confianza.



  





**Los beneficios que te ofrecemos:** 



* Prima seguro médico cubierto al 100%
* Prima seguro oncológico cubierto al 100%
* Bono por desempeño
* Bono por seguridad y salud Ocupacional
* Capacitación y entrenamientos



  





***En ENGIE,***
*cada persona desempeña un papel clave en la aceleración de la transición energética. Marca la diferencia y vive una experiencia profesional con propósito. Asume retos apasionantes, crece en un entorno innovador y construye una carrera que refleje quién eres realmente.* 
***¡Únete a nosotros y sé parte de la aventura del siglo!***",Electric Power Generation,https://pe.linkedin.com/company/engieperu,https://media.licdn.com/dms/image/v2/D4E0BAQH4mp9j2O75Eg/company-logo_100_100/B4EZ4hyBtCH0AI-/0/1778683223110/engieperu_logo?e=2147483647&v=beta&t=pj9TRMBr0PYxk0-577A1pZc-8H60M8zZpzSsEsbSnt4,,,,,,,,,,,,"""Antropologia"""
li-4447722819,linkedin,https://www.linkedin.com/jobs/view/4447722819,,Relacionista Comunitario / SMP y SJL,Alfa Holding Group,"San Martín de Porres, Peru",,fulltime,,,,,,False,mid-senior level,Other,,,"Somos ALFACO SAC, una empresa con más de 09 años de experiencia, enfocada en el desarrollo de proyectos de Construcción para la industria energética, minera y mantenimiento de infraestructuras de Petróleo y Gas.
   

  

 Nos encontramos en la búsqueda del mejor talento para incorporarlo a nuestro staff de profesionales con el cargo de:
   

  

**RELACIONISTA COMUNITARIO – SJL Y SMP**
**¿QUÉ NECESITAMOS?:**
* Egresado en la carrera de Sociología, Comunicaciones, Antropología y/o profesiones afines.
* Estudios de especialización en diagnósticos sociales y/o gestión de conflictos sociales.
* Experiencia certificada mínima de 1 año en el cargo de relacionista comunitario, trabajo de campo aplicado a la investigación de dinámicas sociales, atención al cliente, promoción y/o educación puerta a puerta y coordinación con autoridades locales y regionales, funcionarios públicos y privados, lideres, sindicatos de construcción civil, organizaciones de base y pobladores.


**Principales Responsabilidades**
* Identificar posibles conflictos sociales e informar oportunamente con la finalidad de definir las estrategias y planes de acción para la solución de dichos conflictos.
* Realizar diagnósticos sociales en campo.
* Aplicar los registros de comunicación de inicio de obra.
* Supervisar y monitorear la obra.
* Atender reclamos y solucionar problemas sociales que se puedan presentar en campo.


**Te Ofrecemos**
* Salario competitivo acorde al mercado.
* Beneficios sociales de acuerdo a ley.
* Pagos puntuales.
* Capacitaciones constantes.
* Línea de carrera.
* Utilidades.


**Condiciones Laborales**
* Horarios: lunes a viernes 7:30 am a 5:30 pm / sábado 8:00 am a 11:00 am.
* Modalidad: Presencial.
* Disponibilidad para trabajar en Campo – SMP y SJL


**Nota: En esta empresa está prohibida la discriminación de acuerdo con la ley N° 29973\.**",Construction,https://pe.linkedin.com/company/alfa-holding-group,https://media.licdn.com/dms/image/v2/D4E0BAQGlJ1Fy1C6wLQ/company-logo_100_100/B4EZj13FDuIIAU-/0/1756471513985/alfa_co_sac_logo?e=2147483647&v=beta&t=nmC_RbstnvPVVRLqgcSwmk9nFhMmUcdZusIvMFlwAQE,,,,,,,,,,,,"""Antropologia"""
li-4447509567,linkedin,https://www.linkedin.com/jobs/view/4447509567,,DOCENTES DE MEDICINA HUMANA 2026 - II,Universidad Norbert Wiener,"Lima, Peru",,fulltime,,,,,,False,not applicable,Education and Training,,,"Somos la
 **Universidad Privada Norbert Wiene** 
 r, licenciada por
 **SUNEDU** 
 , certificada por
 **GTPW 2022** 
 y orgullosos de contar con
 **4QS Stars** 
 . Con el inicio de nuestro semestre
 **2026\-II** 
 , nos encontramos en la búsqueda de docentes para nuestras
 **carreras de Salud** 
 en nuestro
 **Campus Lima Centro y Lima Norte** 
 ; profesionales apasionados por transformar vidas a través de una educación de clase mundial.
   

  

**Requisitos**
 A continuación, te compartimos los detalles:
   

  

* Profesionales de carreras de Medicina Humana.
* Contar con el grado de Magister o Doctor (Indispensable ser validado por Sunedu).
* Si cuenta con estudios en el extranjero, el grado debe estar homologado en nuestro país por SUNEDU.
* Experiencia profesional comprobada.
* Deseable, experiencia como docente de educación superior.
* Compromiso, proactividad y pasión por la educación ¡¡¡Indispensable!!!


**Funciones**
* Desarrollo de las sesiones de clase según el sílabo del curso asignado.
* Evaluar el proceso de enseñanza – aprendizaje.
* Registrar los resultados (notas) en las fechas programadas.
* Participar en las reuniones y actividades de la institución.


**Cursos**
* Estructura y Función del Cuerpo Humano
* Prácticas Médicas I
* Procesos Celulares y Moleculares II
* SO I: Circulación, Respiración, Eliminación y Equilibrio Ácido Básico
* Prácticas Médicas II
* Bases de la Terapéutica Farmacológica
* Mecanismos de Agresión y Defensa I
* So II \- Digestión, Absorción, Reproducción y Control Endocrino
* Prácticas Médicas III
* Salud Pública y Sistemas de Salud
* Mecanismos de Agresión y Defensa II
* SO III: Soporte, Movimiento y Control Neural
* Prácticas Médicas IV
* Mecanismos de Agresión y Defensa III
* Neurociencias y Comportamiento
* Salud del Niño y del Adolescente
* Salud Comunitaria
* Salud del Adulto
* Salud de la Mujer y Neonato
* Tecnologías Biomédicas
* Salud del Adulto Mayor
* Salud Mental
* Atención Integral de la Salud
* Cuidados Paliativos y Fin de la Vida
* Medicina Interna I
* Pediatría I
* Ginecología y Obstetricia I
* Ginecología y Obstetricia II
* Medicina Interna II
* Pediatría II
* Neurología y Psiquiatría
* Medicina de Emergencias y Cuidados Críticos
* Cirugía General
* Cirugía de Especialidades


 BENEFICIOS
   

  

* Ingreso a planilla con beneficios de ley desde el primer día.
* Remuneración acorde al mercado.
* Descuentos Corporativos.


 ¡Postula y se parte de esta gran familia. Impulsemos juntos la calidad de vida de las familias peruanas a través del poder transformador de la educación!
   

  

* En la Universidad Norbert Wiener estamos comprometidos en brindar igualdad de oportunidades para todos los candidatos(as) respetando la inclusión, diversidad y fomentando un espacio libre de discriminación.
* En la Universidad Norbert Wiener nos caracterizamos por ser una organización socialmente responsable, que no consiente actos de discriminación en nuestros procesos y velamos el cumplimiento de la ley N° 29973\.
* De conformidad con lo señalado en la Ley N°29733 Ley de Protección de Datos Personales y su Reglamento aprobado por el Decreto Supremo N° 003\-2013\-JUS, en el presente acto EL POSTULANTE autoriza a LA UNIVERSIDAD al uso de los datos personales y de los datos sensibles que pueda proporcionar en el desarrollo del proceso de postulación y solo para los efectos de la misma.",Commercial and Service Industry Machinery Manufacturing,https://pe.linkedin.com/school/universidadnorbertwiener/,https://media.licdn.com/dms/image/v2/D4E0BAQEOdmY8nYMYFg/company-logo_100_100/B4EZ9I7aT0HsAI-/0/1783634961944/universidadnorbertwiener_logo?e=2147483647&v=beta&t=ZeSo6ZwSbJSF8SRjgmUCBLQG2bVVTv_fE5HmYX3a9tM,,,,,,,,,,,,"""Antropologia"""
li-4447722760,linkedin,https://www.linkedin.com/jobs/view/4447722760,,Coordinador de experiencia del colaborador,Alicorp,"Lima, Peru",,fulltime,,,,,,False,associate,Human Resources and Marketing,,,"En Alicorp honramos nuestro propósito de Alimentar un mañana mejor en cada decisión que tomamos.
 



  





 Nuestra filosofía de talento promueve procesos de atracción inclusivos que nos permite seguir construyendo una cultura de respeto y confianza, promoviendo un ambiente laboral saludable y seguro donde todos puedan sentirse cómodos de ser sí mismos.
 



  





**¿Cuál será tu desafío?** 




  





 Ser el socio estratégico de las unidades asignadas desde la perspectiva de Experiencia al Colaborador, diseñando y gestionando la implementación de iniciativas, eventos y puntos de contacto definidos en la estrategia corporativa. Asegurando coherencia cultural, alineamiento con el negocio y una experiencia integral a lo largo del journey del colaborador, con impacto en engagement y clima organizacional.
 



  





**¿Qué harás en tu rol?** 




  




* Diseñar, planificar y ejecutar experiencias y eventos corporativos alineados a la estrategia de Experiencia al Colaborador, asegurando coherencia en todo el journey (administrativos y operarios).
* Gestionar eventos clave (convenciones, reconocimientos, celebraciones, integraciones) fortaleciendo la cultura y el sentido de pertenencia.
* Asegurar la implementación consistente de experiencias en plantas, subsidiarias y distintas geografías, manteniendo alineamiento con lineamientos corporativos.
* Desarrollar iniciativas de endomarketing, activaciones y reconocimientos que impulsen el compromiso y la conexión emocional de los colaboradores.
* Supervisar la experiencia en servicios, espacios e infraestructura (comedores, vestuarios, accesos, entornos), garantizando estándares homogéneos.
* Coordinar con Servicios Generales e Infraestructura la correcta ejecución y mejora continua de los estándares de experiencia.
* Recoger y analizar información del journey del colaborador (encuestas, feedback, observación), identificando insights y oportunidades de mejora.
* Mapear y optimizar puntos de contacto y momentos críticos del colaborador, asegurando una experiencia integrada y centrada en el usuario.
* Diseñar e implementar planes de integración cultural para nuevas empresas, alineando experiencias, cultura y stakeholders.
* Liderar proyectos corporativos de alto impacto, asegurando ejecución eficiente, dentro de presupuesto y con impacto.



  





**¿Qué necesitamos de ti?** 




  




* Profesional universitario con formación en áreas de gestión, negocios, comunicaciones o ciencias del comportamiento.
* Contar con 3\-4 años en gestión de eventos, employee experience, capacitación, aprendizaje, o áreas afines.
* Es indispensable la experiencia gestionando eventos y experiencias de alta visibilidad.
* Inglés a nivel intermedio.","Wholesale, Telecommunications, and Banking",https://pe.linkedin.com/company/alicorpoficial,https://media.licdn.com/dms/image/v2/C4D0BAQGOlG4CvCxiag/company-logo_100_100/company-logo_100_100/0/1631330794795?e=2147483647&v=beta&t=I6h5lErwG-PRjPLET0wDKFEL294HzBvCf8FVr8cShQc,,,,,,,,,,,,"""Antropologia"""
in-6784cb3e6a583fa4,indeed,https://pe.indeed.com/viewjob?jk=6784cb3e6a583fa4,http://pe.indeed.com/job/asesor-de-redacci%C3%B3n-cient%C3%ADfica-y-estilo-6784cb3e6a583fa4,Asesor de Redacción Científica y Estilo,ECONODATA SOLUCIONES PERU,"Remote, PE",2026-07-29,fulltime,,,,,,True,,,,,"**Asesor de Redacción Científica y Estilo \- Tiempo completo**

**100% REMOTO / CON EXPERIENCIA MÍNIMA**

**ECONODATA SOLUCIONES PERU EIRL (Econodata Corporation)**

**1\. ÁREA SOLICITANTE**

Proyectos e Investigación

**2\. OBJETIVO DEL SERVICIO**

Contratar los servicios de un **Asesor de Redacción Científica y Estilo** para el área de Proyectos e Investigación de ECONODATA SOLUCIONES PERU EIRL.

**3\. CARACTERÍSTICAS DEL SERVICIO**

**3\.1\. Perfil**

EL/LA LOCADOR(A), deberá acreditar el siguiente perfil mínimo:

* Egresado, Bachiller, titulado y/o posgrado de alguna de las carreras de Lengua y Literatura, Psicología, Archivística y Gestión Documental, Administración de Empresas, Economía, Ingeniería Industrial, Ingeniería de Sistemas, Ciencia Política y Gobierno y carreras afines.
* Conocimientos en metodología de la investigación **(indispensable)**
* Conocimientos en elaboración de tesis **(indispensable)**
* Conocimiento de técnicas sólidas de parafraseo y reducción de IA y similitud de manera manual. **(indispensable)**
* Experiencia en redacción y formato de tesis (6 meses en empresas de tesis o al menos haber redactado 8 tesis y/o artículos científicos).
* Contar con habilidades comunicativas, pedagógicas, trabajo en equipo, asertividad.
* Contar con conocimientos en Microsoft office intermedio/avanzado, ingles intermedio/avanzado, redacción, y normas APA y/o VANCOUVER, estadística básica/intermedio.
* Conocimiento en SPSS/STATA/RSTUDIO/PYTHON/EVIEWS (AL MENOS 1\) (CUANTITATIVO), ATLAS.ti (cualitativo) **(DESEABLE, no indispensable)**

**3\.2\. ACTIVIDADES A REALIZAR**

EL/LA LOCADOR(A), deberá realizar las siguientes actividades:

* Redacción de tesis por capítulos o bloques, elaboración de PPT de exposición.
* Dar formato APA, ISO 690, VANCOUVER, según se requiera
* Reducir IA y Similitud con parafraseo según se solicite.
* Realizar otras funciones que le asigne el jefe directo en función al proceso de tesis de los clientes.

**BENEFICIOS:**

* Capacitaciones / orientaciones metodológicas
* Horarios Flexibles (cumpliendo oportunamente con los clientes)
* Apoyo estadístico/econométrico
* Acceso a becas de cursos de empresa (a partir del tercer mes)

**Tipo de puesto: tiempo completo**

**Sueldo: S/ 1300\.00 – S/ 1800\.00 al mes**

Sueldo: S/.1,300\.00 \- S/.1,800\.00 al mes

Pregunta(s) de postulación:

* Para el puesto es indispensable la Experiencia en redacción y formato de tesis (6 meses en empresas de tesis o al menos haber redactado 8 tesis y/o artículos científicos). ¿Cuenta con la experiencia?

Lugar de trabajo: Empleo remoto",,https://pe.indeed.com/cmp/Econodata-Soluciones-Peru,https://d2q79iu7y748jz.cloudfront.net/s/_squarelogo/256x256/9a7355a5c33aa78633f2a15f9ef981fe,https://econodatasolucionesperu.com/,Cercado de Lima - Lima - Perú,11 to 50,,,,,,,,,"""Ciencia Politica"""
in-37618d299940cdf2,indeed,https://pe.indeed.com/viewjob?jk=37618d299940cdf2,http://pe.indeed.com/job/practicante-pre-profesional-de-legal-37618d299940cdf2,Practicante Pre Profesional de Legal,CONSULTORA DE ASESORIA EMPRESARIAL JB EIRL,"Lima, LIM, PE",2026-07-25,internship,,,,,,False,,,,,"En **Consultora de Asesoría Empresarial JB**, actualmente nos encontramos en la búsqueda de **PRACTICANTE LEGAL CORPORATIVO** **(SIN EXPERIENCIA)** para integrarse al equipo de **Estrategia Jurídica**.

**Requisitos:**

✅ **Formación**: Estudiante del 5to a 9no ciclo de la carrera de Derecho, Ciencias Políticas o afines.

✅ **De preferencia tener disponibilidad en el turno de 11am a 5pm.** 

✅ Conocimientos en la redacción de documentos legales y corporativos, gestión documental y control de expedientes, conocimientos básicos en derecho (corporativo, civil, laboral).

✅ Conocimientos en la investigación y análisis normativo, elaboración de informes y reportes legales.

✅ Manejo y dominio en Microsoft Office a nivel Básico.

**✅ Contar con herramienta tecnológico para el trabajo remoto.**

**Funciones:**

1\. Brindar soporte en la elaboración, revisión y organización de contratos, cartas, reportes y documentos corporativos vinculados a los servicios de la consultora y requerimientos de clientes.

2\. Apoyar en la validación y control documentario de clientes, colaboradores y aliados estratégicos de la consultora.

3\. Realizar seguimiento a documentación administrativa y legal relacionada con convenios, propuestas comerciales, servicios y procesos internos.

4\. Apoyar en la organización y actualización de archivos digitales y físicos del área de Estrategia Jurídica y Gerencia General.

5\. Brindar soporte en la elaboración de informes, observaciones y reportes relacionados con requerimientos jurídicos y administrativos.

6\. Participar en la recopilación y análisis de normativas legales aplicables a los servicios brindados por la consultora.

**¿Qué ofrecemos?**

\- Prácticas bajo la modalidad Híbrida (70 % Remoto y 30% Presencial) en el distrito de SJL.

\- **No es necesario contar con experiencia previa\- Nosotros te capacitamos desde el primer día.** 

\- Beneficios corporativos JB de marcas aliadas.

\- Día Libre por cumpleaños.

\- **Horario Laboral:** De Lunes a viernes de 11am a 5pm (30 horas semanales)

\- Certificación al culminar las prácticas pre profesionales.

Pregunta(s) de postulación:

* 1\. ¿Cuántos años tienes? (Coloque su edad)
* 2\. ¿Cuál es tu número de celular y/o WhatsApp para contactarnos?
* 3\. ¿Estás de acuerdo con realizar tus prácticas de manera híbrida (Presencial y Remoto) en el distrito de SJL?
* 4\. Mencionar el grado académico, nombre de la Universidad y tus horarios de estudio detalladamente
* 5\. ¿Actualmente en que distrito resides?
* 6\. ¿Por qué te interesa desarrollarte en el ámbito legal corporativo siendo la Consultora JB?
* 7\. ¿Qué especialidad del derecho consideras más alineada a tu desarrollo profesional dentro de una consultora empresarial como la nuestra (por ejemplo: derecho corporativo, administrativo, entre otros) y por qué?
* 8\. ¿Te encuentras disponible para realizar tus prácticas en el horario de lunes a viernes de 11am a 5pm?

Lugar de trabajo: Híbrido en Lima, Lima",,https://pe.indeed.com/cmp/Consultora-De-Asesoria-Empresarial-Jb-Eirl-1,,,,,,,,,,,,,"""Ciencia Politica"""
in-8824c905e9e253f9,indeed,https://pe.indeed.com/viewjob?jk=8824c905e9e253f9,http://pe.indeed.com/job/practicante-legal-corporativo-8824c905e9e253f9,Practicante Legal Corporativo,CONSULTORA DE ASESORIA EMPRESARIAL JB EIRL,"Lima, LIM, PE",2026-07-07,internship,,,,,,False,,,,,"En **Consultora de Asesoría Empresarial JB**, actualmente nos encontramos en la búsqueda de **PRACTICANTE LEGAL CORPORATIVO** **(SIN EXPERIENCIA)** para integrarse al equipo de **Estrategia Jurídica**.

**Requisitos:**

✅ **Formación**: Estudiante del 5to a 9no ciclo de la carrera de Derecho, Ciencias Políticas o afines.

✅ **De preferencia tener disponibilidad en turno mañana y tarde.**

✅ Conocimientos en la redacción de documentos legales y corporativos, gestión documental y control de expedientes, conocimientos básicos en derecho (corporativo, civil, laboral).

✅ Conocimientos en la investigación y análisis normativo, elaboración de informes y reportes legales.

✅ Manejo y dominio en Microsoft Office a nivel Básico.

**✅ Contar con herramienta tecnológico para el trabajo remoto.**

**Funciones:**

1\. Brindar soporte en la elaboración, revisión y organización de contratos, cartas, reportes y documentos corporativos vinculados a los servicios de la consultora y requerimientos de clientes.

2\. Apoyar en la validación y control documentario de clientes, colaboradores y aliados estratégicos de la consultora.

3\. Realizar seguimiento a documentación administrativa y legal relacionada con convenios, propuestas comerciales, servicios y procesos internos.

4\. Apoyar en la organización y actualización de archivos digitales y físicos del área de Estrategia Jurídica y Gerencia General.

5\. Brindar soporte en la elaboración de informes, observaciones y reportes relacionados con requerimientos jurídicos y administrativos.

6\. Participar en la recopilación y análisis de normativas legales aplicables a los servicios brindados por la consultora.

**¿Qué ofrecemos?**

\- Prácticas bajo la modalidad Híbrida (70 % Remoto y 30% Presencial) en el distrito de SJL.

\- **No es necesario contar con experiencia previa\- Nosotros te capacitamos desde el primer día.** 

\- Beneficios corporativos JB de marcas aliadas.

\- Día Libre por cumpleaños.

\- **Horario Laboral:** De Lunes a viernes de 11am a 5pm (30 horas semanales)

\- Certificación al culminar las prácticas pre profesionales.

Pregunta(s) de postulación:

* 1\. ¿Cuántos años tienes? (Coloque su edad)
* 2\. ¿Cuál es tu número de celular y/o WhatsApp para contactarnos?
* 3\. ¿Estás de acuerdo con realizar tus prácticas de manera híbrida (Presencial y Remoto) en el distrito de SJL?
* 4\. Mencionar el grado académico, nombre de la Universidad y tus horarios de estudio detalladamente
* 5\. ¿Actualmente en que distrito resides?
* 6\. ¿Por qué te interesa desarrollarte en el ámbito legal corporativo siendo la Consultora JB?
* 7\. ¿Qué especialidad del derecho consideras más alineada a tu desarrollo profesional dentro de una consultora empresarial como la nuestra (por ejemplo: derecho corporativo, administrativo, entre otros) y por qué?
* 8\. ¿Te encuentras disponible para realizar tus prácticas en el horario de lunes a viernes de 11am a 5pm?

Lugar de trabajo: Híbrido en Lima, Lima",,https://pe.indeed.com/cmp/Consultora-De-Asesoria-Empresarial-Jb-Eirl-1,,,,,,,,,,,,,"""Ciencia Politica"""
li-4447225205,linkedin,https://www.linkedin.com/jobs/view/4447225205,,Liderazgo de Cuenta - Asuntos Públicos,Empresa Confidencial,,2026-07-30,fulltime,,,,,,False,mid-senior level,Consulting and Public Relations,,,"Buscamos incorporar a una importante firma líder en consultoría de comunicación y asuntos públicos a un/a profesional senior con alta visión estratégica, orientación al cliente y pasión por el entorno político, regulatorio y corporativo.
 



  





  

 ¿CUÁL SERÁ TU RETO EN EL DÍA A DÍA
 



  




* **?
   

 Análisis y Estrategi** 
 a: Monitoreo y análisis de asuntos regulatorios, políticos y sociales de alto impacto, elaborando informes ejecutivos, argumentarios y documentos de posició
* **n.Relacionamiento Instituciona** 
 l: Diseño y ejecución de estrategias de posicionamiento institucional, agendas de contacto y planes de relacionamiento estratégic
* **o.Gestión de Cliente** 
 s: Interlocución directa con clientes de alto nivel y liderazgo en la preparación de propuestas de nuevo negoci
* **o.Gestión Parlamentaria y Normativ** 
 a: Elaboración de resúmenes normativos, análisis legislativo e iniciativas de posicionamient
* **o.Gestión de Agenda y Evento** 
 s: Coordinación de reuniones clave con actores de interés, elaboración de perfiles de interlocutores y soporte integral a las dinámicas del áre



  





 a.
   

 ¿QUÉ BUSCAMOS EN
 



  




* **TI?
   

 Experien** 
 cia: En
 **tre 6 y 7** 
 años de trayectoria en Asuntos Públicos (muy valorable experiencia en consultoría estratégica, agencias o instituciones públic
* **as).Habilidades cl** 
 ave: Excelente capacidad de relacionamiento interpersonal, visión estratégica, dinamismo y un alto compromiso con la excelen
* **cia.Comunicac** 
 ión: Habilidades de comunicación oral y escrita impecables, con un nivel superior de redacción corporativa y preparación de presentacio
* **nes.Competenc** 
 ias: Alta iniciativa, creatividad para resolver problemas, proactividad y sólida orientación al detalle y al trabajo en equ



  





 ipo.
   

 REQUISITOS ACADÉMICOS Y TÉC
 



  




* **NICOS
   

 Form** 
 ación: Licenciatura/Grado en Derecho, Ciencias Políticas, Relaciones Internacionales, Economía o carreras a
* **fines.Especializ** 
 ación: Valorable contar con Postgrado o Máster en Asuntos Públicos, Gestión Pública o Comunicación Corpor
* **ativa.Id** 
 iomas: Nivel de inglés avanzado (C1 comprob
* **able).Dominio del s** 
 ector: Profundo interés y conocimiento del ecosistema político, empresarial y regula



  





 tor
 **io.💼 ¿Te interesa asumir este reto o conoces a alguien que encaje con el p** 
 erfil? 📩 Postula con total confidencialidad enviándome tu CV por mensaje di
 


 recto.",Public Relations and Communications Services,https://www.linkedin.com/company/nueva-empresa-confidencial,https://media.licdn.com/dms/image/v2/D4E0BAQHmjZj6KijwKA/company-logo_100_100/company-logo_100_100/0/1689886484552?e=2147483647&v=beta&t=V8N36vYrsdZBEmb0n4K1ELvb9FgVSS4K3FRQbv9xcbE,,,,,,,,,,,,"""Ciencia Politica"""
li-4446496813,linkedin,https://www.linkedin.com/jobs/view/4446496813,,Pharma LATAM Communications Lead,Roche,"Amazonas, Peru",2026-07-30,fulltime,,,,,,False,associate,Public Relations and Writing/Editing,,,"At Roche you can show up as yourself, embraced for the unique qualities you bring. Our culture encourages personal expression, open dialogue, and genuine connections, where you are valued, accepted and respected for who you are, allowing you to thrive both personally and professionally. This is how we aim to prevent, stop and cure diseases and ensure everyone has access to healthcare today and for generations to come. Join Roche, where every voice matters.
   

  

 The Position
   

  

 The Senior Pharma International Communications Lead, LATAM, Pharma International, is part of an international team working to enhance Roche’s reputation, advance business outcomes and inspire our people. Functioning as an upstream strategic business partner to our LATAM Area Head, General Managers, and Leadership Teams, this role will also influence, establish and leverage partnerships and platforms to meaningfully advance the public health conversation,drive patient access and healthcare system shaping (HSS), and balance immediate portfolio delivery with long\-term strategy While the successful candidate will lead the Communications network for Pharma in LATAM, he/she will dedicate a meaningful portion of time to collaborate within the broader global Pharma International network, leading work on global strategic priorities, sharing best practices, and driving cross\-market synergies.
   

  

**The Opportunity**
* Upstream Strategic Partnering \& Leadership Advisory: Acts as a trusted member of the LATAM NET team and strategic advisor to the Pharma Area Head, GMs, and Leadership Teams. Co\-designs local/regional commercial and HSS strategies, forces strategic choices, and navigates key trade\-offs (e.g., Visibility vs. Credibility)
* Ecosystem Shaping \& Policy Activation: Leads multi\-stakeholder engagement and policy shaping to advance public health conversations and accelerate sustainable commercial access across priority disease areas
* Insight\-Driven \& Outcome\-Based Planning: Converts raw local/regional ecosystem data into verified behavioral insights. Translates commercial goals into actionable, outcome\-based plans (STO / MTO / LTO) linked to Commercialisation Excellence Leads and External Affairs frameworks
* OneRoche Opportunity \& Strategic Alignment: Selectively leverages and champions the OneRoche enterprise approach when clear strategic opportunities arise to showcase differential value and unique market positioning, aligning public policy, market shaping, and communications for maximum stakeholder impact
* Network \& Capability Building: Sets an ambitious, patient\-centered vision and coaches regional and local teams. Transitions the operating model from affiliate/siloed communication to a networked model that strengthens internal strategic capacity, mentors local communicators, and prioritizes synergy opportunities
* Digital \& AI Integration: Adopts omnichannel approaches, manages digital channel governance, and leverages AI efficiency tools for tactical output, shifting focus toward high\-value strategic execution
* Internal Alignment \& Culture: Drives internal engagement under the VACC framework (Visionary, Architect, Catalyst, Coach) to ensure teams across the region understand business direction and unite behind a common purpose
* Issues \& Risk Management: Proactively identifies, anticipates, and mitigates reputational and stakeholder risks across the LATAM ecosystem


**Who You Are**
 A strong leader, strategic thinker, communicator, and influencer operating under the VACC framework (Visionary, Architect, Catalyst, Coach) who is able to:
   

  

* Strategic Consulting \& Trade\-off Navigation: Move seamlessly from tactical execution to acting as an upstream strategic partner, articulating the future of healthcare and forcing clear strategic trade\-offs
* Insight\-Driven Outcome Framing: Convert raw market data into deep behavioral insights and map clear short\-, mid\-, and long\-term outcomes
* Agile \& Growth Mindset: Embrace a learner's mindset, adopt test\-and\-learn approaches, leverage AI capabilities, and navigate complex environments with ""playful compliance.""
* Network Collaboration \& Partnership Mentality: Transition from a ""do\-it\-alone"" approach to a true network model, connecting initiatives, sharing knowledge, and building cross\-functional, cross\-divisional partnerships across LATAM and global networks
* Ecosystem Mastery: Understand patient pathways, political decision\-making, healthcare economics, policy ecosystems and complex networks of influence


**Experience \& Requirements**
* Experience:
+ 7–10 years of work experience in public affairs, corporate communications, or strategic market shaping in the biotech/pharmaceutical industry
+ Proven track record as an upstream strategic partner influencing executive leadership and driving policy shaping or access outcomes
+ Experience leading multi\-stakeholder advocacy and above\-country engagement
+ Demonstrated ability to lead in a non\-hierarchical, network\-based operating model (VACC approach)
+ Experience with omnichannel governance, digital campaign frameworks, and modern AI/data\-driven tools


* Education:
+ Bachelor’s degree, preferably in Business Management, Communications, International Relations, Politics or Public Policy
+ Postgraduate degree in International Relations, Public Policy, or Healthcare Economics


* Languages \& Mobility:
+ Spanish fluency and strong English fluency are essential.
+ Some regional and international travel required


 This position doesn't offer relocation benefits
   

  

 Where pay transparency applies, details are provided based on the primary posting location. For this role, the primary location is Buenos Aires. If you are interested in additional locations where the role may be available, we will provide the relevant compensation details later in the hiring process.
   

  

 Who we are
   

  

 A healthier future drives us to innovate. Together, more than 100’000 employees across the globe are dedicated to advance science, ensuring everyone has access to healthcare today and for generations to come. Our efforts result in more than 26 million people treated with our medicines and over 30 billion tests conducted using our Diagnostics products. We empower each other to explore new possibilities, foster creativity, and keep our ambitions high, so we can deliver life\-changing healthcare solutions that make a global impact.
   

  

 Let’s build a healthier future, together.
   

  

**Roche is an Equal Opportunity Employer.**","Pharmaceutical Manufacturing, Biotechnology Research, and Medical Equipment Manufacturing",https://ch.linkedin.com/company/roche,https://media.licdn.com/dms/image/v2/D4D0BAQHPzvTi-YutVg/company-logo_100_100/company-logo_100_100/0/1688473923373/roche_logo?e=2147483647&v=beta&t=uj9K9pluFZC48z_FKjqgBny8xg3AtB5e_FgrDMRCdOk,,,,,,,,,,,,"""Ciencia Politica"""
li-4436261195,linkedin,https://www.linkedin.com/jobs/view/4436261195,,GESTOR/A DE PERMISOS Y OBLIGACIONES,ACCIONA,"Lima, Peru",2026-07-28,fulltime,,,,,,False,associate,Other,,,"**Somos una compañía internacional formada por más de 65\.000 empleados y presente en más de 40 países de los cinco continentes. Líderes en innovación y desarrollo tecnológico, buscamos expertos en impulsar el desarrollo sostenible y encontrar soluciones a los mayores retos mundiales, como el calentamiento global, la superpoblación y la escasez hídrica.**
**Descripción del puesto**
**acciona.org Perú, la fundación de acciona en Perú, es una organización sin fines de lucro que tiene por objetivo facilitar el acceso a formas modernas de energía, agua segura, y otras infraestructuras básicas a personas y comunidades sin expectativa de cobertura de dichas necesidades.**
 El equipo de acciona.org Perú se encuentra en la búsqueda de un/a profesional para cubrir el puesto de Gestor/a de Permisos y Obligaciones.
   

  

**Misión**
 Responsable de asegurar el cumplimiento de la permisología, aspectos regulatorios y obligaciones en general que tiene asumida la fundación.
   

  

**Funciones**
* Gestionar la obtención de los permisos que comprende las calificaciones como Sistema Eléctrico Rural (SER), concesiones o autorizaciones para las actividades de dotación mediante sistemas fotovoltaicos domiciliarios, así como de generación y distribución eléctrica rural.
* Gestionar el reporte de la información a las entidades administrativas tomando como base la información preparada por las diversas Gestorías.
* Coordinar y atender inspecciones, auditorías y requerimientos de información por parte de Osinergmin y otras autoridades.
* Gestionar el desarrollo del proceso de fijación de tarifas reguladas aplicables a los sistemas fotovoltaicos y la generación y distribución de electricidad en zonas rurales y aisladas.
* Garantizar el cumplimiento continuo de todas las obligaciones regulatorias y los términos de las concesiones y permisos.
* Desarrollar acciones dirigidas a asegurar el cumplimiento de las obligaciones initucionales de la empresa tales como las Políticas, Códigos, Manuales y otros documentos internos.
* Establecer y mantener una relación fluida y efectiva con las principales entidades reguladoras y sectoriales, participando en mesas de trabajo y audiencias con dichas entidades.


**Requisitos del candidato**
**Formación Académica / Titulación**
* Titulación en derecho, Ingeniería Eléctrica, Ingeniería Mecánica\-Eléctrica o afines. Se valora estudios de posgrado o especialización en gestión y regulación del sector eléctrico.


**Experiencia Profesional**
* Al menos cuatro años de experiencia como analista o especialista en regulación eléctrica y gestión de permisos habilitantes en el sector eléctrico.
* Deseable experiencia de trabajo en instituciones públicas del sector.


**Aptitudes y Competencias**
* Dominio de la normativa del sector eléctrico.
* Entendimiento del modelo regulatorio y la dinámica del mercado eléctrico rural.
* Capacidad de análisis y síntesis.
* Habilidades de negociación y comunicación.
* Pensamiento estratégico para anticipar cambios y proteger los intereses de la empresa.


**Conocimientos Complementarios**
* Conocimiento del manejo de las plataformas virtuales para las distintas declaraciones de sus administrados.
* Conocimiento avanzado de herramientas de ofimática, en especial Word y Excel.
* Conocimiento de plataformas de trabajo colaborativo en línea: Microsoft OneDrive, Teams, y SharePoint.
* Dominio del idioma inglés a nivel intermedio.


**Disponibilidad Para Viajar**
* El puesto requiere de disponibilidad de viajes y permanecer temporalmente en zonas de intervención de los proyectos.


 ACCIONA ha recibido la certificación Top Employer 2024 y 2025\. Este sello reconoce a la Compañía como una de las mejores empresas para trabajar por su compromiso en situar la gestión de las personas como eje central de su estrategia. Somos una compañía con igualdad de oportunidades y estamos comprometidos con la diversidad. ACCIONA está alineada con la ley Nº 27278 y prohíbe la discriminación basada en el género, raza, religión o idioma.",Utilities,https://es.linkedin.com/company/acciona,https://media.licdn.com/dms/image/v2/D4D0BAQGoNGuxWnH3Qg/company-logo_100_100/company-logo_100_100/0/1730799749003/acciona_logo?e=2147483647&v=beta&t=YcRt3IGhvi43pUF4NyTCOOI-KO9Iw_Nold1zP3TxDL0,,,,,,,,,,,,"""Ciencia Politica"""
li-4445669484,linkedin,https://www.linkedin.com/jobs/view/4445669484,,Asesor de Inversiones publico-privadas Arequipa,ALTERH,"Arequipa, Arequipa, Peru",2026-07-27,fulltime,,,,,,False,mid-senior level,Finance and Sales,,fcolque@alterh.pe,"Asesor de Inversiones Publico\-privadas \- Arequipa
 




  






 Por encargo de uno de nuestros clientes, una organización de cooperacion internacional, buscamos un/a profesional con experiencia en gestión pública y gestión de las inversiones para contribuir al desarrollo económico regional sostenible, fortaleciendo la articulación entre actores públicos, privados, académicos y de la sociedad civil en la región Arequipa.
 




  






 🔹 Principales responsabilidades:
 





 • Brindar asesoría técnica en gestión de inversiones y competitividad regional.
 





 • Acompañar la implementación de estrategias para el desarrollo económico sostenible.
 





 • Promover la articulación entre entidades públicas, sector privado, academia y sociedad civil.
 





 • Facilitar espacios de diálogo, talleres y eventos de coordinación multiactor.
 





 • Identificar y promover buenas prácticas regionales con potencial de escalamiento nacional.
 





 • Elaborar términos de referencia y supervisar servicios de consultoría.
 




  






 👤 Perfil requerido:
 





 ✔ Bachiller o Licenciado/a en Economía, Administración, Gestión Pública, Ciencias Políticas o carreras afines.
 





 ✔ Mínimo 4 años de experiencia profesional en gestión pública.
 





 ✔ Mínimo 6 años de experiencia específica en inversiones públicas, privadas o asociaciones público\-privadas.
 





 ✔ Conocimiento de modalidades de inversión como APP, Obras por Impuestos y Proyectos en Activos.
 





 ✔ Amplio conocimiento de los actores públicos y privados vinculados al desarrollo económico de Arequipa.
 





 ✔ Disponibilidad para realizar desplazamientos dentro de la región y a otras regiones del país.
 




  






 ⭐ Valoraremos especialmente experiencia en:
 





 • Articulación multiactor.
 





 • Planeamiento y gestión de inversiones.
 





 • Igualdad de oportunidades entre mujeres y hombres.
 





 • Sostenibilidad ambiental y social.
 




  






 💼 Se ofrece:
 





 • Contrato en planilla.
 





 • Beneficios de ley.
 





 • Seguro privado corporativo.
 





 • Incorporación prevista: julio de 2026\.
 




  






 📩 Postulación:
 





 Enviar CV a
 
 fcolque@alterh.pe",Human Resources Services,https://pe.linkedin.com/company/alterh,https://media.licdn.com/dms/image/v2/C4E0BAQHJbgHbJBHVzw/company-logo_100_100/company-logo_100_100/0/1631355586528?e=2147483647&v=beta&t=bFcXQyCYI1p0KobD2UZ8BINrdzgz-Rj4pfRsvUryUtQ,,,,,,,,,,,,"""Ciencia Politica"""
li-4441845255,linkedin,https://www.linkedin.com/jobs/view/4441845255,,Jefe de Gestión de la Investigación,Empresa Confidencial,"Lima, Peru",2026-07-24,fulltime,,,,,,False,director,Research,,,"Nos encontramos en la búsqueda de un(a) profesional con sólida trayectoria en investigación académica para liderar la gestión, fortalecimiento y desarrollo de las iniciativas científicas dentro de una institución de educación superior.
 



  





 Buscamos una persona con visión estratégica, capacidad de liderazgo y experiencia impulsando la producción científica y el crecimiento de comunidades de investigación.
 



  





 Principales desafíos
 



 Diseñar e implementar estrategias que impulsen el desarrollo de la investigación y promuevan una cultura de producción científica de calidad.
 



 Diseñar e impulsar programas de formación, acompañamiento y fortalecimiento de capacidades para investigadores.
 



 Promover iniciativas orientadas al desarrollo de investigadores reconocidos por organismos nacionales y al fortalecimiento de su trayectoria académica.
 



 Coordinar el funcionamiento de equipos y proyectos de investigación, brindando acompañamiento técnico y seguimiento al cumplimiento de sus objetivos.
 



 Implementar mecanismos de seguimiento y evaluación que permitan medir el desempeño y los resultados de la actividad investigadora.
 



  





 Perfil requerido
 



 Grado académico de Doctor.
 



 Registro RENACYT vigente.
 



 Experiencia en docencia
 



 Especialización o experiencia en investigación científica, producción académica o gestión de la investigación.",Research Services,https://br.linkedin.com/company/empresa-confidencial,https://media.licdn.com/dms/image/v2/D4D0BAQE5LKe2moMnHg/company-logo_100_100/company-logo_100_100/0/1736630274411/empresa_confidencial_logo?e=2147483647&v=beta&t=sS0AldO_PjNIlU-TC-ehYg2AY8a1l3UgmPDGUK8kH-M,,,,,,,,,,,,"""Ciencia Politica"""
li-4444275786,linkedin,https://www.linkedin.com/jobs/view/4444275786,,Asistente de Análisis Económico e Investigación de Mercados,EY,,2026-07-23,fulltime,,,,,,False,associate,Education and Training,,,"En EY nos encontramos en búsqueda de nuevos profesionales que deseen construir un mejor mundo de negocios, desarrollar su talento y crecer con nosotros.
   

  

 Somos una Firma global con experiencia en más de 150 países y un equipo de más de 212, 000 profesionales alrededor del mundo, brindando servicio a las empresas Top de diversas industrias.
   

  

 Requisitos:
   

  

* Egresados de las carreras de Economía.
* Experiencia laboral mínimo 6 meses en puestos similares en áreas de análisis económico, elaboración de publicaciones e informes económicos, e investigación de mercados.
* Manejo de Excel y Power Point a nivel intermedio\-avanzado.
* Manejo de Inglés a nivel intermedio\-avanzado.
* Deseable manejo de herramientas de bases de datos y generación de reportes (Power BI, Stata, Eviews).


 Funciones:
   

  

* Apoyo en la elaboración de las guías de negocios e inversión.
* Preparación de boletines trimestrales.
* Investigaciones ad\-hoc y en la elaboración de presentaciones.
* Seguimiento de los principales indicadores macroeconómicos, sectoriales y tendencias del mercado.
* Coordinación con entidades públicas y privadas para la obtención de información.
* Coordinación con áreas internas para la elaboración de publicaciones.
* Identificación de diferentes fuentes de información, y recopilación y procesamiento de información estadística y económica.


 Competencias:
   

  

* Capacidad analítica cuantitativa y cualitativa.
* Comunicación efectiva para presentar indicadores de manera clara y comprensible.
* Buen nivel de redacción.
* Habilidades en el uso de herramientas analíticas y de visualización de datos.
* Capacidad para trabajar de manera independiente y en equipo.",Professional Services,https://uk.linkedin.com/company/ernstandyoung,https://media.licdn.com/dms/image/v2/C510BAQGpRhkpxp5A9A/company-logo_100_100/company-logo_100_100/0/1630570672166/ernstandyoung_logo?e=2147483647&v=beta&t=b0upZAfAhCLoq3ru166xwEzp681OHwS_p2jRguRs5Fo,,,,,,,,,,,,"""Ciencia Politica"""
li-4443724043,linkedin,https://www.linkedin.com/jobs/view/4443724043,,Profesional de Imagen y Contenido para Alta Dirección,Universidad César Vallejo,"Ate, Peru",2026-07-22,fulltime,,,,,,False,mid-senior level,Other,,,"Somos Universidad César Vallejo, una de las principales instituciones en el mercado educativo. Buscamos tu talento, súmate a nuestra gran familia.
   

  

 Solicitamos: 01 Profesional de Imagen y Contenido para la Presidencia Ejecutiva – Campus Ate.
   

  

**¡Requisitos de la posición!**
* Licenciado en Ciencias de la Comunicación, Periodismo, Relaciones Públicas, Ciencias Políticas o carreras humanísticas similares.
* Especialización en Comunicación Corporativa, Gestión de Reputación, Oratoria o Redacción Periodística/Ejecutiva.
* Manejo de herramientas de edición de contenido digital y gestión de marcas personales de alto nivel.
* Experiencia mínima de 3 años redactando discursos ejecutivos, liderando la comunicación de líderes corporativos, autoridades públicas o en puestos de jefatura de redacción periodística / relaciones públicas.
* Disponibilidad para laborar tiempo completo.
* De preferencia vivir en zonas aledañas al campus.


**¡Principales desafíos!**
* Diseñar la estrategia de contenidos, la línea discursiva y el plan de posicionamiento público del(a) Presidente(a) Ejecutivo(a), en alineación estricta con la marca UCV.
* Desarrollar discursos, ponencias magistrales, notas de opinión, prefacios, salutaciones, declaraciones de prensa y mensajes corporativos destinados a audiencias clave.
* Coordinar con las Direcciones Nacionales de Marketing y Comunicaciones la cobertura periodística, el registro audiovisual y el tratamiento de la agenda pública presidencial.
* Evaluar la consistencia narrativa y el impacto comunicacional de todas las intervenciones públicas del despacho presidencial antes y después de su emisión.
* Redactar briefings de contexto sobre entornos mediáticos, perfiles de opinión o coyunturas institucionales previas a la participación del líder institucional en eventos públicos.
* Monitorear la correcta aplicación de los manuales de identidad visual, el tono de comunicación y los protocolos de relaciones públicas vinculados a la Presidencia Ejecutiva.
* Garantizar que la comunicación estratégica promueva los valores institucionales, el rostro humano de la universidad y sus ejes de impacto socio\-cultural.


**¡Beneficios UCV!**
* Ingreso a planilla a partir del primer día
* Convenios educativos e institucionales
* Grato ambiente laboral


 «En UCV valoramos y respetamos las características individuales de las personas. Esta posición forma parte de nuestra cultura organizacional y a la vez nos permite estar alineados a la Ley 29973 y 26772″.",Higher Education,https://pe.linkedin.com/school/ucvperu/,https://media.licdn.com/dms/image/v2/C4E0BAQFVRhw13r39Pg/company-logo_100_100/company-logo_100_100/0/1630563995677/universidad_cesar_vallejo_logo?e=2147483647&v=beta&t=IPZ8gwgDzcdK2VRTVJrqGzKui3XcCECRNPAJ9frsQQs,,,,,,,,,,,,"""Ciencia Politica"""
li-4442676792,linkedin,https://www.linkedin.com/jobs/view/4442676792,,Asistente de Evaluación de Proyectos,Universia Perú,"Magdalena del Mar, Peru",2026-07-22,fulltime,,,,,,False,entry level,Administrative,,,"Nos encontramos en la búsqueda de un/a profesional proactivo/a y con alta capacidad analítica para ocupar el puesto de
 **Asistente de Evaluación de Proyectos** 
 .
   

  

**Propósito del puesto:** 
 Tu misión principal será brindar soporte analítico integral en la formulación y evaluación de los proyectos de Licitaciones con el Estado.",Higher Education,https://pe.linkedin.com/company/universia-per%C3%BA,https://media.licdn.com/dms/image/v2/C4E0BAQFjNjS5DI_0Xw/company-logo_100_100/company-logo_100_100/0/1631304516552?e=2147483647&v=beta&t=xA5at42Ki0TAs7VB60DWUq_E3cfHMlEOzpUMLUgfYnw,,,,,,,,,,,,"""Ciencia Politica"""
li-4439459533,linkedin,https://www.linkedin.com/jobs/view/4439459533,,"(Assoc) Program Manager, Human Trafficking Research Initiative",Innovations for Poverty Action,,2026-07-21,fulltime,,,,,,False,mid-senior level,Project Management and Information Technology,,,"**Job Summary**
 The (Associate) Program Manager leads the day\-to\-day management of IPA's Human Trafficking Research Initiative (HTRI), an eight\-year U.S. Department of State\-funded program that builds the evidence base on interventions to reduce human trafficking and protect victims and survivors. The role sits within HTRI's small core team — alongside an Associate Director and Senior Program Associate — and is responsible for managing a portfolio of 15–20 active research sub\-awards, leading donor reporting and financial oversight, and supporting fundraising and proposal development. A central part of the position involves synthesizing and disseminating lessons from HTRI\-funded research: the (Associate) Program Manager will produce evidence reports and policy briefs, present findings at conferences and policy convenings, and work closely with IPA country offices, research teams, and external partners to ensure projects are delivered on time, within budget, and in alignment with IPA's policies and HTRI's research and policy objectives.
   

  

**Responsibilities**
**Grants Management, Financial Tracking, and Donor Reporting**
* Manage the full lifecycle of 15–20 active research sub\-awards, including competitive selection, development of grant agreements and amendments, and ongoing tracking of project progress, deliverables, and finances.
* Lead the drafting of quarterly donor reports to JTIP by coordinating inputs from grantees, IPA country offices, and internal staff, and working with the Director on review and submission.
* Oversee budget reviews and program financial tracking, with support from IPA's Grants Finance team, and flag financial risks or variances to the Director.
* Liaise with IPA's Grants, Legal, and Finance teams to ensure sub\-award compliance with donor requirements and IPA policies.


**Project Coordination and Administration**
* Serve as the primary point of coordination for HTRI's day\-to\-day operations, ensuring that workstreams are on track and that the team is meeting deadlines.
* Maintain and improve internal systems (Airtable, Asana, Salesforce) for tracking projects, partners, donors, and researcher records.
* Coordinate across IPA departments and country offices to ensure HTRI's procedures are aligned with IPA's general guidelines and policies.
* Conduct regular site visits to monitor the implementation of HTRI\-funded research projects and provide updates to the Associate Director and Director.
* Provide rapid responses to information requests relevant to project development, donor reporting, and policy engagement from country office and senior IPA staff.


**Evidence Synthesis and Communications**
* Stay current on the human trafficking research literature and maintain an up\-to\-date understanding of the evidence base, including findings from HTRI\-funded and relevant external projects.
* Lead the production and updating of evidence reports, research summaries, and evidence overviews on key human trafficking topics, working closely with the Senior Program Associate on research and drafting support.
* Author and contribute to policy briefs, program overview documents, blog posts, newsletters, and other written products that translate HTRI research findings for policymakers, practitioners, and donors.
* Coordinate and contribute to annual updates to HTRI's Learning and Research Agenda.
* Present HTRI findings and lessons learned at conferences, webinars, policy convenings, and other external forums.
* Coordinate logistics and content development for HTRI\-hosted webinars, research convenings, and other events focused on human trafficking research and practice.


**Policy Engagement and Relationship Building**
* Support the Director and Associate Director in building and maintaining a network of affiliated researchers who can identify and develop research opportunities that answer key questions in the sector.
* Work with IPA country office staff to develop new studies and implement the Initiative's research and policy objectives in IPA presence countries.
* Develop and maintain key relationships with donors, sectoral partners, internal research and policy leadership, and senior academics.
* Engage in stakeholder mapping and interviews to help HTRI develop and support new lines of research.
* Represent IPA at external policy and research functions.


**Project Development and Fundraising**
* Track funding opportunities and contribute to project development and fundraising activities alongside the Director and Associate Director, including the development of concept notes, evidence reviews, and draft presentations.
* Contribute to the development of proposals for new funding, including support for methodological approaches beyond RCTs (such as RCT readiness assessments, process evaluations, and standalone learning projects).
* Coordinate matchmaking events between researchers and implementing organizations.
* Liaise with IPA country offices to identify and support project development efforts.


**Qualifications**
* Master's degree in a relevant social science field, such as economics, public policy, political science, international development, or a related discipline.
* At least four years of work experience in research, monitoring and evaluation, program management, or international development.
* Demonstrated ability to manage complex, multi\-stakeholder projects, including grants management, budgets, and reporting.
* Demonstrated ability to engage with research findings and communicate them clearly to non\-technical audiences.
* Excellent written and verbal communication skills, with the ability to produce polished, policy\-facing written products such as evidence briefs, research summaries, and presentations.
* Experience presenting research or policy findings to external audiences, including at conferences, webinars, or stakeholder convenings.
* Strong interpersonal skills and cultural sensitivity to work effectively with global teams across cultures, work styles, and time zones.
* Experience working or living in low\- or middle\-income countries.
* Experience in the human trafficking, migration, forced labor, or criminal justice sector.
* Experience conducting literature reviews, evidence syntheses, or systematic reviews of research evidence. (preferred)
* Experience managing or supporting randomized controlled trials (RCTs) or other rigorous evaluation methodologies. (preferred)
* Familiarity with U.S. government grant reporting and compliance requirements, especially ethical human subjects research standards. (preferred)
* Experience with project management and CRM tools such as Airtable, Asana, and Salesforce. (preferred)
* Familiarity with quantitative research methods and the ability to interpret regression outputs or engage critically with quantitative research findings. (preferred)
* Professional proficiency in French or Spanish. (preferred)


**Location**
 This position is based in the United States (preference for New York City or Washington, DC), or at IPA country offices in Bogotá, Colombia; Mexico City, Mexico; or Lima, Peru. Regular international travel of up to 15% is required, including site visits to HTRI\-funded research projects, attendance at research convenings and policy events, and meetings with donors and partners.
   

  

**Reports To**
 HTRI Director
   

  

**Application Details**
 Application Deadline: 7 August
   

  

**About IPA**
 Innovations for Poverty Action (IPA) is a research and policy nonprofit that discovers and advances what works to improve the lives of people living in poverty. IPA brings together researchers and decision\-makers to design, rigorously evaluate, and refine these solutions and their applications, ensuring that the evidence created is used to improve the lives of people living in poverty. In recent decades, trillions of dollars have been spent on programs designed to reduce global poverty, but clear evidence of which programs succeed is rare, and when evidence does exist, decision\-makers often do not know about it. IPA exists to bring together leading researchers and these decision\-makers to ensure that the evidence we create leads to a tangible impact on the world. Since its founding in 2002, IPA has worked with over 600 leading academics to conduct over 1,000 evaluations in 52 countries. This research has informed hundreds of successful programs that now impact millions of individuals worldwide.
   

  

**Safeguarding at IPA**
 At Innovations for Poverty Action (IPA), we are committed to creating a safe and respectful environment for all individuals, particularly children and vulnerable adults. As IPA adheres to strict safeguarding principles, selected candidates will be expected to adhere to these standards. By joining IPA, you become part of a team dedicated to ethical conduct, social responsibility, and meaningful impact in the fight against global poverty. Together, we work to create a better world where everyone has the opportunity to thrive with dignity and respect.","Hospitals and Health Care, Health and Human Services, and Mobile Computing Software Products",https://www.linkedin.com/company/innovationsforpovertyaction,https://media.licdn.com/dms/image/v2/C4E0BAQEfLFpgBY9akA/company-logo_100_100/company-logo_100_100/0/1675459500885/innovationsforpovertyaction_logo?e=2147483647&v=beta&t=iCmDydEvDOQCGGx-ENf-sK5f2U-YYqqJWJNSDb0btRM,,,,,,,,,,,,"""Ciencia Politica"""
li-4443553534,linkedin,https://www.linkedin.com/jobs/view/4443553534,,Analista de Experiencia del Cliente Campo,Sodimac,"Lima, Peru",2026-07-21,fulltime,,,,,,False,entry level,Other,,,"**Descripción Empresa**
 Somos más de 88 mil personas que cada día trabajamos por el firme Propósito \- Simplificar y Disfrutar más la Vida. Estamos presentes en 9 países y compuestos por cinco grandes marcas posicionadas de diversas industrias: Falabella Retail, Sodimac, Banco Falabella, Tottus y Mallplaza. Cada una de éstas nos hace ser quienes somos, y es entre todos, como Un Solo Equipo, que buscamos diariamente reinventarnos y superar las experiencias de nuestros clientes.
   

  

 Un Equipo lleno de sueños que hace que las cosas pasen. nos atrevemos a emprender e innovar, a tomar riesgos y a generar oportunidades que nos permitan estar siempre a la vanguardia lo que nos lleva a reinventarnos para entregar la mejor experiencia de compra en cualquier punto de encuentro con nosotros. En Grupo Falabella Perú promovemos una cultura inclusiva y diversa, basada en la equidad y el respeto por todas las personas, sin distinción de género, religión, discapacidad, identidad LGBTQ\+, etnia u otras formas de diversidad
   

  

**Misión Del Cargo**
 Analizar y mejorar la experiencia del cliente en tienda a través de la observación directa en el piso de venta y el análisis de datos.
   

  

**Funciones Del Cargo**
 Realizar visitas periódicas a tiendas para observar la experiencia real del cliente en el piso de venta e identificar fricciones y oportunidades.
   

  

 Levantar información en campo mediante observación directa y conversación con clientes y equipos de tienda, documentando hallazgos relevantes.
   

  

 Analizar indicadores CX (NPS, CSAT, reclamos u otros) .
   

  

 Transformar hallazgos de campo y feedback en insights claros y accionables, priorizando oportunidades según impacto en cliente y negocio.
   

  

 Elaborar reportes y presentaciones ejecutivas con hallazgos, recomendaciones y próximos pasos.
   

  

**Requisitos**
* Egresado o Bachiller de Administración, Ingeniería Industrial, Marketing o carreras afines.
* Experiencia de 1 año en Experiencia al Cliente en pisos de venta, deseable en el sector retail.
* Manejo de indicadores de experiencia del cliente y del usuario.
* Excel intermedio, Conocimiento Data Studio.
* Alta capacidad de observación en piso de venta, entrevistas cortas y síntesis.
* Disponibilidad para realizar visitas frecuentes a tiendas (trabajo de campo)


**Condiciones Oferta**
 Descripción proceso de selección:
   

  

 El proceso de selección se realiza a través de Aira \- plataforma de reclutamiento diseñado para mejorar tu experiencia de postulación.
   

  

**Para Postular Solo Necesitas**
* Postular a la oferta
* Revisar tu email
* Ingresar a Aira y contestar las preguntas y/o pruebas solicitadas


 Luego, si vemos que tu perfil se ajusta a lo que estamos buscando, te contactaremos por email (a través de Aira) para seguir a la etapa presencial.",Retail,https://cl.linkedin.com/company/sodimac-chile,https://media.licdn.com/dms/image/v2/D4D0BAQE2LNMfyaC7ww/company-logo_100_100/company-logo_100_100/0/1667310310998/sodimac_chile_logo?e=2147483647&v=beta&t=Ryn7HY56jcC2b4VNpUU7x-aGr98J-YyQNP1MfVQEfz8,,,,,,,,,,,,"""Ciencia Politica"""
li-4442465383,linkedin,https://www.linkedin.com/jobs/view/4442465383,,Data Analyst,Universidad César Vallejo,,2026-07-18,fulltime,,,,,,False,mid-senior level,Information Technology,,,"Somos Universidad César Vallejo, una de las principales instituciones en el mercado educativo. Buscamos tu talento, súmate a nuestra gran familia.
   

  

 Solicitamos: 01 Data Analyst para la Jefatura de Programas Virtuales para nuestra sede en Jesús María.
   

  

**¡Requisitos de la posición!**
* Bachiller y/o Titulado de Ing. de Sistemas, Ciencia de Datos o afines.
* Experiencia mínima de 02 años (Indispensable).
* Especialización en Data Analytics (Deseable).
* Manejo de Power BI, Dashboards e Indicadores a nivel intermedio (Indispensable).
* Conocimientos en bases de datos relacionales (SQL Server, PostgreSQL, MySQL u otras similares).
* Estadística descriptiva e inferencial, Análisis de tendencias e indicadores, Learning Analytics (deseable), Definición y seguimiento de indicadores de gestión.
* Python o R para análisis de datos, Automatización de procesos de análisis de información.
* Uso de herramientas de IA para análisis de datos y generación de insights (ChatGPT, Microsoft Copilot, Gemini u otras similares), Conocimiento de Machine Learning y analítica predictiva.
* Disponibilidad para trabajar 45 horas semanales.


**¡Principales desafíos!**
* Realizar análisis de datos académicos y operativos relacionados con programas virtuales (matrícula, permanencia, participación, rendimiento, actividad en plataformas, soporte).
* Desarrollar tableros de control, tableros de control y reportes ejecutivos para la Jefatura de Programas Virtuales, Dirección de Innovación Tecnológica y otras áreas relevantes.
* Aplicar enfoques de analítica de aprendizaje para analizar el comportamiento de estudiantes y docentes en plataformas virtuales, identificando patrones, riesgos y oportunidades de mejora.
* Generar insights accionables que apoyan la toma de decisiones estratégicas y tácticas en la gestión de programas virtuales (diseño de cursos, soporte, acompañamiento, mejoras tecnológicas).
* Integrar y procesar datos provenientes de diversas fuentes (LMS, sistemas académicos, encuestas, herramientas de soporte, BI institucional), asegurando consistencia y calidad.
* Monitorear indicadores institucionales claves asociados a educación virtual (uso de plataforma, tasas de participación, abandono, rendimiento, tiempos de respuesta, entre otros).
* Diseñar y mantener modelos de datos, estructuras y procesos de consolidación que faciliten el análisis ágil y recurrente de información.
* Asegurar la calidad y gobernanza de datos utilizados en los análisis, aplicando criterios de validación, limpieza, trazabilidad y seguridad.
* Proporcionar soporte analítico a proyectos de IA vinculados con programas virtuales (recomendadores, chatbots, analítica predictiva, personalización), en coordinación con TI y otras áreas.
* Elaborar informes periódicos y ad hoc para la Jefatura de Programas Virtuales, destacando hallazgos clave, tendencias, riesgos y recomendaciones.
* Trabajar de manera coordinada con el Analista de Sistemas de Información para asegurar que los sistemas generen y almacenen datos adecuados para análisis posteriores.
* Colaborar con UX Researcher en la construcción de métricas de experiencia de usuario y análisis de datos de comportamiento digital.
* Documentar metodologías de análisis, definiciones de indicadores y fuentes de datos, contribuyendo a la gobernanza y estandarización de la información.
* Capacitar a usuarios clave (jefaturas, coordinadores, docentes) en la interpretación de tableros e indicadores cuando corresponda.
* Cumplir otras funciones que le asigne su jefe(a) inmediato, vinculadas con la naturaleza del puesto y dentro del ámbito de su competencia.


**¡Beneficios UCV!**
* Ingreso a planilla a partir del primer día.
* Convenios educativos.
* Grato ambiente laboral.


 «En UCV valoramos y respetamos las características individuales de las personas. Esta posición forma parte de nuestra cultura organizacional y a la vez nos permite estar alineados a la Ley 29973 y 26772″
   

  

 Recuerda que al dar clic en POSTULARME deberás completar tus evaluaciones en tu página de candidato. La postulación estará completa una vez que termines todas las evaluaciones",Higher Education,https://pe.linkedin.com/school/ucvperu/,https://media.licdn.com/dms/image/v2/C4E0BAQFVRhw13r39Pg/company-logo_100_100/company-logo_100_100/0/1630563995677/universidad_cesar_vallejo_logo?e=2147483647&v=beta&t=IPZ8gwgDzcdK2VRTVJrqGzKui3XcCECRNPAJ9frsQQs,,,,,,,,,,,,"""Ciencia Politica"""
li-4441976904,linkedin,https://www.linkedin.com/jobs/view/4441976904,,Analista de Registros Académicos,SENATI,"Independencia, Peru",2026-07-17,fulltime,,,,,,False,mid-senior level,Administrative,,,"**SENATI, institución líder en formación tecnológica y certificada como Great Place to Work® Perú** 
 , se encuentra en búsqueda del mejor talento para ocupar la posición de un(a) Analista de Registros Académicos para nuestra Sede en Independencia.
   

  

**¿Qué perfil buscamos?**
* Bachiller o titulado(a) en Ingeniería Industrial .
* Experiencia mínima de 2 años en análisis de datos, visualización de datos o análisis predictivo, de preferencia en instituciones educativas.
* Experiencia en el desarrollo de dashboards e indicadores mediante herramientas como Power BI.
* Conocimiento en manejo de bases de datos, consultas SQL y modelamiento de información.
* Manejo de Excel a nivel intermedio.


**¿Cuáles serán tus principales funciones?**
* Administrar y mantener actualizada la documentación de gestión académica, garantizando el adecuado control, organización y disponibilidad de la información.
* Supervisar y asegurar el cumplimiento de los procesos académicos, realizando el seguimiento de indicadores, procedimientos y actividades vinculadas a los Servicios Académicos.
* Gestionar y analizar bases de datos institucionales, asegurando la calidad y disponibilidad de la información.
* Desarrollar dashboards, reportes e indicadores de gestión (KPIs) para el monitoreo de la retención estudiantil, desempeño académico y experiencia del estudiante.
* Realizar análisis estadísticos y predictivos, identificando tendencias, riesgos de deserción y oportunidades de mejora para la gestión académica.


**¿Qué beneficios ofrecemos?**
* Ingreso en planilla con todos los beneficios de ley desde el primer día.
* Pertenecer a una gran Institución reconocida a nivel nacional.
* Capacitación y desarrollo continuo.
* Beneficios propios de la Institución.


**En SENATI nos comprometemos con la igualdad de oportunidades. Todos/as los/as postulantes serán considerados/as sin importar su origen étnico, sexo, edad, estado civil, orientación sexual, identidad de género, religión, discapacidad, nacionalidad o condición económica. Según ley n°299731\.**",Higher Education,https://pe.linkedin.com/school/senati/,https://media.licdn.com/dms/image/v2/D4E0BAQH6i9hcP9vE3w/company-logo_100_100/company-logo_100_100/0/1696266737298/senati_logo?e=2147483647&v=beta&t=kYjzazYe1VyOn_9TuIjnYDRMtKsgTldjseperB2zv6A,,,,,,,,,,,,"""Ciencia Politica"""
li-4441417028,linkedin,https://www.linkedin.com/jobs/view/4441417028,,Coordinador de Investigación,Carrión - Educación Superior,"Lima, Peru",2026-07-16,fulltime,,,,,,False,mid-senior level,"Research, Analyst, and Information Technology",,,"**¡Sé parte del primer Instituto de Salud del Perú!**
 En el Instituto Carrión estamos en la búsqueda de nuestro próximo
 **COORDINADOR DE INVESTIGACIÓN** 
 , un profesional íntegro y con espíritu de superación.
   

  

**Nuestro (a) Próximo (a) Colaborador Debe Contar Con**
* Formación: Titulado(a) o Maestría en las carreras universitarias relacionadas a las ciencias humanas y la salud (Indispensable).
* Experiencia mínima de 01 año como en el desarrollo de proyectos de investigación con inscripción en el RENACYT (Indispensable).
* Conocimientos en Microsoft Office a nivel intermedio.


**Estas Serán Tus Principales Funciones**
* Diseñar, evaluar, coordinar políticas y lineamientos de investigación.
* Fomentar, promover, registrar, evaluar y facilitar el desarrollo de las actividades de investigación en el Instituto.
* Evaluar las propuestas y resultados de los proyectos de investigación, desarrollo e innovación tecnológica del Instituto.
* Impulsar en las áreas académicas la formulación de proyectos de investigación pertinentes de calidad científica y relevancia creativa.
* Propiciar la formulación de proyectos de investigación e innovación con carácter colaborativo inter\- y trans\-disciplinar entre los diferentes grupos de investigación.
* Promover alianzas estratégicas para el financiamiento del desarrollo de proyectos de investigación.
* Promover la búsqueda de recursos financieros para el desarrollo de actividades de investigación científica y tecnológica, así como las estrategias para su fortalecimiento y visibilidad.
* Identificación y recojo de información actualizada a nivel nacional e internacional sobre ciencia, tecnología e innovación vinculadas a las líneas de investigación.
* Coordinar, con el área de Innovación y Desarrollo Educativo y la Dirección de Carreras, la medición de las competencias vinculadas a la investigación e innovación.
* Liderar el proceso de acreditación y licenciamiento en aspectos relacionados con la investigación e innovación, en coordinación con el área de Proyectos Educativos y Calidad Académica (PECA). / Asegurar la implementación y mantenimiento de los medios de verificación relacionados con la investigación e innovación, requeridos en los procesos de licenciamiento y acreditación.
* Generar políticas de relación, con fines de investigación, innovación y desarrollo tecnológico entre Instituto y empresa.
* Salvaguardar la propiedad intelectual del Instituto.


**¿Qué te ofrecemos?**
* Todos los beneficios de ley: 14 sueldos al año, CTS, vacaciones, utilidades, entre otros.
* Descuentos exclusivos para ti y tu familia en nuestras instituciones educativas.
* Programas de bienestar integral y equilibrio entre la vida personal y laboral.
* Descuentos corporativos en más de 50 establecimientos y servicios.


**¡Postula hoy y juntos transformemos vidas a través de una experiencia educativa excepcional!**
*En el Instituto Daniel Alcides Carrión nos caracterizamos por ser una organización socialmente responsable, que no consiente actos de discriminación en nuestros procesos y velamos el cumplimiento de la ley N° 29973\.*
*En el I. Carrion estamos comprometidos en brindar igualdad de oportunidades para todos los candidatos(as) respetando la inclusión, diversidad y fomentando un espacio libre de discriminación.*",Higher Education,https://pe.linkedin.com/company/instituto-carrion,https://media.licdn.com/dms/image/v2/D4E0BAQFkX7vsyHFfcQ/company-logo_100_100/company-logo_100_100/0/1732032365523?e=2147483647&v=beta&t=X9OLX3e8h1hkQr537aLsPA8BnrVXItGvRdCN_nGJvD4,,,,,,,,,,,,"""Ciencia Politica"""
li-4438733281,linkedin,https://www.linkedin.com/jobs/view/4438733281,,Docentes a Tiempo Completo - Gestión PUCP,Departamento Académico de Ciencias de la Gestión - PUCP,"Lima, Peru",2026-07-16,fulltime,,,,,,False,entry level,Education and Training,,,"El Departamento Académico de Ciencias de la Gestión (DACG) de la Pontificia Universidad Católica del Perú (PUCP) los invita a participar en los concursos para la asignación de plazas docentes a tiempo completo en las siguientes áreas:
 



  




* **Estrategia e Innovación**
* **Finanzas verdes y Fintech**
* **Gobernanza y Analítica del Dato**
* **Operaciones y Sostenibilidad**
* **Taller de Habilidades Gerenciales**



  





**Fecha límite para postular: 02\-08\-2026** 




  




* **Gastronomía, Hotelería y Turismo**



  





**Fecha límite para postular: 23\-08\-2026** 




  





**MÁS INFORMACIÓN** 




 Para mayor información sobre las convocatorias, ingresa aquí 👉🏼 https://bit.ly/4w26ZuO",Research Services,https://pe.linkedin.com/company/dacg-pucp,https://media.licdn.com/dms/image/v2/D4D0BAQFGIiWVI2XZ9Q/company-logo_100_100/B4DZ2SHrzCJIBY-/0/1776272981658/dacg_pucp_logo?e=2147483647&v=beta&t=BLJ9R5xpUkRpePOfv6bBdUqLhwP4BeH8NxO53MGyNBU,,,,,,,,,,,,"""Ciencia Politica"""
li-4439461371,linkedin,https://www.linkedin.com/jobs/view/4439461371,,GESTOR(A) SOCIAL,ACCIONA,"Lima, Peru",2026-07-13,fulltime,,,,,,False,entry level,Other,,,"**Somos una compañía internacional formada por más de 65\.000 empleados y presente en más de 40 países de los cinco continentes. Líderes en innovación y desarrollo tecnológico, buscamos expertos en impulsar el desarrollo sostenible y encontrar soluciones a los mayores retos mundiales, como el calentamiento global, la superpoblación y la escasez hídrica.**
**Descripción del puesto**
**ACCIONA** 
 en su negocio de
 **INDUSTRIAL** 
 precisa incorporar un(a) Gestor(a) Social para el arranque y ejecución contractual del nuevo proyecto de Líneas de Transmisión y Subestaciones asociadas localizados entre los departamentos de Cajamarca y Amazonas.
   

  

**Misión**
* Asegurar la adecuada gestión social del proyecto mediante la implementación efectiva del Plan de Gestión Social (PGS), incluyendo estrategias de relacionamiento comunitario, mecanismos de comunicación, gestión de quejas y reclamos y el cumplimiento de compromisos del IGA durante la etapa de construcción. Todo ello orientado a contribuir a la liberación de áreas a través de la aceptación social y la continuidad operativa del proyecto, en línea con las políticas y compromisos de ACCIONA.
* Proponer e implementar acciones con los grupos de interés que permitan una adecuada gestión del impacto social en el área de influencia del proyecto, asegurando un relacionamiento oportuno y sostenible.


**Requisitos del candidato**
**Funciones**
* Implementar el Plan de Gestión Social (PGS) del proyecto.
* Realizar el seguimiento para el cumplimiento de los compromisos del IGA aprobados del proyecto durante la etapa de construcción.
* Elaborar y actualizar el mapeo de stakeholders, así como el análisis de actores y la identificación de riesgos sociales.
* Planificar y ejecutar estrategias orientadas a la liberación social del proyecto, mediante la organización de reuniones informativas, talleres y otras actividades de participación ciudadana.
* Gestionar el relacionamiento con autoridades locales, comunidades y demás actores clave del área de influencia directa (AID).
* Liderar la resolución de posibles conflictos sociales, asegurando la continuidad de las actividades del proyecto.
* Diseñar e implementar estrategias y planes de comunicación social antes, durante y después de las obras de construcción.
* Elaborar y difundir materiales informativos (avisos, comunicados, boletines, fichas informativas) cuando sea necesario.
* Administrar los mecanismos de comunicación y mantener actualizados los registros de interacción con actores sociales.
* Gestionar el Mecanismo de Atención de Consultas, Quejas y Reclamos del proyecto, asegurando su adecuado registro, atención y seguimiento.
* Realizar el seguimiento al cumplimiento de compromisos sociales, manteniendo trazabilidad documentada y alertando oportunamente sobre desviaciones o riesgos.
* Identificar riesgos sociales y proponer medidas de prevención y mitigación.
* Participar en reuniones de coordinación interna para la planificación y seguimiento del proyecto.
* Promover relaciones de buena vecindad y convivencia en las zonas de intervención.
* Capacitar y sensibilizar al personal propio y subcontratistas en temas sociales y de relacionamiento comunitario.
* Supervisar la adecuada gestión social de los subcontratistas en campo.
* Ejecutar otras funciones inherentes al cargo, en el marco de los objetivos del proyecto.


**Formación Académica**
* Bachiller o titulado(a) en Administración de Empresas, Derecho, Sociología o carreras afines.
* Diplomado o cursos en Gestión de conflictos, Gestión Social u otros relacionados.


**Experiencia**
* Al menos 3 a 5 años de experiencia en gestión social, predial en proyectos de infraestructura lineal (líneas de transmisión, energía, carreteras, etc.).
* Experiencia en relacionamiento comunitario y manejo de conflictos sociales.
* Conocimiento en temas prediales (no excluyente).
* Deseable experiencia con comunidades campesinas o indígenas (según zona de influencia del proyecto).


**Conocimientos complementarios**
* Manejo de paquete Office a nivel intermedio
* Lectura de KMZ


**Localización**
* Disponibilidad para laborar en régimen atípico entre los departamentos de Amazonas y Cajamarca.


**Habilidades Blandas**
* Comunicación efectiva oral y escrita
* Empatía y orientación al relacionamiento
* Análisis técnico y resolución de problemas.
* Proactividad, trabajo en equipo y articulación interáreas.
* Capacidad de comunicación efectiva y manejo de información para la toma de decisiones.


 ACCIONA ha recibido la certificación Top Employer 2024 y 2025\. Este sello reconoce a la Compañía como una de las mejores empresas para trabajar por su compromiso en situar la gestión de las personas como eje central de su estrategia. Somos una compañía con igualdad de oportunidades y estamos comprometidos con la diversidad. ACCIONA está alineada con la ley Nº 27278 y prohíbe la discriminación basada en el género, raza, religión o idioma.",Construction,https://es.linkedin.com/company/acciona,https://media.licdn.com/dms/image/v2/D4D0BAQGoNGuxWnH3Qg/company-logo_100_100/company-logo_100_100/0/1730799749003/acciona_logo?e=2147483647&v=beta&t=YcRt3IGhvi43pUF4NyTCOOI-KO9Iw_Nold1zP3TxDL0,,,,,,,,,,,,"""Ciencia Politica"""
li-4437466745,linkedin,https://www.linkedin.com/jobs/view/4437466745,,Vicerrector(a) de Investigación,Empresa Confidencial,"Lima, Peru",2026-07-06,fulltime,,,,,,False,director,Research and Training,,,"**Importante Universidad lider en su rubro** 
 busca incorporar un(a)
 **Vicerrector(a) de Investigación** 
 con destacada trayectoria en liderazgo académico, gestión de la investigación científica e innovación, capaz de impulsar la estrategia institucional de investigación, fortalecer la producción científica y consolidar el posicionamiento nacional e internacional de la universidad.
 



  





**Misión del carg** 




 oLiderar la estrategia institucional de investigación, innovación y transferencia tecnológica, promoviendo la generación de conocimiento científico de alto impacto, el desarrollo de capacidades investigativas, la internacionalización, la captación de financiamiento y el fortalecimiento de la cultura de investigación, contribuyendo al posicionamiento de la institución como referente en investigación e innovación
 



  





**.
   

 Buscamos un líder que cuente co** 



* n:Doctorado registrado en SUNED
* U.Trayectoria comprobada liderando Vicerrectorados, Direcciones de Investigación o posiciones equivalentes en universidade
* s.Categoría RENACYT vigente (deseable Nivel II o III
* ).Producción científica sostenida en revistas indexadas Scopus y/o Web of Science, preferentemente Q1 y Q
* 2\.Experiencia liderando estrategias para incrementar publicaciones científicas, rankings internacionales e indicadores de investigació
* n.Experiencia obteniendo fondos concursables nacionales e internacionales para investigació
* n.Experiencia desarrollando ecosistemas de innovación, transferencia tecnológica, propiedad intelectual y patente
* s.Experiencia fortaleciendo políticas institucionales de investigación, ética e integridad científic
* a.Experiencia liderando equipos multidisciplinarios de investigación y desarrollo académic
* o.Inglés avanzad



  





**o.
   

 Principales desaf** 



* íosLiderar la política institucional de investigación, innovación y transferencia tecnológi
* ca.Incrementar la productividad científica y la calidad de las publicaciones indexad
* as.Consolidar el posicionamiento institucional en rankings nacionales e internacional
* es.Impulsar alianzas estratégicas con universidades, empresas y organismos internacional
* es.Incrementar la captación de fondos externos para investigaci
* ón.Fortalecer los sistemas de propiedad intelectual, innovación y transferencia tecnológi
* ca.Desarrollar una cultura institucional orientada a la investigación de alto impac



  




 to.","Education, Research Services, and Higher Education",https://br.linkedin.com/company/empresa-confidencial,https://media.licdn.com/dms/image/v2/D4D0BAQE5LKe2moMnHg/company-logo_100_100/company-logo_100_100/0/1736630274411/empresa_confidencial_logo?e=2147483647&v=beta&t=sS0AldO_PjNIlU-TC-ehYg2AY8a1l3UgmPDGUK8kH-M,,,,,,,,,,,,"""Ciencia Politica"""
in-41d0c5f167c7d9ed,indeed,https://pe.indeed.com/viewjob?jk=41d0c5f167c7d9ed,http://pe.indeed.com/job/profesor-de-ciencias-sociales-naranjal-smp-41d0c5f167c7d9ed,Profesor/a de Ciencias Sociales - Naranjal SMP,Asociación Delmaluz SAC,"Barrio Obrero Industrial, LIM, PE",2026-07-31,"temporary, parttime",,,,,,False,,,,,"Nuestro familia Tadeína, se encuentra en la búsqueda de docente para curso de Historia y Economía para el nivel secundaria.

Las postulantes deberán demostrar habilidades para desempeñarse en estos niveles, además deberán contar con experiencia en el cargo, capacidad para trabajar en equipo, empatía y excelente formación profesional y moral.

Características del puesto:

* Horario de 7:50am a 2:30pm
* 1 día a la semana (elegible)
* El Colegio se encuentra por la zona de Naranjal (Óvalo Canta Callao) en San Martín de Porres, ubicado a 3 cuadras del grifo Olimpo.

Tipo de puesto: Medio tiempo, Temporal

Escolaridad:

* Bachillerato terminado (Deseable)

Lugar de trabajo: Empleo presencial",,https://pe.indeed.com/cmp/Asociaci%C3%B3n-Delmaluz-Sac,,,,,,,,,,,,,"""Ciencias Sociales"""
in-e47c16768a2a0885,indeed,https://pe.indeed.com/viewjob?jk=e47c16768a2a0885,http://pe.indeed.com/job/docente-de-especialidad-matem%C3%A1tica-e47c16768a2a0885,Docente de especialidad - Matemática,Colegio María Montessori,"Callao, CAL, PE",2026-07-27,fulltime,,,,,,False,,,,,"Colegio personalizado de prestigio ubicado en el distrito de San Martín de Porres (CERCA A LA CUADRA 36 DE LA AVENIDA PERÚ) esta en busca de profesor (a) de Comunicación y ciencias Sociales.

Si eres creativo, responsable, empático e innovador, eres la persona que estamos buscando.

Tipo de puesto: Tiempo completo

Sueldo: A partir de S/.1,800\.00 al mes

Lugar de trabajo: Empleo presencial",,https://pe.indeed.com/cmp/Colegio-Mar%C3%ADa-Montessori-6,,,,,,,,,,,,,"""Ciencias Sociales"""
in-89fbb8d5123faeea,indeed,https://pe.indeed.com/viewjob?jk=89fbb8d5123faeea,http://pe.indeed.com/job/profesor-de-ciencias-sociales-89fbb8d5123faeea,Profesor(a) de Ciencias Sociales,CIRVAL,"Los Olivos, LIM, PE",2026-07-27,fulltime,,,,,,False,,,,,"Profesor(a) de Ciencias Sociales (Historia, Geografía y Cívica) para IEP ubicada en la Av. Betancourt \- Los Olivos.

Preferentemente vivir cerca a la zona.

Enviar CV para coordinar entrevista.

Tipo de puesto: Tiempo completo

Lugar de trabajo: Empleo presencial",,https://pe.indeed.com/cmp/Cirval,,,,,,,,,,,,,"""Ciencias Sociales"""
in-dad348412993ccaf,indeed,https://pe.indeed.com/viewjob?jk=dad348412993ccaf,http://pe.indeed.com/job/profesor-de-ciencias-sociales-dad348412993ccaf,Profesor(a) de Ciencias Sociales,MARIA REICHE DEL VALLE,"San Juan de Lurigancho, LIM, PE",2026-07-27,fulltime,,,,,,False,,,,,"Somos el Colegio María Reiche del Valle con más de 14 años de experiencia educativa

En busca de docente de Ciencias Sociales.

* REQUISITOS:

Con experiencia en Colegios como docente.

Con actualización en el nuevo enfoque pedagógico.

Manejo y conocimiento de los recursos tecnológicos y/o herramientas informáticas (plataformas virtuales, conferencias en vivo tipo Zoom / Google Meet, entre otros). Disponibilidad para el dictado de clases presenciales en el distrito de San Antonio De Jicamarca.

Personas proactivas y empáticas con mucha disciplina para educar con amor a nuestros estudiantes.

Profesionales con ética y vocación de servicio.

Experiencia laboral mínima de 2 años como docente en nivel Primaria y Secundaria.

Disponibilidad para laborar en S.J.L. San Antonio de Jicamarca.

Enviar CV al WhatsApp 994856132 DOCENTE DE CIENCIAS SOCIALES.

Tipo de puesto: Tiempo completo

Sueldo: S/.1,000\.00 \- S/.1,600\.00 al mes

Lugar de trabajo: Empleo presencial",,https://pe.indeed.com/cmp/Maria-Reiche-Del-Valle,,,,,,,,,,,,,"""Ciencias Sociales"""
in-20ce0178836912c1,indeed,https://pe.indeed.com/viewjob?jk=20ce0178836912c1,http://pe.indeed.com/job/profesora-de-ciencias-sociales-primaria-y-secundaria-20ce0178836912c1,Profesora de Ciencias Sociales Primaria y Secundaria,Colegio Vizcardo,"Villa el Salvador, LIM, PE",2026-07-26,fulltime,,,,,,False,,,,,"Institución Educativa Privada ubicada en Villa el Salvador, se encuentra en búsqueda de Profesora de Ciencias Sociales Primaria y Secundaria.

REQUISITOS

* Titulada, Bachiller, Egresada o Estudiante últimos ciclos de la carrera Educación con especialidad en Ciencias Sociales o afines.
* Experiencia mínima de 1 año dictando clases.
* Dominio de aula, manejo de pizarra y TICs.
* Conocimientos y manejo de herramientas de computación (Office e internet).
* Ser una persona empática, proactiva, puntual, responsable, respetuosa, didáctica, innovador de buen carácter y un excelente trato a los alumnos.
* De preferencia vivir en Villa el Salvador o distritos aledaños.

FUNCIONES

* Desarrollar los temas teóricos y prácticos programados para las clases y asegurarse de que los alumnos hayan comprendido los temas.
* Evaluar y calificar constantemente el rendimiento académico del alumno dando una retroalimentación permanente y oportuna.
* Mantener la disciplina, orden y respeto con los alumnos.
* Mantener actualizada la documentación pedagógica y administrativa a su cargo.

Los interesados adjuntar CV al correo.

Tipo de puesto: Tiempo completo

Lugar de trabajo: Empleo presencial",,https://pe.indeed.com/cmp/Colegio-Vizcardo-1,,,,,,,,,,,,,"""Ciencias Sociales"""
in-da27cc388ff85739,indeed,https://pe.indeed.com/viewjob?jk=da27cc388ff85739,http://pe.indeed.com/job/docente-de-ciencias-sociales-da27cc388ff85739,Docente de Ciencias Sociales,Colegio Cristo Amigo,"Villa María del Triunfo, LIM, PE",2026-07-18,fulltime,,,,,,False,,,,,"¡Estamos buscando un(a) Docente de Ciencias Sociales para unirse al equipo de la IEP Cristo Amigo  
En la IEP Cristo Amigo estamos comprometidos con brindar una educación de calidad, innovadora y centrada en el desarrollo integral de nuestros estudiantes. Nos encontramos en la búsqueda de un(a) Docente de Ciencias Sociales.

REQUISITOS:  
Mínimo de 3 años de experiencia docente en el área de Ciencias Sociales.  
Licenciatura en Educación o carrera afín.  
Sólidos conocimientos en teoría y práctica de la enseñanza de Ciencias Sociales.  
Excelentes habilidades de comunicación oral y escrita.  
Habilidades de organización y gestión del tiempo.  
Capacidad para promover un ambiente de aprendizaje inclusivo y respetuoso.  
Dominio de herramientas digitales y nuevas tecnologías aplicadas a la educación.

Disponibilidad para trabajar en Villa Maria del Triunfo  
FUNCIONES:  
Planificar y desarrollar sesiones de aprendizaje alineadas con los objetivos educativos.  
Brindar retroalimentación oportuna para favorecer el aprendizaje de los estudiantes.  
Evaluar el progreso académico mediante instrumentos pertinentes.  
Mantener una comunicación efectiva con las familias y el equipo educativo.  
Participar en actividades institucionales y extracurriculares.  
Mantenerse actualizado(a) en metodologías pedagógicas y tendencias educativas.  
Promover un clima de aula basado en el respeto, la inclusión y la participación.

OFRECEMOS:  
Ingreso a planilla (Pequeña empresa).  
Pagos puntuales.  
Oportunidades de crecimiento y desarrollo profesional.

Requerimientos

* Educación mínima: Universitario
* 3 años de experiencia

Sueldo: S/.500\.00 \- S/.2,000\.00 al mes

Lugar de trabajo: Empleo presencial",,https://pe.indeed.com/cmp/Colegio-Cristo-Amigo,,,,,,,,,,,,,"""Ciencias Sociales"""
in-2d45385adee49d59,indeed,https://pe.indeed.com/viewjob?jk=2d45385adee49d59,https://wd3.myworkdaysite.com/en-US/recruiting/wfp/job_openings/job/Cuzco-Peru-The-Republic-Of/Asistente-de-M-E_JR125104-1,Asistente de M&E,World Food Programme,"Cuzco, SMA, PE",2026-07-17,fulltime,,,,,,False,,,,"global.inclusion@wfp.org, global.hrerecruitment@wfp.org","**DEADLINE FOR APPLICATIONS**


1 agosto 2026\-23:59\-GMT\-05:00 Peru Standard Time (Lima)*WFP celebrates and embraces diversity. It is committed to the principle of equal employment opportunity for all its employees and encourages qualified candidates to apply irrespective of race, colour, national origin, ethnic or social background, genetic information, gender, gender identity and/or expression, sexual orientation, religion or belief, HIV status or disability.*

 **ABOUT WFP**  

  

The World Food Programme is the world’s largest humanitarian organization saving lives in emergencies and using food assistance to build a pathway to peace, stability and prosperity, for people recovering from conflict, disasters and the impact of climate change.

  

At WFP, people are at the heart of everything we do and the vision of the future WFP workforce is one of diverse, committed, skilled, and high performing teams, selected on merit, operating in a healthy and inclusive work environment, living WFP's values (Integrity, Collaboration, Commitment, Humanity, and Inclusion) and working with partners to save and change the lives of those WFP serves.  

  

To learn more about WFP, visit our website: https://www.wfp.org

**WHY JOIN WFP?**

* WFP is a 2020 Nobel Peace Prize Laureate.
* WFP offers a highly inclusive, diverse, and multicultural working environment.
* WFP invests in the personal \& professional development of its employees through a range of training, accreditation, coaching, mentorship, and other programs as well as through internal mobility opportunities.
* A career path in WFP provides an exciting opportunity to work across the various country, regional and global offices around the world, and with passionate colleagues who work tirelessly to ensure that effective humanitarian assistance reaches millions of people across the globe.
* We offer an attractive compensation package (please refer to the **Terms and Conditions** section of this vacancy announcement).

**TÍTULO DE POSICIÓN:** Asistente de Monitoreo y Evaluación

**TIPO DE CONTRATO:** Service Contract L4 (SC\-L4\)

**LOCACIÓN:** Cusco, Perú

**ANTECEDENTES:**

El Programa Mundial de Alimentos (PMA), es el organismo de las Naciones Unidas que lucha contra el hambre y la malnutrición en todo el planeta. La visión del PMA, está centrada en un mundo en el cual cada hombre, mujer, niña y niño tenga acceso en todo momento a la alimentación necesaria para llevar una vida activa y saludable para lograr el objetivo de desarrollo sostenible Hambre Cero (ODS2\), así como promover una alianza global para garantizar la sostenibilidad del bienestar de la población (ODS 17\).


En el Perú, el Programa Mundial de Alimentos (WFP, por sus siglas en inglés) fortalece las capacidades de las instituciones nacionales y subnacionales para diseñar, implementar y gestionar políticas y programas vinculados con la seguridad alimentaria y nutricional, la gestión del riesgo de desastres y la protección social.


En ese contexto el proyecto “Compartiendo la Mesa: Transformar los sistemas alimentarios con la agricultura familiar para reducir el hambre en el Perú” tiene como objetivo fortalecer la vinculación de los pequeños productores agrícolas con los mercados, públicos y privados, especialmente en el marco de la Ley N.° 31071, Ley de Compras Estatales de Alimentos provenientes de la Agricultura Familiar.


En este marco, el monitoreo de campo constituye una actividad clave para garantizar la adecuada implementación, eficacia y sostenibilidad del proyecto en las regiones de Ayacucho y Cusco. A través del monitoreo y el seguimiento continuo de las intervenciones, será posible identificar avances, oportunidades de mejora, desafíos operativos y posibles riesgos que puedan afectar el logro de los resultados esperados.


Asimismo, el monitoreo permitirá generar evidencia sobre el desempeño de los actores involucrados en los procesos implementados, verificar el cumplimiento de los objetivos y actividades planificadas, y formular recomendaciones oportunas para fortalecer la articulación comercial entre la agricultura familiar y los mecanismos de compras públicas de alimentos, y tomar medidas correctivas en la implementación de este proyecto.

**OBJETIVO PRINCIPAL:**  

Bajo la supervisión de la Coordinadora Regional de la oficina de Cusco y la encargada de la Unidad de RAM en Lima, el/la Asistente de Monitoreo deberá realizar el monitoreo y apoyar en la evaluación del proyecto “Compartiendo la Mesa” mediante el seguimiento de actividades, la gestión y análisis de información, y la coordinación con los actores involucrados, a fin de generar evidencia para la toma de decisiones y mejorar la implementación del proyecto.

**OBJETIVOS ESPECIFICOS:**

* Realizar el seguimiento y monitoreo oportuno de las actividades e intervenciones del proyecto en la región de Cusco, asegurando la recolección, registro en plataformas establecidas y análisis de información sobre la participación y avances de las metas e indicadores.
* Fortalecer los procesos de monitoreo y evaluación del proyecto mediante la coordinación efectiva entre la Unidad de RAM, las oficinas territoriales y los actores públicos y privados involucrados.
* Generar evidencia e información estratégica para la toma de decisiones, a través de la elaboración de reportes, participación en estudios, seguimiento de indicadores y la formulación de recomendaciones, e identificar oportunidades de mejora de los procesos implementados en el proyecto.

**RESPONSABILIDADES:**

* Articular actividades y coordinaciones de monitoreo y evaluación entre la Unidad de RAM en la oficina Lima y la oficina en Cusco;
* Apoyar y brindar asistencia en la operación y desarrollo de actividades de monitoreo y evaluación del proyecto, incluyendo a los tres actores principales: a) agricultores familiares; b) centros de acopio, procesamiento y comercialización; c) Escuelas con modelo de Comidas Calientes;
* Apoyar en las coordinaciones que sean necesarias con el fin de ajustar/mejorar las operaciones del piloto, incluyendo las coordinaciones con stakeholders del sector público y privado relacionados con el proyecto;
* Facilitar el registro adecuado y oportuno de beneficiarios y desarrollo de actividades del proyecto;
* Apoyar en la elaboración y preparación de reportes de actividades o acciones desarrolladas, considerando los instrumentos proporcionados por RAM y brindar recomendaciones para la mejora;
* Desarrollar acciones de seguimiento y monitoreo a las actividades implementadas por el proyecto;
* Apoyar en el manejo de la información relacionada con la operación durante la implementación de la actividad;
* Proponer y generar indicadores estratégicos para la medición del avance de implementación de las actividades del proyecto;
* Incorporar los lineamentos de la política corporativa referidos a igualdad de género en todas sus actividades;
* Otras tareas/actividades afines asignadas por la Representante de la Oficina de País de WFP;

**COMPETENCIAS:**

* Poseer habilidad organizativa y de procesamiento de datos que le permitan registrar y administrar información según las políticas y estándares del WFP;
* Poseer habilidades de comunicación que le permitan comunicarse eficientemente con beneficiarios y socios a través de diferentes medios;
* Poseer capacidad para trabajar bajo presión y en periodos de respuesta cortos;
* Contar con habilidades para el trabajo en equipo de modo que pueda trabajar de manera armoniosa con el personal de la oficina WFP en Lima cuando sea necesario;

**CALIFICACIONES:**

* Estudios secundarios culminados;
* Deseable contar con grado universitario en carreras profesionales de economía, ciencias sociales, administración, ciencias agronómicas, nutrición, o afines;
* Deseable contar con conocimiento sobre gestión pública, municipal, proyectos sociales o inversión pública;
* Deseable poseer conocimientos de inglés a nivel básico/intermedio;
* Deseable poseer conocimientos de quechua a nivel básico;
* Contar con un conocimiento sólido en programas de procesamiento de datos como Power BI, Tableau, Python y R.

**EXPERIENCIA:**

* Se requieren cuatro años de experiencia laboral como mínimo relacionada con proyectos/programas sociales, trabajo a nivel comunitario u asesoría financiera;
* Deseable contar con experiencia en monitoreo de proyectos o programas sociales de por lo menos 1 año;
* Deseable contar con experiencia laboral previa en organismos de la cooperación internacional o del sistema de Naciones Unidas;

**WFP LEADERSHIP FRAMEWORK**

  

WFP Leadership Framework guides to the common standards of behavior that guide HOW we work together to accomplish our mission.

 **REASONABLE ACCOMMODATION**

  

WFP is committed to supporting individuals with disabilities by providing reasonable accommodations throughout the recruitment process. If you require a reasonable accommodation, please contact: global.inclusion@wfp.org

**NO FEE DISCLAIMER**

  

The United Nations does not charge any application, processing, training, interviewing, testing or other fee in connection with the application or recruitment process. Should you receive a solicitation for the payment of a fee, please disregard it. Furthermore, please note that emblems, logos, names and addresses are easily copied and reproduced. Therefore, you are advised to apply particular care when submitting personal information on the web.

 **REMINDERS BEFORE YOU SUBMIT YOUR APPLICATION**

* All applications must be submitted exclusively through our online recruiting system. We do not consider CVs or applications sent by email, LinkedIn, or any other channel.
* We strongly recommend that your Workday profile is accurate and complete, and that all sections are filled in, including your employment history, academic qualifications, language skills, and UN grade (if applicable). Once your profile is completed, please apply, and submit your application.
* If you experience technical issues while submitting your application, you may contact us at global.hrerecruitment@wfp.org. Please note that this email is **only** for technical issues with an application \- **unsolicited applications or documents sent to this inbox will not receive a reply**.
* At the application stage, the only required documents are your CV and Cover Letter. Additional documents (passport, certificates, recommendation letters, etc.) may be requested later in the process.
* Only shortlisted candidates will be contacted and invited to proceed to the next stage of the recruitment process.

*All employment decisions are made on the basis of organizational needs, job requirements, merit, and individual qualifications. WFP is committed to providing an inclusive work environment free of sexual exploitation and abuse, all forms of discrimination, any kind of harassment, sexual harassment, and abuse of authority. Therefore, all selected candidates will undergo rigorous reference and background checks.*

 *No appointment under any kind of contract will be offered to members of the UN Advisory Committee on Administrative and Budgetary Questions (ACABQ), International Civil Service Commission (ICSC), FAO Finance Committee, WFP External Auditor, WFP Audit Committee, Joint Inspection Unit (JIU) and other similar bodies within the United Nations system with oversight responsibilities over WFP, both during their service and within three years of ceasing that service.*",Organization,https://pe.indeed.com/cmp/World-Food-Programme,https://d2q79iu7y748jz.cloudfront.net/s/_squarelogo/256x256/dc18dc6cce83c27f7add1743b1e294fc,https://www1.wfp.org/,"Via Cesare Giulio Viola, 68, 00148 Rome RM, Italy","10,000+",more than $10B (USD),"WFP is best known for its life-saving work in emergencies.​ When disaster strikes, WFP gets vital food and non-food assistance to people in need. ​",,,,,,,"""Ciencias Sociales"""
in-b65132efb0cd0371,indeed,https://pe.indeed.com/viewjob?jk=b65132efb0cd0371,http://pe.indeed.com/job/docente-de-ciencias-sociales-egresado-o-%C3%BAltimo-ciclo-b65132efb0cd0371,Docente de Ciencias Sociales - Egresado o último ciclo,Colegio Talentos,"Bellavista, CAL, PE",2026-07-17,fulltime,,,,,,False,,,,,"**Colegio Privado de Bellavista\-Callao, requiere de DOCENTE DE CIENCIAS SOCIALES , con capacidad de trabajar en equipo, con conocimientos de las diversas estrategias para el área y muy buena comunicación con los integrantes de la comunidad educativa. Debe estar informado del acontecer político, social y económico de la nación y del mundo y con capacidad de ayudar a los estudiantes en su desarrollo personal y social.**

Tipo de puesto: Tiempo completo

Pregunta(s) de postulación:

* Pretensión
* Residencia en donde radica
* Años de experiencia en el área

Lugar de trabajo: Empleo presencial",,https://pe.indeed.com/cmp/Colegio-Talentos-2,,,,,,,,,,,,,"""Ciencias Sociales"""
in-750f7a143d56e1ec,indeed,https://pe.indeed.com/viewjob?jk=750f7a143d56e1ec,http://pe.indeed.com/job/tutores-sede-san-isidro-2026-750f7a143d56e1ec,TUTORES SEDE SAN ISIDRO 2026,Organización Educativa TRILCE,"San Isidro, LIM, PE",2026-07-13,fulltime,,,,,,False,,,,,"La **Organización Educativa TRILCE, con más de 46 años de experiencia en el sector Educación**, requiere incorporar **TUTORES** de aula del Nivel Secundaria para nuestra **sede SAN ISIDRO** para el **período escolar 2026**.

***Función***: asistente académico para realizar el acompañamiento a nuestros alumnos en su desarrollo y crecimiento socioemocional.

***Requisitos:***

* Egresado o estudiante universitario de los últimos ciclos en Ingeniería, Administración, Ciencias Sociales, Ciencias Económicas, Educación, Comunicaciones y/o carreras afines.
* Experiencia mínima de un año en tutoría o trabajo con adolescentes.
* Disposición para el trabajo con adolescentes.
* De preferencia, entre 21 y 30 años.
* Conocimiento y manejo de herramientas tecnológicas (Office, Google Meet, otros).
* Horario de labores de lunes a viernes de 7:30 a. m. a 4: 30 p.m.
* Capacidad de liderazgo y trabajo en equipo.

Tipo de puesto: Tiempo completo

Lugar de trabajo: Empleo presencial",,https://pe.indeed.com/cmp/Organizaci%C3%B3n-Educativa-Trilce,,,,,,,,,,,,,"""Ciencias Sociales"""
in-39220905927917ae,indeed,https://pe.indeed.com/viewjob?jk=39220905927917ae,https://worldvision.wd1.myworkdayjobs.com/es/WorldVisionInternational/job/Ciudad-de-Mxico-Mexico/Coordinador--a--de-Patrocinio_JR51141,Coordinador (a) de Patrocinio,World Vision International,"Mexico, CAJ, PE",2026-07-10,fulltime,,,,,,False,,,,,"With 75 years of experience, our focus is on helping the most vulnerable children overcome poverty and experience fullness of life. We help children of all backgrounds, even in the most dangerous places, inspired by our Christian faith.


Come join our 31,000\+ staff working in nearly 100 countries and share the joy of transforming vulnerable children’s life stories!


Key Responsibilities:

**PROPOSITO DEL PUESTO:**


Administrar los procesos y sistemas de patrocinio, la supervisión de los procesos de patrocinio y operaciones de socio con causa, dentro del marco de los estándares de patrocinio y cumplimiento de la Política de Salvaguarda, a fin de fortalecer el desempeño y fomentar relaciones significativas entre los niños, sus familias y comunidades, en conjunto con los patrocinadores.

  

Brindar acompañamiento técnico a las regiones, trabajando de manera articulada con los equipos de programas, proyectos especiales y otras áreas clave, enlace entre el equipo de operaciones/impacto y sostenibilidad en temas relacionados con el patrocinio.

**PRINCIPALES RESPONSABILIDADES:**

* Capacitar, orientar y asegurar el cumplimiento de los estándares de experiencia del donante y estándares de patrocinio infantil (estándares centro global).
* Identificar los procedimientos (flujos) para la correcta ejecución de los estándares de patrocinio.
* Facilitar el intercambio de información para una mejor comprensión de la situación regional.
* Desarrollar e implementar las iniciativas Globales y Regionales.
* Asegurar conexiones y comunicaciones 1:1 (niño\-patrocinador)
* Brindar apoyo en el uso de herramientas y sistemas para capturar información y/o contenido.
* Coordinar las diferentes actividades propuestas por la Gerencia de Marketing, Fundraising o solicitadas por el donante o la ON (acompañamiento de visitas guiadas, eventos virtuales, información para informes, historias transformadoras, etc.)
* Garantizar que los patrocinadores, (uni y multipatrocinadores) vean el impacto de su contribución en la comunidad.
* Fortalecer los factores críticos que aseguran una gestión de patrocinio eficaz a nivel de la Oficina Nacional.
* Administrar y gestionar la proyección del RC disponible para entrega de informes mensual/anual.
* Gestión del estatus de RC (hold, disponible, patrocinado, bajas, fallecimiento, casos especiales, etc.).
* Coordinar la asignación de RC a nuevos patrocinadores y reemplazos de RC de acuerdo a procedimientos establecidos en los estándares y políticas.
* Coordinar el monitoreo y la ejecución de las operaciones de patrocinio en programas y su registro dentro de la plataforma HORIZON, de acuerdo a los estándares de calidad y tiempo establecidos.
* Dar soporte a Equipo LACRO/Centro Global para capacitación y soporte de analistas en HORIZON.
* Administración de plataforma HORIZON y asignación de permisos.
* Gestionar la atención y solución de tickets correspondientes a fallas de HORIZON.
* Coordinar las actualizaciones de HORIZON y conciliación de información con SIMMA\-HORIZON y SIMMA\-HubSpot.
* Conciliación de información solicitada hacia los programas para los productos de patrocinio y causa.
* Asegurar la vinculación de planes de trabajo mediante la gestión de trabajo colaborativo entre áreas.
* Asegurar la gestión de los riesgos asociados a los estándares de patrocinio y estándares mínimos de experiencia del donante.
* Verificar el cumplimiento de protocolos y estándares, para asegurar la protección de la niñez y salvaguarda.
* Comprobar el levantamiento de usos de imagen para Salvaguarda.
* Firma de apropiación de protocolos de filosofía organizacional.
* Aceptación expresa contenida en el expediente o contrato de trabajo de confidencialidad.
* Firma de aceptación y apropiación de la Política de Protección a la Niñez.
* Aceptación expresa contenida en el expediente o contrato de trabajo de medidas de seguridad personal y organizacional.

**PERFIL:**

* Conocimiento del enfoque de patrocinio y su impacto.
* Habilidades demostradas en resolución de problemas, pensamiento crítico, proactividad y gestión del tiempo.
* Habilidades demostradas de mediación y liderazgo en equipos multidisciplinarios.
* Al menos 10 años de experiencia directa en el sector humanitario en posiciones similares
* **\*\*Postulantes Internos**: Al menos 5 años de experiencia en World Vision o en roles de alta responsabilidad, incluyendo al menos 4 años en proyectos de patrocinio o trabajo con programas de área o regionales.
* Nivel inglés intermedio B1

**Educación requerida:**

Certificado de preparatoria (mínimo)


Carrera trunca


Licenciatura en administración, marketing, comunicaciones o ciencias sociales (preferente)

**Conocimientos y Habilidades:**

* Microsoft Office 365\. (indispensable).
* Conocimiento de herramientas como HubSpot (deseable), Horizon, SIMMA, Rich Media o Transfer
* Competencias demostradas para liderar, influir y desarrollar equipos.
* Experiencia en facilitación y mediación en contextos colaborativos.
* Habilidades en plataformas de gestión, coordinación de eventos y monitoreo de KPIs.
* \*\* Deseable conocimiento de las políticas institucionales y normativas aplicables al patrocinio

**OFRECEMOS:**

Rango salarial mensual: $15,000 \- $20,000 brutos \+ Prestaciones Superiores a la Ley ($2,518 vales de despensa al mes \+ $700 apoyo transporte o conectividad al mes \+ Seguro de Vida \+ SGMM \+ 30 días de aguinaldo, etc.)


Te invitamos a revisar nuestro **Aviso de Privacidad de Datos Personales** para Candidatos en este enlace: https://www.worldvisionmexico.org.mx/avisos\-de\-privacidad

  

Applicant Types Accepted:


Local Applicants Only",Organization,https://pe.indeed.com/cmp/World-Vision-International,https://d2q79iu7y748jz.cloudfront.net/s/_squarelogo/256x256/c62e46e499c3ab25ba075f21419c7a86,https://wvi.org,Global,"10,000+",$1B to $5B (USD),"We help the most vulnerable girls and boys overcome poverty and experience fullness of life. We help children of all backgrounds, even in the most dangerous places, inspired by our Christian faith.",,,,,,,"""Ciencias Sociales"""
in-a71c34d76c6b8f88,indeed,https://pe.indeed.com/viewjob?jk=a71c34d76c6b8f88,http://pe.indeed.com/job/tutores-2026-sede-villa-el-salvador-a71c34d76c6b8f88,TUTORES 2026 - SEDE VILLA EL SALVADOR,Organización Educativa TRILCE,"Villa el Salvador, LIM, PE",2026-07-10,fulltime,,,,,,False,,,,,"La **Organización Educativa TRILCE, con más de 46 años de experiencia en el sector Educación**, requiere incorporar **TUTORES** de aula del Nivel Secundaria que asuman la función de asistentes académicos y realicen el acompañamiento a nuestros alumnos en su desarrollo y crecimiento socioemocional para nuestra **sede VILLA EL SALVADOR** para el **período escolar 2026**.

***Requisitos:***

* Egresado o estudiante universitario de los últimos ciclos en Ingeniería, Administración, Ciencias Sociales, Ciencias Económicas, Educación, Comunicaciones y/o carreras afines.
* Experiencia mínima de un año en tutoría o trabajo con adolescentes.
* Disposición para el trabajo con adolescentes.
* De preferencia, entre 21 y 30 años.
* Conocimiento y manejo de herramientas tecnológicas (Office, Google Meet, otros).
* Horario de labores de lunes a viernes de 7:30 a. m. a 4: 30 p.m.
* Capacidad de liderazgo y trabajo en equipo.

Tipo de puesto: Tiempo completo

Lugar de trabajo: Empleo presencial",,https://pe.indeed.com/cmp/Organizaci%C3%B3n-Educativa-Trilce,,,,,,,,,,,,,"""Ciencias Sociales"""
in-ce48855c222b63b8,indeed,https://pe.indeed.com/viewjob?jk=ce48855c222b63b8,http://pe.indeed.com/job/tutores-sede-villa-mar%C3%ADa-2026-ce48855c222b63b8,TUTORES SEDE VILLA MARÍA - 2026,Organización Educativa TRILCE,"Villa María del Triunfo, LIM, PE",2026-07-10,fulltime,,,,,,False,,,,,"La **Organización Educativa TRILCE, con más de 46 años de experiencia en el sector Educación**, requiere incorporar **TUTORES** de aula del Nivel Secundaria para nuestra **sede VILLA MARÍA** para el **período escolar 2026**.

***Función***: asistente académico para realizar el acompañamiento a nuestros alumnos en su desarrollo y crecimiento socioemocional.

***Requisitos:***

* Egresado o estudiante universitario de los últimos ciclos en Ingeniería, Administración, Ciencias Sociales, Ciencias Económicas, Educación, Comunicaciones y/o carreras afines.
* Experiencia mínima de un año en tutoría o trabajo con adolescentes.
* Disposición para el trabajo con adolescentes.
* De preferencia, entre 21 y 30 años.
* Conocimiento y manejo de herramientas tecnológicas (Office, Google Meet, otros).
* Horario de labores de lunes a viernes de 7:30 a. m. a 4: 30 p.m.
* Capacidad de liderazgo y trabajo en equipo.

Tipo de puesto: Tiempo completo

Lugar de trabajo: Empleo presencial",,https://pe.indeed.com/cmp/Organizaci%C3%B3n-Educativa-Trilce,,,,,,,,,,,,,"""Ciencias Sociales"""
in-a4aabf832072aef5,indeed,https://pe.indeed.com/viewjob?jk=a4aabf832072aef5,http://pe.indeed.com/job/tutores-sede-marsano-2026-a4aabf832072aef5,TUTORES SEDE MARSANO 2026,Organización Educativa TRILCE,"Santiago de Surco, LIM, PE",2026-07-08,fulltime,,,,,,False,,,,,"La **Organización Educativa TRILCE, con más de 46 años de experiencia en el sector Educación**, requiere incorporar **TUTORES** de aula del Nivel Secundaria para nuestra **sede MARSANO** para el **período escolar 2026**.

***Función***: asistente académico para realizar el acompañamiento a nuestros alumnos en su desarrollo y crecimiento socioemocional.

***Requisitos:***

* Egresado o estudiante universitario de los últimos ciclos en Ingeniería, Administración, Ciencias Sociales, Ciencias Económicas, Educación, Comunicaciones y/o carreras afines.
* Experiencia mínima de un año en tutoría o trabajo con adolescentes.
* Disposición para el trabajo con adolescentes.
* De preferencia, entre 21 y 30 años.
* Conocimiento y manejo de herramientas tecnológicas (Office, Google Meet, otros).
* Horario de labores de lunes a viernes de 7:30 a. m. a 4: 30 p.m.
* Capacidad de liderazgo y trabajo en equipo.

Tipo de puesto: Tiempo completo

Lugar de trabajo: Empleo presencial",,https://pe.indeed.com/cmp/Organizaci%C3%B3n-Educativa-Trilce,,,,,,,,,,,,,"""Ciencias Sociales"""
in-d29714195b1c285e,indeed,https://pe.indeed.com/viewjob?jk=d29714195b1c285e,http://pe.indeed.com/job/asistente-academico-d29714195b1c285e,Asistente Academico,DIGITAL WORLD CORPORATION SAC,"Surquillo, LIM, PE",2026-07-08,fulltime,,,,,,False,,,,,"Por encargo de nuestro cliente, centro de formación ejecutiva online en lanzamiento, enfocada en programas de alto impacto y formato corto para profesionales de negocios con foco en el aprendizaje y casos reales. nos encontramos en la búsqueda de un Asistente Académico.

OBJETIVO DEL PUESTO  
Brindar apoyo académico y administrativo en la ejecución de los programas, colaborando en el seguimiento de las sesiones, la atención a los participantes y el control de la información académica, con el fin de asegurar el correcto funcionamiento del área y una experiencia formativa de alto valor.

FUNCIONES PRINCIPALES

* Apoyar en la organización, seguimiento y ejecución de los cursos, programas y sesiones en vivo.
* Monitorear el desarrollo de las sesiones, registrando asistencia de docentes y participantes e incidencias relevantes.
* Cargar y mantener actualizada el aula virtual (LMS): materiales, cronogramas, enlaces, grabaciones y comunicados.
* Mantener actualizada la información de participantes y programas en el sistema.
* Atender consultas y requerimientos de los participantes, dando seguimiento a casos de bajo avance o riesgo de abandono.
* Coordinar con docentes la entrega de materiales y el registro oportuno de notas y evaluaciones.
* Controlar y organizar los entregables académicos, asegurando su seguimiento y almacenamiento.
* Apoyar en la aplicación de encuestas de satisfacción y en la elaboración de reportes de avance.
* Apoyar en la emisión de certificados, constancias y control académico.
* Reportar y ejecutar otras funciones inherentes al cargo.

PERFIL REQUERIDO

* Bachiller, técnico o egresado universitario en Educación, Administración, Ciencias de la Comunicación, Psicología, Ciencias Sociales o afines.
* Experiencia deseable de 1 año en labores académicas y administrativas (de preferencia en el sector educación o capacitación).
* Manejo de herramientas digitales (correo, Excel/Sheets, plataformas de videollamada).
* Deseable manejo de plataformas educativas o LMS.
* Buen nivel de redacción.
* Orden, proactividad, buena comunicación y atención al detalle.
* Disponibilidad full time.

QUÉ OFRECEMOS

* Oportunidad real de crecimiento profesional e impacto institucional en una plataforma en expansión.
* Entorno profesional, dinámico y de proyección regional.
* Participación directa en la construcción de la oferta académica de un proyecto en crecimiento.

Pregunta(s) de postulación:

* ¿Cuántos años de experiencia tienes en funciones relacionadas al puesto?
* ¿Tienes experiencia trabajando con plataformas educativas o LMS (Moodle, Tutor LMS, Canvas, etc.)?
* ¿Cuál es tu expectativa salarial mensual (en soles)?
* ¿En qué áreas formativas has gestionado o propuesto contenido?
* ¿Has gestionado docentes o ponentes externos?
* ¿Cuándo podrías incorporarte?

Lugar de trabajo: Híbrido en Surquillo, Lima",,https://pe.indeed.com/cmp/Digital-World-Corporation-Sac,,,,,,,,,,,,,"""Ciencias Sociales"""
in-43895ee153b007d8,indeed,https://pe.indeed.com/viewjob?jk=43895ee153b007d8,http://pe.indeed.com/job/gestor-predial-43895ee153b007d8,Gestor Predial,CONSULTORÍA Y SUPERVISIÓN S.A.C,"Lima, LIM, PE",2026-07-07,fulltime,,,,,,False,,,,,"Somos una empresa dedicada a la Gestión Predial, Gestión Ambiental y Evaluaciones Arqueológicas, que garantiza la ejecución de proyectos de infraestructura e ingeniería a nivel nacional. Y estamos en la búsqueda de un nuevo talento que tengan el mismo propósito para formar parte de nuestro equipo como Gestor Predial – Negociador para realizar de manera exacta la toma de datos en la zona destinada del proyecto a fin de llegar a un acuerdo justo y sostenible con los propietarios y/o posesionarios.

**Requisitos:**

\- Bachiller o titulado en Ciencias Sociales, Ingeniería Geográfica, Agronomía y/o afines.

\- Especialización en negociación y/o relaciones comunitarias

\- Disponibilidad de viajar a distintas zonas del Perú

\- Disponibilidad de tiempo completo

\- Experiencia en relaciones comunitarias, negociación y funciones similares.

\- Mínimo 02 años de experiencia

\- Conocimiento sobre predios (No indispensable)

\- Conocimiento básicos de tipos de construcciones, plantaciones

**Funciones:**

\- Negociación con propietarios y posesionarios de predios (terrenos)

\- Realización de trabajo de campo

\- Recolección de datos (de predios, mejoras en los predios, propietarios y otros)

\- Reportar avances según formato establecido a su jefe inmediato

**Competencias personales y profesionales:**

\- Responsabilidad

\- Comunicación efectiva

\- Interés por temas sociales

\- Capacidad de relacionarse y trabajar en equipo

\- Capacidad para seguir lineamientos (indispensable)

\- Interés por realizar trabajo de campo

\- Compromiso en las tareas encomendadas

**Beneficios**

· Ingreso a planilla con todos los beneficios de acuerdo a ley.

· Seguro SCTR y Vida Ley.

Sueldo: S/.2,500\.00 \- S/.3,000\.00 al mes

Lugar de trabajo: Empleo presencial",,https://pe.indeed.com/cmp/Consultor%C3%ADa-Y-Supervisi%C3%B3n-S.a.c,,,,,,,,,,,,,"""Ciencias Sociales"""
in-907ca5afa2c2fd2b,indeed,https://pe.indeed.com/viewjob?jk=907ca5afa2c2fd2b,https://www.nge-recrute.fr/offre/2026-24451,RESPONSABLE SOCIAL H/M,GROUPE NGE,"Cusco, CUS, PE",2026-07-07,,,,,,,False,,,,,"Contrat de chantier
Localisation :
Pérou, , , Cusco
Domaine :
Travaux industriels
Publié le :
07/07/26
  
Participer à la construction et à la rénovation d'infrastructures au service des territoires. Rejoindre un Groupe en plein développement en France et à l'international (5 milliards d'euros de chiffre d'affaires). Intégrer une entreprise composée de près de 27 000 femmes et hommes réunis autour de 3 valeurs fortes : l'unité, la transparence et l'ambition. Accepter de vivre une expérience riche en rejoignant des équipes de passionnés.


**Descriptif**
--------------


* Implementar y dar seguimiento a la gestión social del proyecto, promoviendo una adecuada relación con comunidades, actores locales y partes interesadas vinculadas al área de influencia.
* Coordinar la atención de requerimientos, consultas, incidencias y compromisos sociales derivados de la ejecución del proyecto.
* Supervisar la ejecución de actividades de relacionamiento comunitario, comunicación social y manejo de impactos sociales asociados al proyecto.
* Elaborar y dar seguimiento a reportes, registros y planes de acción vinculados a la gestión social y comunitaria del proyecto.
* Otros inherentes al cargo.


**Profil recherché**
--------------------


* Licenciado en Ciencias Sociales y/o campos afines.
* 7 años de experiencia en general.
* 5 años de experiencia en experiencia en gestión social y comunitaria enfocada en proyectos de infraestructura vial, proyectos de construcción general o proyectos mineros.
* Quechua fluido (Indispensable)",Construction,https://pe.indeed.com/cmp/Groupe-Nge,https://d2q79iu7y748jz.cloudfront.net/s/_squarelogo/256x256/23a6b13bf6eea36a0aa1fdbcf39bea49,https://www.nge.fr/,"Parc d’activité de Laurade

BP22 - 13156 TARASCON CEDEX","10,000+",$1B to $5B (USD),"Bienvenue chez NGE, les Nouvelles Générations d'Entrepreneurs",,,,,,,"""Ciencias Sociales"""
in-38d61bb09e1df26c,indeed,https://pe.indeed.com/viewjob?jk=38d61bb09e1df26c,https://recruiting.ultipro.com/TEC1006TESER/JobBoard/18180d88-ced0-4361-bd09-d5eef66dab24/OpportunityDetail?opportunityId=ccbaaaf5-f687-4650-8741-d7217dd57e9f&postingId=7f6f9bcc-8a7f-49a0-be43-ae1bccf4f0d7,Recepcionador/a y gestor/a de información,TechnoServe Peru,"Arequipa, ARE, PE",2026-07-06,,,,,,,False,,,,,"##### **TechnoServe:**


##### **En TechnoServe, creemos que todos merecen la oportunidad de construir una vida mejor. Durante más de 50 años, hemos brindado a pequeños agricultores y emprendedores las habilidades, conexiones y confianza para salir de la pobreza. Aprovechamos el poder de los mercados y el sector privado para crear un crecimiento económico sostenible que beneficie a las personas y al planeta. Nuestra combinación única de soluciones empresariales, conocimiento profundo de los contextos locales y un enfoque basado en datos nos permite combatir la pobreza en África, Asia y América Latina.**


##### **El personal de TechnoServe es principalmente local: el 95% proviene de los países en los que trabajamos. Valoramos profundamente la colaboración, el espíritu emprendedor y la integridad, y nos centramos en lograr un impacto sostenible para las comunidades a las que servimos.**


##### **Descripción general del programa:**


##### **El proyecto “Empleos Verdes Arequipa” busca fortalecer la cadena de reciclaje en Arequipa con enfoque en una economía circular inclusiva, mediante procesos de formalización, fortalecimiento empresarial, acceso a mercados, empleabilidad verde y articulación institucional. El proyecto promueve también enfoques, promoción del empleo de jóvenes, mejora de la calidad del empleo, trabajo digno e inclusividad de la cadena de valor, articulando esfuerzos con aliados públicos y privados.**


##### **Resumen del puesto:**


##### **El/La Recepcionador/a y Gestor/a de Información brindará soporte operativo y técnico al proyecto Empleos Verdes Arequipa, contribuyendo a la organización, actualización, revisión y consolidación de información generada por las actividades del proyecto, herramientas digitales, registros de campo, reportes operativos y documentación de soporte.**


##### **La posición está orientada a una persona junior con sólidas habilidades técnicas, dominio avanzado de Excel y Google Sheets, atención al detalle, criterio para el manejo de información y capacidad para ejecutar tareas de manera ordenada, precisa y oportuna. Se valorará el conocimiento o disposición para aprender herramientas como AppSheet, Looker Studio, Power BI o BigQuery.**


##### **El/La Recepcionador/a y Gestor/a de Información trabajará siguiendo lineamientos metodológicos y operativos del Proyecto, apoyando a fortalecer la calidad de la información y optimizar los procesos de seguimiento operativo.**


##### **Asimismo, apoyará la verificación de herramientas del sistema del proyecto en campo, acompañando la revisión de registros, evidencias, formularios, bases de datos y reportes vinculados a las actividades desarrolladas con clientes, asociaciones, recicladores individuales, microempresas, intermediarios y otros actores del ecosistema de reciclaje.**


##### **Funciones y responsabilidades principales:**


* ##### **Actualizar, organizar y mantener las bases de datos operativas del proyecto, asegurando la limpieza, la consistencia, la trazabilidad y el control de versiones.**
* ##### **Consolidar la información proveniente de herramientas digitales, formularios de campo, Google Sheets, Excel, reportes del equipo y registros de socios ejecutores.**
* ##### **Revisar la calidad de los registros, identificando campos incompletos, duplicados, inconsistencias, errores de digitación, valores atípicos o falta de evidencias.**
* ##### **Apoyar la elaboración de cruces, validaciones, fórmulas, tablas dinámicas, dashboards operativos y reportes.**
* ##### **Apoyar la verificación en campo de herramientas del sistema del proyecto, revisando formularios, registros digitales, evidencias, asistencias, fichas técnicas y documentación vinculada a actividades con clientes.**
* ##### **Organizar evidencias, matrices, carpetas digitales, archivos maestros y respaldos, coordinando con el equipo de campo la corrección de observaciones e información pendiente.**
##### **Cualificaciones básicas (requeridas):**


* ##### **Formación académica:** **De preferencia, egresado/a, bachiller en Economía, Estadística, Ingeniería Industrial, Administración, Sistemas, Ciencias Sociales, Gestión Pública o carreras afines.**
* ##### **Experiencia laboral: (****de preferencia)**
* ##### **Mínimo (06\) meses de experiencia en gestión y procesamiento de bases de datos, monitoreo de proyectos, análisis de información, gestión documental, soporte administrativo o técnico, o funciones afines.**
* ##### **Se valorará experiencia o conocimientos en el uso de herramientas digitales para la gestión y análisis de información.**

##### **Residencia:** **Arequipa de preferencia.**


##### **Idiomas requeridos:** **español / se valorará el conocimiento de inglés a nivel básico o intermedio.**


##### **Viajes:** **NO APLICA**


* ##### **Conocimientos técnicos y habilidades específicas**
* + ##### **Manejo intermedio o avanzado de Excel y/o Google Sheets, incluyendo fórmulas, tablas dinámicas, validaciones, cruces de información y limpieza de bases de datos.**
	+ ##### **Capacidad para trabajar con bases de datos grandes, ordenarlas, depurarlas, documentar cambios y mantener criterios de trazabilidad y control de calidad.**
	+ ##### **Manejo de Google Workspace y Microsoft Office.**
	+ ##### **Deseable con conocimiento básico o intermedio de herramientas digitales para gestión, análisis o visualización de datos, como AppSheet, Looker Studio, Power BI o BigQuery.**
	+ ##### **Deseable conocimiento básico de indicadores, medios de verificación, bases de datos, protección de información, confidencialidad y documentación de proyectos.**
	+ ##### **Capacidad para revisar registros operativos, identificar errores, formular observaciones y dar seguimiento a la corrección de información pendiente.**

##### **Habilidades personales y profesionales (blandas \- deseables)**


* ##### **Alta atención al detalle, orden y precisión en el manejo de información.**
* ##### **Pensamiento lógico para identificar errores, inconsistencias o riesgos en bases de datos y registros operativos.**
* ##### **Capacidad para ejecutar instrucciones técnicas de manera clara, consistente y oportuna.**
* ##### **Disposición para seguir lineamientos definidos y validar antes de modificar criterios, fórmulas, formatos o estructuras.**
* ##### **Responsabilidad, comunicación clara y reserva en el manejo de información sensible.**
* ##### **Capacidad para coordinar con equipos de campo, resolver observaciones de información y comunicar hallazgos de manera clara y respetuosa.**
* ##### **Disposición para aprender herramientas digitales y adaptarse a procesos operativos del proyecto.**

##### **Responsabilidades de supervisión:** **No tiene responsabilidades de supervisión.**


##### **Dedicación:** **Trabajo a jornada completa.**

#### **Experiencia**


Preferido* Se valorará experiencia o conocimientos en el uso de herramientas digitales para la gestión y análisis de información.
* Experiencia en gestión y procesamiento de bases de datos, monitoreo de proyectos, análisis de información, gestión documental, soporte administrativo o técnico, o funciones afines.

#### **Educación**


Preferido* Algunos estudios superiores or better in Public Administration or related field
* Algunos estudios superiores or better in Sociology or related field
* Algunos estudios superiores or better in Engineering Computer Systems or related field
* Algunos estudios superiores or better in Business Administration or related field
* Algunos estudios superiores or better in Engineering or related field
* Algunos estudios superiores or better in Statistics or related field
* Algunos estudios superiores or better in Business Economics or related field

#### **Aptitudes**


Preferido* Critical Thinking
* Attention to Detail
* English
* Analytical
* Data Analysis
* Google Workspace
* Microsoft Office Suite

#### **Comportamientos**


Preferido* Entusiasta: Demuestra interés y placer intensos y desbordantes
* Invita a la reflexión: Capaz de provocar que otros piensen profundamente sobre un tema
* Trabaja en equipo: Trabaja bien como un miembro de un grupo
* Detallista: Capaz de realizar una tarea determinada con todos los detalles necesarios para hacer el trabajo bien hecho

#### **Motivaciones**


Preferido* Habilidad de tener un impacto: Inspirado al buen desempeño por la capacidad de contribuir al éxito de un proyecto o de la organización
* Logro de objetivos: Inspirado al buen desempeño mediante la ejecución de tareas
* Equilibrio entre el trabajo y la vida privada: Inspirado al buen desempeño por tener el tiempo suficiente para hacer su trabajo y atender a sus intereses fuera del trabajo
* Arranque automático: Inspirado al buen desempeño sin ayuda externa",,https://pe.indeed.com/cmp/Technoserve-Peru,,,,,,,,,,,,,"""Ciencias Sociales"""
in-ca036bf55cef4bf7,indeed,https://pe.indeed.com/viewjob?jk=ca036bf55cef4bf7,http://pe.indeed.com/job/analista-captaci%C3%B3n-de-fondos-ca036bf55cef4bf7,Analista Captación de Fondos,ASOCIACION KANTAYA,"Lima, LIM, PE",2026-07-03,fulltime,,,,,,False,,,,,"**\#OportunidadLaboral** ✨En Kantaya, asociación sin fines de lucro, buscamos transformar la vida de niños y niñas del Perú en situación vulnerable, con educación de calidad.

**Analista Captación de Fondos**

**Misión**: Liderar la identificación, formulación y postulación de oportunidades de financiamiento, asegurando propuestas de alta calidad alineadas a la estrategia de Kantaya, contribuyendo a la sostenibilidad financiera y escalabilidad de los programas.

**Principales Funciones:**

* Identificar y monitorear oportunidades de financiamiento nacionales e internacionales, priorizando aquellas alineadas con la estrategia e impacto de la organización.
* Liderar la formulación y presentación de propuestas a fondos y donantes, articulando información técnica, presupuestal y de resultados con las distintas áreas.
* Asegurar la calidad y cumplimiento de los requisitos, lineamientos y criterios de cada convocatoria o financiador.
* Gestionar la relación con donantes y aliados estratégicos, dando seguimiento a postulaciones, evaluaciones y oportunidades de colaboración.
* Preparar documentación institucional y reportes para financiadores, garantizando consistencia con los avances, resultados y compromisos del proyecto.

**Perfil que buscamos:**

* Profesional en Administración, Ciencias Sociales, Comunicación para el Desarrollo o carreras afines. Con formación en fundraising y diseño de proyectos sociales.
* Mínimo 3 años de experiencia en formulación de proyectos y captación de fondos, idealmente en el sector social o educativo.

**Conocimientos**: Redacción de propuestas de financiamiento (grants). Diseño de proyectos sociales. Elaboración de presupuestos. Inglés avanzado. MS Office intermedio\-avanzado. Excel intermedio\-avanzado. Herramientas colaborativas MS 365 (Outlook, OneDrive, Planner, Teams).

**Competencias**: Visión estratégica, comunicación escrita sólida, organización, proactividad y trabajo en equipo.

**Beneficios**: Trabajo con propósito e impacto social en la educación del Perú. Trabajo remoto con reuniones presenciales de 2 a 4 veces al mes. Convenios, capacitaciones y desarrollo profesional.

Lugar de trabajo: Híbrido en Lima, Lima",,https://pe.indeed.com/cmp/Asociacion-Kantaya-1,,,,,,,,,,,,,"""Ciencias Sociales"""
li-4444521075,linkedin,https://www.linkedin.com/jobs/view/4444521075,,Coordinador(a) de Análisis Promocional,Cencosud,"Miraflores, Lima, Peru",2026-07-30,fulltime,,,,,,False,mid-senior level,Sales,,,"Somos Cencosud, uno de los más grandes y prestigiosos conglomerados de retail en América Latina. En Perú, somos líderes del sector a través de nuestros formatos de supermercados e hipermercados Wong y Metro. Actualmente nos encontramos en búsqueda del mejor talento para desarrollarse como:
 



  





**COORDINADOR(A) DE ANÁLISIS PROMOCIONAL** 




  





**Misión** 




 Liderar la evaluación, monitoreo y optimización del desempeño de las promociones comerciales, asegurando que generen valor para el negocio y nuestros clientes mediante el análisis de indicadores, modelos analíticos y herramientas de medición que permitan maximizar la rentabilidad de las campañas promocionales y fortalecer la toma de decisiones comerciales.
 



  





**Funciones** 




 ▪ Liderar la evaluación del desempeño de las promociones comerciales, analizando su impacto en ventas, margen y rentabilidad.
 



 ▪ Estimar las ventas incrementales, margen y rentabilidad esperada de las campañas promocionales.
 



 ▪ Elaborar reportes de evaluación post promoción (Post Event Analysis), identificando oportunidades de mejora para futuras campañas.
 



 ▪ Monitorear permanentemente los indicadores de desempeño de cada campaña promocional.
 



 ▪ Identificar promociones con alta rentabilidad y aquellas que impactan negativamente en el margen comercial.
 



 ▪ Impulsar el desarrollo e implementación de herramientas de analítica avanzada y modelos predictivos para la optimización promocional.
 



 ▪ Implementar metodologías de medición que permitan evaluar la efectividad de las promociones comerciales.
 



 ▪ Analizar elasticidades y sensibilidad al precio y promociones por categoría, apoyando la toma de decisiones comerciales.
 



 ▪ Capacitar a usuarios internos en la interpretación de indicadores y resultados promocionales.
 



 ▪ Participar en proyectos de mejora continua relacionados con analítica comercial, pricing y transformación digital.
 



  





**Requisitos** 




 ▪ Bachiller o Titulado(a) en Economía, Ingeniería Industrial, Estadística, Ciencia de Datos o carreras afines.
 



 ▪ Experiencia mínima de
 **3 a 5 años** 
 en posiciones relacionadas con Pricing, Revenue Management, Inteligencia Comercial, Analítica Comercial o áreas afines.
 



 ▪ Experiencia mínima de
 **2 años** 
 desempeñando funciones similares.
 



 ▪ Experiencia en análisis de promociones, rentabilidad, indicadores comerciales y evaluación de campañas.
 



 ▪ Experiencia trabajando con grandes volúmenes de información y modelos analíticos.
 



 ▪ Deseable experiencia en empresas del sector Retail o Consumo Masivo.
 



 ▪ Deseable contar con estudios de Maestría en curso.
 



  





**Conocimientos** 




 ▪ Excel Avanzado.
 



 ▪ Power BI Avanzado.
 



 ▪ Herramientas de optimización, elasticidad y modelos analíticos.
 



 ▪ Capacidad de análisis numérico y modelamiento de información.
 



 ▪ Conocimiento de Pricing y Revenue Management.
 



 ▪ Modelos de personalización de promociones.
 



 ▪ Manejo intermedio de SQL.
 



 ▪ Manejo de ERP o motores promocionales.
 



 ▪ Inglés Intermedio.
 



  





**Beneficios** 




 ▪ Participación en utilidades.
 



 ▪ Cuponera de días libres.
 



 ▪ Horario de verano.
 



 ▪ Desarrollo profesional y participación en proyectos de alto impacto.
 



  





 ¡Sé parte del mejor equipo! ¡Contamos contigo!
 



 ""En esta empresa está prohibida la discriminación de acuerdo con la Ley N.° 29973, Ley General de la Persona con Discapacidad.""",Retail Apparel and Fashion,https://www.linkedin.com/company/cencosud-s-a-,https://media.licdn.com/dms/image/v2/C4E0BAQHPwGe8jr5xsQ/company-logo_100_100/company-logo_100_100/0/1630596662867/cencosud_s_a__logo?e=2147483647&v=beta&t=mDm82UN_38dZyNvJwLQcMU4J50vQFsI-rWxpP5v01i0,,,,,,,,,,,,"""Ciencias Sociales"""
li-4445192409,linkedin,https://www.linkedin.com/jobs/view/4445192409,,ANALISTA PREDIAL,ACCIONA,"Lima, Peru",2026-07-27,fulltime,,,,,,False,entry level,Other,,,"**Somos una compañía internacional formada por más de 65\.000 empleados y presente en más de 40 países de los cinco continentes. Líderes en innovación y desarrollo tecnológico, buscamos expertos en impulsar el desarrollo sostenible y encontrar soluciones a los mayores retos mundiales, como el calentamiento global, la superpoblación y la escasez hídrica.**
**Descripción del puesto**
**Misión**
 Realizar el seguimiento, supervisión y control de la gestión predial de los proyectos a su cargo, asegurando el cumplimiento de los objetivos de plazo, costo, calidad y gestión social, mediante la coordinación con consultoras externas, autoridades y grupos de interés, contribuyendo al desarrollo oportuno y sostenible de los proyectos.
   

  

**Requisitos del candidato**
**Acciona Transmisión Perú S.A.,** 
 se encuentra en la búsqueda de un(a) Analista Predial que contribuya en la gestión predial de nuestros proyectos de transmisión eléctrica, asegurando el cumplimiento de los plazos y estándares de calidad de la organización, con capacidad de organización, seguimiento y coordinación, interesados en desarrollar su experiencia en proyectos de infraestructura y gestión territorial.
   

  

**Funciones**
* Encargarse de la supervisión y monitoreo de la gestión predial del proyecto en el que participa.
* Realizar el seguimiento a las actividades de gestión predial ejecutadas por la consultora.
* cargo del proyecto velando por el cumplimiento de los objetivos de plazo y costo.
* Supervisar el avance y cumplimiento de las actividades realizadas por las consultoras externas, asegurando calidad, plazos y presupuesto
* Participar en procesos de negociación predial y reuniones con diversos actores.
* Contribuir al desarrollo e implementación de la estrategia de gestión social – predial del proyecto en colaboración con el coordinador de sostenibilidad.
* Participar en reuniones de seguimiento estratégicas de la gestión de permisos de los proyectos en los que participa.
* Elaborar reportes diarios, semanales y mensuales de avance predial, usando herramientas
* avanzadas de análisis y visualización (Excel, Power BI).
* Diseñar, revisar procesos internos de la gestión predial (flujos, formatos, matrices)
* Generar mapas, polígonos, capas temáticas y análisis espaciales para decisiones de la gerencia.
* Reportar los avances de la gestión predial de los proyectos en los que participa.
* Identificar, analizar y reportar riesgos e incidencias asociados a la gestión predial, proponiendo medidas de mitigación y planes de acción oportunos.
* Realizar el seguimiento al cumplimiento de los compromisos asumidos con propietarios, comunidades, autoridades y demás grupos de interés vinculados a la gestión predial.
* Administrar y mantener actualizada la información predial y documental de los proyectos,
* asegurando la trazabilidad y disponibilidad de la información.
* Coordinar con las áreas técnicas, legales, ambientales y de sostenibilidad para garantizar la adecuada ejecución de la gestión predial del proyecto.
* Elaborar indicadores de gestión (KPI) y cuadros de control que permitan monitorear el desempeño y avance de la gestión predial.
* Apoyar en la elaboración de presupuestos, cronogramas y proyecciones relacionados con la gestión predial de los proyectos.
* Demás funciones asignadas por el jefe directo.


**Perfil**
**Formación Académica / Titulación**
* Derecho, antropología, sociología, ingeniería industrial, ingeniería geógrafa o carreras afines relacionadas con la gestión territorial, social y predial.
* Se valorarán estudios de especialización o diplomados en gestión predial, gestión social, catastro, SIG o gestión de proyectos.


**Experiencia**
* Es necesaria la experiencia mínima de 4 años en la gestión predial de proyectos lineales.
* Experiencia en procesos de negociación, saneamiento físico\-legal, servidumbres y relacionamiento con propietarios y grupos de interés.
* Experiencia en supervisión y seguimiento de consultoras externas y contratistas.
* Se valorará experiencia en proyectos de infraestructura energética, especialmente líneas de transmisión y subestaciones eléctricas.


**Idiomas y nivel requerido**
* Nivel alto de español.
* Nivel intermedio\-avanzado de inglés (mínimo B2\), deseable para la elaboración y revisión de documentación técnica y coordinación con equipos internacionales.


**Conocimientos complementarios**
* Dominio avanzado de Excel (tablas dinámicas, dashboards).
* Manejo de Power BI para reportes dinámicos, tableros ejecutivos y análisis predial.
* Manejo de QGIS y/o Autocad y/o ArcGis para elaboración de mapas y análisis espacial.
* Conocimiento de normativa predial, servidumbres, adquisición de derechos superficiales y permisos aplicables a proyectos de infraestructura.
* Conocimiento en interpretación de planos, cartografía y sistemas de información geográfica (SIG).
* Alto nivel de gestión.
* Capacidad de análisis, negociación, planificación y resolución de conflictos.
* Manejo de indicadores (KPI) y herramientas de seguimiento y control de proyectos.
* Se valorará el conocimiento especifico en proyectos de líneas de transmisión.


**Disponibilidad para viajar** 
 – SI
   

  

* Disponibilidad para realizar viajes frecuentes a campo y supervisar actividades prediales en las zonas de influencia de los proyectos.


 ACCIONA ha recibido la certificación Top Employer 2024 y 2025\. Este sello reconoce a la Compañía como una de las mejores empresas para trabajar por su compromiso en situar la gestión de las personas como eje central de su estrategia. Somos una compañía con igualdad de oportunidades y estamos comprometidos con la diversidad. ACCIONA está alineada con la ley Nº 27278 y prohíbe la discriminación basada en el género, raza, religión o idioma.",Construction,https://es.linkedin.com/company/acciona,https://media.licdn.com/dms/image/v2/D4D0BAQGoNGuxWnH3Qg/company-logo_100_100/company-logo_100_100/0/1730799749003/acciona_logo?e=2147483647&v=beta&t=YcRt3IGhvi43pUF4NyTCOOI-KO9Iw_Nold1zP3TxDL0,,,,,,,,,,,,"""Ciencias Sociales"""
li-4442856595,linkedin,https://www.linkedin.com/jobs/view/4442856595,,COORDINADOR DE INFORMACIÓN TERRITORIAL PAÍS,cbc,"Lima, Peru",2026-07-27,fulltime,,,,,,False,mid-senior level,Other,,,"Somos una compañía comercializadora de bebidas y alimentos con 137 años de experiencia y operaciones en Centroamérica, el Caribe y Sudamérica. Contamos con el portafolio de productos más grande de la región y trabajamos junto a nuestros socios estratégicos Pepsico, Ambev y Beliv ofreciendo soluciones innovadoras a nuestros clientes.
   

  

 En cbc sabemos construir vínculos sólidos y duraderos. Sabemos escuchar a los consumidores para entender sus necesidades y ofrecerles las mejores marcas en las distintas ocasiones de consumo.
   

  

 Llevamos sabor y frescura al mundo con la ambición de convertirnos en una compañía multicategoría que siga expandiendo sus horizontes. Lo hacemos con el entusiasmo de ver sonreír a nuestro equipo, a los nuestros y a quienes disfrutan lo que hacemos.
   

  

 Nuestra cultura y energía transformadora tienen a la pasión como el motor que nos impulsa a ser mejores y a conquistar nuevos desafíos. Trabajamos con el disfrute de hacer juntos lo imposible.
   

  

**Job Description**
 Liderar la generación de insights comerciales mediante el análisis avanzado de información de ventas, rentabilidad, precios, promociones y portafolio, transformando datos en recomendaciones que maximicen el crecimiento rentable del negocio y soporten la toma de decisiones de Revenue Growth Management, Ventas, Marketing y Finanzas.
   

  

**Finalidades Específicas**
* Analizar el comportamiento del Net Sales Value (NSV), margen bruto y rentabilidad por canal, cliente, categoría y SKU.
* Identificar oportunidades de crecimiento rentable mediante análisis de mix, precio y volumen.
* Desarrollar modelos de Price Waterfall y Net Revenue Management.
* Monitorear Price Realization. Analizar brechas de precio frente a la competencia.
* Analizar canibalización e incrementalidad. Medir eficiencia del Trade Spend.
* Rentabilidad por cliente. Análisis de distribuidores. Price Leakage. Sell In vs Sell Out.
* Mix de portafolio. Desempeño de innovaciones. Productividad del portafolio.
* Gestionar Dashboards ejecutivos, Scorecards comerciales, KPIs de Revenue Management, Automatización de reportes y Gobierno de datos comerciales.
* Gestionar Forecast comercial, AOP, Rolling Forecast y Seguimiento de presupuesto comercial.


**Qualifications**
* Bachiller en Ingeniería Industrial, Ingeniería de Sistemas, Economía, Estadística, Ciencia de Datos, Administración.
* 01 año de experiencia como Analista en áreas de ventas, mercadeo, costos.
* Inglés Intermedio.",Software Development and IT Services and IT Consulting,https://gt.linkedin.com/company/somoscbc,https://media.licdn.com/dms/image/v2/C4D0BAQHuEyxobciRuQ/company-logo_100_100/company-logo_100_100/0/1631341815077?e=2147483647&v=beta&t=UCqYg1fPgrwuoz-9Ie0gZF7bW2GkC6aCiSsVEvSgarQ,,,,,,,,,,,,"""Ciencias Sociales"""
li-4445184507,linkedin,https://www.linkedin.com/jobs/view/4445184507,,GESTOR PREDIAL Y SOCIAL,ACCIONA,"Lima, Peru",2026-07-27,fulltime,,,,,,False,entry level,Other,,,"**Somos una compañía internacional formada por más de 65\.000 empleados y presente en más de 40 países de los cinco continentes. Líderes en innovación y desarrollo tecnológico, buscamos expertos en impulsar el desarrollo sostenible y encontrar soluciones a los mayores retos mundiales, como el calentamiento global, la superpoblación y la escasez hídrica.**
**Descripción del puesto**
**Misión**
 En
 **Acciona** 
 para su negocio de
 **Transmisión Perú S.A.,** 
 se requiere contratar un Gestor Predial y Social, para su proyecto CTMQ localizado en CUSCO:
   

  

 Brindar soporte en la gestión social y predial de los proyectos de transmisión eléctrica, asegurando el adecuado relacionamiento con las comunidades y propietarios involucrados, y contribuyendo a la implementación efectiva de las estrategias de gestión social y cumplimiento de compromisos asumidos.
   

  

**Requisitos del candidato**
**Funciones**
**Soporte Operativo:** 
 Brindar apoyo y acompañamiento al equipo responsable de la gestión predial y social en los proyectos asignados.
   

  

**Control de Compromisos:** 
 Realizar seguimiento al cumplimiento de acuerdos y compromisos establecidos con los diferentes grupos de interés.
   

  

**Control de reclamos:** 
 Implementar el procedimiento de atención de quejas, consultas y reclamos.
   

  

 Supervisión de Terceros: Hacer seguimiento a las contratistas para asegurar el cumplimiento del alcance de sus contratos.
   

  

**Gestión de Riesgos:** 
 Mapear y alertar de algún riesgo en la gestión predial y social.
   

  

**Manejo de Conflictos:** 
 Proponer estrategias para la solución de controversias o conflictos.
   

  

**Inversión Social:** 
 Implementar el programa de apoyo social a las comunidades campesinas que se encuentren en el tramo asignado.
   

  

**Representación en Campo:** 
 Asistir a reuniones con comunidades, autoridades locales, supervisiones u otros actores involucrados en los proyectos.
   

  

**Soporte Logístico:** 
 Gestionar los requerimientos logísticos necesarios para la implementación de actividades sociales o prediales.
   

  

**Comunicación interna:** 
 Mantener una comunicación constante con los equipos técnicos, legales y ambientales para asegurar la coherencia en la gestión territorial.
   

  

**Flexibilidad Operativa:** 
 Desempeñar otras funciones asignadas por su jefe directo relacionadas con la naturaleza del puesto.
   

  

**Perfil requerido**
**Formación Académica / Titulación**
* Bachiller de las carreras de agronomía, derecho, antropología o carreras afines.
* Curso de especialización o diplomado en gestión de conflictos socioambientales.


**Experiencia**
* Es necesaria la experiencia mínima de 03 año en gestión predial o social de proyectos lineales (gaseoducto, electricidad, carreteras).


**Idiomas y nivel requerido**
* Nivel intermedio\-avanzado (mínimo B2\)


**Conocimientos complementarios**
* Curso o taller en Relaciones Comunitarias, Mediación de Conflictos o Gestión predial.
* Conocimiento de herramientas digitales como Google Earth.
* Conocimiento de Microsoft office.


**Otros Requisitos**
* Licencia de conducir Categoría A\-1 – vigente (Deseable)


**Disponibilidad para viajar** 
 – SI
   

  

 ACCIONA ha recibido la certificación Top Employer 2024 y 2025\. Este sello reconoce a la Compañía como una de las mejores empresas para trabajar por su compromiso en situar la gestión de las personas como eje central de su estrategia. Somos una compañía con igualdad de oportunidades y estamos comprometidos con la diversidad. ACCIONA está alineada con la ley Nº 27278 y prohíbe la discriminación basada en el género, raza, religión o idioma.",Construction,https://es.linkedin.com/company/acciona,https://media.licdn.com/dms/image/v2/D4D0BAQGoNGuxWnH3Qg/company-logo_100_100/company-logo_100_100/0/1730799749003/acciona_logo?e=2147483647&v=beta&t=YcRt3IGhvi43pUF4NyTCOOI-KO9Iw_Nold1zP3TxDL0,,,,,,,,,,,,"""Ciencias Sociales"""
li-4446133649,linkedin,https://www.linkedin.com/jobs/view/4446133649,,COORDINADOR DE INFORMACIÓN TERRITORIAL PAÍS,cbc Perú,"Lima, Peru",2026-07-27,fulltime,,,,,,False,entry level,Other,,,"**Company Description**
 Somos una compañía comercializadora de bebidas y alimentos con 137 años de experiencia y operaciones en Centroamérica, el Caribe y Sudamérica. Contamos con el portafolio de productos más grande de la región y trabajamos junto a nuestros socios estratégicos Pepsico, Ambev y Beliv ofreciendo soluciones innovadoras a nuestros clientes.
   

  

 En cbc sabemos construir vínculos sólidos y duraderos. Sabemos escuchar a los consumidores para entender sus necesidades y ofrecerles las mejores marcas en las distintas ocasiones de consumo.
   

  

 Llevamos sabor y frescura al mundo con la ambición de convertirnos en una compañía multicategoría que siga expandiendo sus horizontes. Lo hacemos con el entusiasmo de ver sonreír a nuestro equipo, a los nuestros y a quienes disfrutan lo que hacemos.
   

  

 Nuestra cultura y energía transformadora tienen a la pasión como el motor que nos impulsa a ser mejores y a conquistar nuevos desafíos. Trabajamos con el disfrute de hacer juntos lo imposible.
   

  

**Job Description**
 Liderar la generación de insights comerciales mediante el análisis avanzado de información de ventas, rentabilidad, precios, promociones y portafolio, transformando datos en recomendaciones que maximicen el crecimiento rentable del negocio y soporten la toma de decisiones de Revenue Growth Management, Ventas, Marketing y Finanzas.
   

  

 Finalidades específicas:
   

  

* Analizar el comportamiento del Net Sales Value (NSV), margen bruto y rentabilidad por canal, cliente, categoría y SKU.
* Identificar oportunidades de crecimiento rentable mediante análisis de mix, precio y volumen.
* Desarrollar modelos de Price Waterfall y Net Revenue Management.
* Monitorear Price Realization. Analizar brechas de precio frente a la competencia.
* Analizar canibalización e incrementalidad. Medir eficiencia del Trade Spend.
* Rentabilidad por cliente. Análisis de distribuidores. Price Leakage. Sell In vs Sell Out.
* Mix de portafolio. Desempeño de innovaciones. Productividad del portafolio.
* Gestionar Dashboards ejecutivos, Scorecards comerciales, KPIs de Revenue Management, Automatización de reportes y Gobierno de datos comerciales.
* Gestionar Forecast comercial, AOP, Rolling Forecast y Seguimiento de presupuesto comercial.


**Qualifications**
* Bachiller en Ingeniería Industrial, Ingeniería de Sistemas, Economía, Estadística, Ciencia de Datos, Administración.
* 01 año de experiencia como Analista en áreas de ventas, mercadeo, costos.
* Inglés Intermedio.",Food and Beverage Services,https://pe.linkedin.com/company/cbcperu,https://media.licdn.com/dms/image/v2/C4E0BAQH1Ht-Rje_K5g/company-logo_100_100/company-logo_100_100/0/1630631164864/cbcperu_logo?e=2147483647&v=beta&t=PMJ9MTdo3w-b0PoCQEp4TldqoOabXbZTtKrKKXCwGBc,,,,,,,,,,,,"""Ciencias Sociales"""
li-4442771796,linkedin,https://www.linkedin.com/jobs/view/4442771796,,Analista de Insights/ Investigación de Mercado,NGR S.A.,"Lima, Peru",2026-07-27,fulltime,,,,,,False,mid-senior level,Analyst,,,"Únete a la Familia NGR y vive una experiencia ÚNICA!
 



 ¡En NGR tenemos el propósito de entregar cariño y energía a través del sabor y experiencias únicas y, para seguir trascendiendo con nuestro propósito, estamos buscando a nuestro/a próximo/a
 **ANALISTA DE INSIGHTS/ESTUDIO DE MERCADO** 




  





**¿Quiénes somos?** 




 Somos una gran familia con más de 8000 colaboradores/as apasionados/as por la gastronomía, pero sobre todo por nuestras personas. Contamos con 6 marcas increíbles:
 **Bembos, Chinawok, Don Belisario, Dunkin, Papa Johns y Popeyes** 
 .
 



 Adicionalmente, creemos firmemente que las diferencias nos enriquecen y el respeto nos une. Valoramos la diversidad y estamos comprometidos/as con la inclusión, respetando todas las formas de entregar cariño y energía.
 



  





**¿Cuáles serán tus principales retos y desafíos?** 



* Diseñar y ejecutar estudios de investigación de mercado y consumidor, desarrollando las actividades metodológicas y analíticas requeridas para responder a las necesidades del negocio.
* Procesar, integrar y analizar bases de datos e información de mercado, garantizando la calidad, consistencia y confiabilidad de los datos para la elaboración de indicadores y análisis.
* Monitorear y analizar indicadores de mercado elaborando reportes que permitan dar seguimiento a la evolución del negocio.
* Elaborar reportes, dashboards y presentaciones ejecutivas, traduciendo información compleja en recomendaciones accionables que apoyen la toma de decisiones estratégicas.
* Brindar soporte analítico y operativo en los proyectos e iniciativas del área, atendiendo requerimientos de información y contribuyendo a la ejecución del plan de investigación.



  





**¿Qué necesitas para ser el próximo/a Analista de Insights (Estudio de Mercado)?** 



* Bachiller y/o Titulado en, Ingeniería Industrial, Administración, Economía, Psicología del Consumidor, afines.
* Especialización o diplomado en Investigación de Mercados, Consumer Insight, Analítica de Datos, Business Intelligence o Estadística Aplicada.
* Experiencia de 03 años en general.
* Experiencia de 02 años en la posición y/o similares.
* Experiencia ejecutando estudios de mercado de principio a fin.
* Conocimientos de investigación de mercados. (cuantitativa y cualitativa).
* Manejo de bases de datos, análisis de información e interpretación, manejo de herramientas analítica y procesamiento de datos a nivel avanzado.
* Elaboración de reportes e indicadores (market share, KPIs).
* Conocimiento de metodologías y herramientas de investigación. (focus group, encuestas, otros).
* Dominio de Excel a nivel avanzado. (funciones avanzadas: Power Query, tablas dinámicas).
* Dominio de Power BI a nivel intermedio.
* Deseable dominio de Python/R a nivel básico.
* Dominio de Power Point a nivel avanzado.
* Deseable SPSS a nivel intermedio/avanzado.



  





**¿Qué te ofrecemos?** 



* Ser parte de una de las mejores empresas a nivel nacional con una cultura organizacional llena de cariño y energía (Puesto 5 en Great Place To Work 2026\)
* Oportunidades de crecimiento dentro de NGR.
* Ingreso a planilla con todos los beneficios de ley.
* 25% de descuento en todas nuestras marcas .
* Plataforma de descuentos corporativos en distintos ámbitos como Entretenimiento, Retail, Deporte, Etc.
* Acceso a plataforma de bienestar con psicología, medicina y nutrición.



  





 \*\*NGR es una empresa incluyente, que respeta la diversidad y no hace ningún tipo de discriminación\*\*",Restaurants,https://pe.linkedin.com/company/ng-restaurants-s-a-,https://media.licdn.com/dms/image/v2/D4E0BAQFmOc8BMqFTMg/company-logo_100_100/B4EZrGJpI5KoAQ-/0/1764261008629/ng_restaurants_s_a__logo?e=2147483647&v=beta&t=Rtlo2pjL9ZJFaTTKB614jBBsN1H3_HshgKDQqmF_6MQ,,,,,,,,,,,,"""Ciencias Sociales"""
li-4444438799,linkedin,https://www.linkedin.com/jobs/view/4444438799,,GUÍA UCV,Universidad César Vallejo,"Los Olivos, Peru",2026-07-23,fulltime,,,,,,False,mid-senior level,Management and Manufacturing,,,"Somos Universidad César Vallejo, una de las principales instituciones en el mercado educativo. Buscamos tu talento, súmate a nuestra gran familia.
   

  

 Solicitamos 01 Guías UCV para la Oficina de Acompañamiento Académico y Bienestar del Estudiante \- Lima.
   

  

**¡Requisitos de la posición!**
* Bachiller o titulado en carreras de Administración, Contabilidad, Negocios Internacionales, Psicología o afines.
* Experiencia mínima de 1 año (Indispensable).
* Manejo de Ms Office intermedio (Indispensable).
* Disponibilidad para laborar 45 horas semanales de lunes a domingo.


**¡Principales desafíos!**
* Establecer comunicación con estudiantes asignados, ofreciendo respuestas, información y recomendaciones.
* Hacer uso de la plataforma, para seguimiento a estudiantes, monitoreando asistencia, rendimiento, reporte de pagos, a fin de registrar sus acciones.
* Brindar información a los padres de familia sobre el rendimiento académico de los estudiantes u otros temas relacionados a su desempeño como estudiante, de acuerdo a las normas vigentes.
* Coordinar con áreas académicas y administrativas para apoyar de manera conjunta el desarrollo académico de los estudiantes asignados.
* Realizar acompañamiento para la identificación de necesidades y tomar acción con las áreas pertinentes.
* Brindar orientación a los estudiantes y familia sobre diversos temas académicos– formativos durante el periodo lectivo.
* Contribuir con la formación de los estudiantes, realizando observaciones pertinentes y promoviendo buenas prácticas sobre aspectos conductuales observados.
* Realizar el registro de sus acciones en plataforma de manera ordenada y en el tiempo pertinente para la generación de informes automatizados.
* Participar de los programas de recuperación de estudiantes de los programas académicos: Vuelve a casa, UCV contigo y otros que tuvieran objetivo semejante.
* Monitorear el cierre del proceso de registro de matrícula con sus estudiantes.
* Realizar reuniones periódicas con sus estudiantes para la orientación respectiva a temas académicos\-administrativos.
* Establecer comunicación permanente con los coordinadores de escuela, a fin de informar sobre necesidades de estudiantes respecto a temas relacionados con su escuela.
* Cumplir con todas las pautas y lineamientos especificados en la directiva emitida por la dirección.
* Participar de comisiones de trabajo encargadas por el(la) Vicerrector(a) de Bienestar y Responsabilidad Social Universitaria.
* Crear el usuario en plataforma institucional a los padres u otros miembros de la familia de los estudiantes de la Universidad.
* Otras funciones que asigne el(la) \*Coordinador(a) de Acompañamiento Académico y Bienestar del Estudiante y las que se coordinen con los Coordinadores de Escuela alineadas a las funciones descritas en el presente documento.


**¡Beneficios UCV!**
* Ingreso a planilla a partir del primer día.
* Convenios institucionales y educativos.
* Grato ambiente laboral.


 «En UCV valoramos y respetamos las características individuales de las personas. Esta posición forma parte de nuestra cultura organizacional y a la vez nos permite estar alineados a la Ley 29973 y 26772″
   

  

 Recuerda que al dar clic en POSTULARME deberás completar tus evaluaciones en tu página de candidato. La postulación estará completa una vez que termines todas las evaluaciones.",Higher Education,https://pe.linkedin.com/school/ucvperu/,https://media.licdn.com/dms/image/v2/C4E0BAQFVRhw13r39Pg/company-logo_100_100/company-logo_100_100/0/1630563995677/universidad_cesar_vallejo_logo?e=2147483647&v=beta&t=IPZ8gwgDzcdK2VRTVJrqGzKui3XcCECRNPAJ9frsQQs,,,,,,,,,,,,"""Ciencias Sociales"""
li-4431203103,linkedin,https://www.linkedin.com/jobs/view/4431203103,,Category Planner,Tottus,"Lima, Peru",2026-07-14,fulltime,,,,,,False,mid-senior level,Marketing and Sales,,,"**Descripción Empresa**
 Somos más de 88 mil personas que cada día trabajamos por el firme Propósito \- Simplificar y Disfrutar más la Vida. Estamos presentes en 9 países y compuestos por cinco grandes marcas posicionadas de diversas industrias: Falabella Retail, Sodimac, Banco Falabella, Tottus y Mallplaza. Cada una de éstas nos hace ser quienes somos, y es entre todos, como Un Solo Equipo, que buscamos diariamente reinventarnos y superar las experiencias de nuestros clientes.
   

  

 Un Equipo lleno de sueños que hace que las cosas pasen. nos atrevemos a emprender e innovar, a tomar riesgos y a generar oportunidades que nos permitan estar siempre a la vanguardia lo que nos lleva a reinventarnos para entregar la mejor experiencia de compra en cualquier punto de encuentro con nosotros.
   

  

**Misión Del Cargo**
 Actuar en la estratégica y táctica de las categorías, integrando comercial, mercado, clientes y operaciones.maximizar resultados.
   

  

**Funciones Del Cargo**
 Desarrollar y actualizar planes estratégicos de categoría alineados con los objetivos de la compañía.
   

  

 Identificar oportunidades de crecimiento, innovación y optimización del portafolio.
   

  

 Definir estrategias de surtido, segmentación y posicionamiento de categorías.
   

  

 Analizar tendencias de consumo, comportamiento del shopper y evolución del mercado.
   

  

 Monitorear el desempeño de las categorías y proponer acciones correctivas cuando sea necesario.
   

  

 Analizar indicadores clave como ventas, margen, participación, rotación, inventarios y rentabilidad.
   

  

 Generar reportes ejecutivos y recomendaciones para la toma de decisiones.
   

  

 Identificar riesgos y oportunidades mediante el análisis de datos internos y externos.
   

  

 Gestionar y asegurar la calidad de la información utilizada en la planificación.
   

  

 Apoyar iniciativas de mejora continua orientadas a la eficiencia y rentabilidad de las categorías.
   

  

 Realizar revisiones periódicas de desempeño y presentar planes de acción.
   

  

 En Falabella Perú fomentamos una cultura inclusiva y diversa, enfocada en la equidad y el respeto por las distintas perspectivas. Esto abarca aspectos como género, religión, discapacidad, identidad LGBTQ\+, etnia y diversidad. Por ello, todos nuestros procesos de selección se desarrollan bajo este principio.
   

  

**Requisitos**
* Profesional en Administración de Empresas, Ingeniería Comercial, Economía, Ingeniería Industrial
* De 3 a 5 años de experiencia en planificación comercial, category management, inteligencia comercial
* Experiencia en empresas de retail, supermercados, consumo masivo o distribución.
* Experiencia en análisis de datos y gestión de indicadores comerciales.
* Conocimiento técnico en Gestión de categorías y Category Management.
* Excel avanzado.
* Conocimiento en herramientas de planogramación
* Pensamiento analítico y estratégico.
* Influencia y trabajo colaborativo.
* Influencia y trabajo colaborativo.


**Condiciones Oferta**
 Descripción proceso de selección:
   

  

 El proceso de selección se realiza a través de Aira \- plataforma de reclutamiento diseñado para mejorar tu experiencia de postulación.
   

  

**Para Postular Solo Necesitas**
* Postular a la oferta
* Revisar tu email
* Ingresar a Aira y contestar las preguntas y/o pruebas solicitadas


 Luego, si vemos que tu perfil se ajusta a lo que estamos buscando, te contactaremos por email (a través de Aira) para seguir a la etapa presencial.",Retail,https://cl.linkedin.com/company/supermercados-tottus,https://media.licdn.com/dms/image/v2/D4E0BAQFdhljwb57T4A/company-logo_100_100/company-logo_100_100/0/1686245795559/supermercados_tottus_logo?e=2147483647&v=beta&t=gqVcxyvXQEsFHq7Yrd9mERlPmgDGlhzrR7clBY_AQGU,,,,,,,,,,,,"""Ciencias Sociales"""
li-4435600776,linkedin,https://www.linkedin.com/jobs/view/4435600776,,Gestor de Bienestar Social - Unidad Minera,Compañía de Minas Buenaventura,"Lima, Peru",2026-07-09,fulltime,,,,,,False,entry level,Health Care Provider,,,"En Buenaventura nos encontramos en búsqueda de un
 **Gestor de Bienestar Social** 
**– Unidad Minera:**
**Principales Responsabilidades**
* Desarrollar programas y actividades que aborden las necesidades de bienestar de la empresa. Esto podría incluir programas de apoyo emocional, actividades recreativas, talleres educativos, y otros servicios para mejorar la calidad de vida de las personas.
* Trabajar en conjunto con otros departamentos y equipos dentro de la organización para coordinar esfuerzos y garantizar una experiencia integral de bienestar
* Administrar los recursos necesarios para llevar a cabo programas exitosos, como presupuesto, personal, materiales y espacios.
* Evaluar regularmente la efectividad de los programas implementados y recopilar retroalimentación de los participantes para realizar ajustes y mejoras según sea necesario.
* Dar a conocer los programas de bienestar a través de estrategias de promoción y comunicación efectivas.
* En algunos casos, podrías estar involucrado en el manejo de situaciones individuales de personas que requieren apoyo y asistencia específica.
* Seguimiento de Tendencias y Mejores Prácticas: Mantenerte al tanto de las tendencias en el campo del bienestar social y adoptar las mejores prácticas para asegurar que los programas sean relevantes y efectivos.


**Perfil Profesional**
* Administración, Ingeniería Industrial, Economista, o fines con experiencia previa en gestión de programas de bienestar en empresas de más de 1000 trabajadores.
* Habilidades de liderazgo, comunicación efectiva y trabajo en equipo.
* Empatía y sensibilidad para abordar una variedad de necesidades y situaciones.
* Dominio de Excel, Power Point, Power BI.


***¡IMPORTANTE!***
***Buenaventura no solicita pagos de ningún tipo para participar en sus procesos de selección. Tampoco publica convocatorias laborales por Facebook, WhatsApp u otras redes o sitios que no sean nuestra web corporativa (www.buenaventura.com) o las páginas ""Trabaja con Nosotros"", LinkedIn y Bumeran. Además, somos una empresa que cree y promueve la inclusión e igualdad entre hombres y mujeres, y está en contra de cualquier tipo de discriminación.***",Mining,https://pe.linkedin.com/company/minasbuenaventura,https://media.licdn.com/dms/image/v2/D4E0BAQH2LjYmgFOvRw/company-logo_100_100/B4EZ5LJlncIwAI-/0/1779377265362/minasbuenaventura_logo?e=2147483647&v=beta&t=TYmrnJ7Al8C8b_HrghRE7UKH1M1r-QkaTlz2l3AHQ_E,,,,,,,,,,,,"""Ciencias Sociales"""
li-4434589680,linkedin,https://www.linkedin.com/jobs/view/4434589680,,RELACIONISTA COMUNITARIO,Consorcio Minero Horizonte,"Puno, Puno, Peru",2026-07-07,fulltime,,,,,,False,mid-senior level,Other,,,"Importante Compañía Minera Aurífera se encuentra en la búsqueda de un(a)
 **Relacionista Comunitario** 
 , quien será responsable de fortalecer las relaciones con las comunidades y grupos de interés del área de influencia de la unidad minera, promoviendo un clima social favorable que contribuya al desarrollo sostenible de las operaciones y proyectos de la compañía.
   

  

**¿Cuáles serán tus principales responsabilidades?**
* Levantar y actualizar la información social de las comunidades y grupos de interés mediante el mapeo de actores.
* Ejecutar e implementar las estrategias, planes y proyectos de relaciones comunitarias en el área de influencia de la unidad minera.
* Fortalecer el relacionamiento con autoridades, líderes comunales y demás grupos de interés, promoviendo el diálogo, la negociación y la gestión de convenios.
* Identificar, analizar y monitorear los riesgos sociales, proponiendo acciones preventivas para una adecuada gestión comunitaria.
* Supervisar el cumplimiento de los compromisos sociales y ambientales asumidos por la compañía, elaborando los reportes correspondientes.
* Coordinar con las diferentes áreas de la organización para asegurar la correcta ejecución del Plan de Relaciones Comunitarias y los programas sociales.


 Requisitos
   

  

  

* Profesional en Ciencias Sociales, Ciencias de la Salud o carreras afines.
* Especialización en Gestión Social o afines (indispensable).
* Experiencia mínima de 3 años en posiciones afines.
* Dominio del idioma quechua.
* Conocimientos en relaciones comunitarias, gestión de conflictos y administración.
* Manejo de Microsoft Office a nivel intermedio y herramientas de inteligencia artificial.
* Disponibilidad para laborar bajo régimen de trabajo.


 Beneficios
   

  

* Ingreso a planilla con todos los beneficios de ley.
* Pertenecer a una sólida empresa del sector minero y formar parte del Grupo Consorcio Minero Horizonte.
* Oportunidades de desarrollo profesional y capacitación continua.
* Excelente clima laboral y una cultura enfocada en la seguridad, la mejora continua y la excelencia operativa.


**Condiciones**
* Régimen de trabajo atípico.
* Lugar de trabajo Unidad Minera ubicada en Puno.
* Disponibilidad para realizar viajes a las comunidades y zonas de influencia de la operación.


 Empresa peruana que realiza labores de exploración, explotación y metalurgia de minerales auríferos.",Mining,https://pe.linkedin.com/company/consorcio-minero-horizonte,https://media.licdn.com/dms/image/v2/D4E0BAQGF-jNnv7aq7Q/company-logo_100_100/B4EZmqnnScGcAQ-/0/1759504136253/consorcio_minero_horizonte_logo?e=2147483647&v=beta&t=-oxE6OKdTftLrlavMCFcTDAQCZHmdjpBxK-yU6PeXqA,,,,,,,,,,,,"""Ciencias Sociales"""
li-4447516373,linkedin,https://www.linkedin.com/jobs/view/4447516373,,ANALISTA DE EXPERIENCIA DIGITAL Y ADOPCIÓN,Universidad Norbert Wiener,"Lima, Peru",,fulltime,,,,,,False,not applicable,Management and Manufacturing,,,"En la Universidad Norbert Wiener nos encontramos en búsqueda de un
 **Analista de Experiencia Digital y Adopción** 
 responsable de impulsar mejoras en la experiencia digital de estudiantes, docentes y colaboradores, promoviendo la adopción de soluciones digitales y la optimización de procesos que contribuyan a una experiencia institucional simple, eficiente y centrada en el usuario.
   

  

**Principales Responsabilidades**
* Analizar recorridos y experiencias digitales de estudiantes y usuarios internos.
* Identificar oportunidades de mejora en procesos digitales.
* Participar en el diseño y seguimiento de iniciativas orientadas a mejorar la experiencia digital.
* Levantar requerimientos funcionales y documentar procesos actuales y futuros.
* Apoyar actividades de adopción y gestión del cambio.
* Monitorear indicadores de experiencia, satisfacción y adopción.
* Elaborar análisis y propuestas de mejora continua.
* Coordinar con áreas usuarias, tecnología y proveedores para la implementación de mejoras.


**Nuestro(a) Próximo(a) Colaborador Debe Contar Con**
* Estudios universitarios concluidos de las carreras de Ingeniería Industrial, Ingeniería de Sistemas, Administración, Marketing o carreras afines.
* Experiencia mínima de 3 años en áreas de experiencia digital, transformación digital, mejora de procesos o experiencia de cliente en entidades del sector educativo.


 En Grupo Wiener promovemos una cultura basada en la inclusión, diversidad y respeto por los derechos de todas las personas.
   

  

 Estamos comprometidos con un ambiente libre de discriminación, en cumplimiento de la Ley N.º 29973\.
   

  

 ¡Súmate a nuestro propósito y forma parte de una institución socialmente responsable!",Commercial and Service Industry Machinery Manufacturing,https://pe.linkedin.com/school/universidadnorbertwiener/,https://media.licdn.com/dms/image/v2/D4E0BAQEOdmY8nYMYFg/company-logo_100_100/B4EZ9I7aT0HsAI-/0/1783634961944/universidadnorbertwiener_logo?e=2147483647&v=beta&t=ZeSo6ZwSbJSF8SRjgmUCBLQG2bVVTv_fE5HmYX3a9tM,,,,,,,,,,,,"""Ciencias Sociales"""
in-5987bb844c604fe8,indeed,https://pe.indeed.com/viewjob?jk=5987bb844c604fe8,http://pe.indeed.com/job/practicante-comercial-estrat%C3%A9gico-5987bb844c604fe8,Practicante Comercial Estratégico,CONSULTORA DE ASESORIA EMPRESARIAL JB EIRL,"Lima, LIM, PE",2026-07-25,internship,,,,,,False,,,,,"En **Consultora de Asesoría Empresarial JB**, actualmente nos encontramos en la búsqueda de **PRACTICANTE DE DESARROLLO COMERCIAL (SIN EXPERIENCIA)** para integrarse al equipo de **Dirección Comercial y Alianzas Corporativas**.

**Requisitos:**

✅ **Formación**: Estudiante universitario (del 6to al 9no ciclo) y/o egresado (a) de las carreras de Administración de Empresas, Relaciones Internacionales, Administración y Marketing, Ingeniería Empresarial, Ingeniería Industrial, Ingeniería Comercial, Negocios Internacionales o carreras afines.

✅ **De preferencia tener disponibilidad en el turno de 11am a 5pm.**

✅ Conocimientos en la prospección y captación de clientes corporativos (B2B), ventas consultivas y negociación comercial, atención y seguimiento de clientes, gestión comercial y desarrollo de negocios.

✅ Conocimientos y aplicaciones básicos en herramientas de inteligencia artificial aplicadas al desarrollo comercial (ChatGPT, Microsoft Copilot, Gemini u otras herramientas de IA)

✅ Manejo básico de canales digitales de prospección (LinkedIn, Facebook, Whatsapp) y dominio en Microsoft Excel, Word, Power Point, Canva.

✅ **Contar con herramienta tecnológico para el trabajo remoto.**

**✅ Disponibilidad para desplazarse a universidades, institutos, empresas de clientes según necesidad (DESEABLE)**

**Funciones:**

1\. Identificar y prospectar potenciales clientes corporativos mediante herramientas digitales, redes profesionales y otras fuentes de información, contribuyendo al crecimiento comercial de la consultora.

2\. Brindar soporte en la elaboración, personalización y presentación de propuestas comerciales, cotizaciones y documentación institucional dirigida a clientes.

3\. Realizar seguimiento permanente a oportunidades comerciales, reuniones, negociaciones y acuerdos, asegurando la actualización continua del estado de cada prospecto.

4\. Mantener organizada y actualizada la base de datos comercial, registrando información relevante de clientes, contactos, oportunidades y resultados obtenidos.

5\. Coordinar con las diferentes áreas de la consultora para recopilar información técnica necesaria para la elaboración de propuestas y atención de requerimientos de clientes.

6\. Apoyar en reuniones comerciales, visitas corporativas y presentaciones institucionales, fortaleciendo la relación con clientes potenciales y actuales.

**¿Qué ofrecemos?**

\- Prácticas bajo la modalidad Híbrida (70 % Remoto y 30% Campo/ Presencial)

\- **No es necesario contar con experiencia previa\- Nosotros te capacitamos desde el primer día.** 

\- **Comisiones de cierre de venta:** 8% \- 10% por cada contrato realizado.

\- **Bono de Puntualidad:** S/100, por cumplimiento de horarios, reuniones y seguimientos comerciales.

\- Día Libre por cumpleaños.

\- Beneficios corporativos JB con marcas aliadas.

\- **Horario Laboral:** De Lunes a viernes de 11am a 5pm (30 horas semanales)

\- Certificación al culminar las prácticas pre profesionales.

Pregunta(s) de postulación:

* 1\. ¿Cuántos años tienes? (Coloque su edad)
* 2\. ¿Cuál es tu número de celular y/o WhatsApp para contactarnos?
* 3\. ¿Actualmente en que distrito resides?
* 4\. ¿Estás de acuerdo con realizar tus prácticas de manera híbrida (Remoto, Campo y Presencial) en el distrito de SJL?
* 5\. Mencionar el grado académico, nombre de la Universidad y tus horarios de estudio detalladamente (Ejem: Estudiante del 8vo ciclo de Administración de Empresas)
* 6\. ¿Cuentas con disponibilidad para realizar tus prácticas en un horario de 30 horas semanales, de lunes a viernes de 11:00 a.m. a 5:00 p.m.?
* 7\. Si tuvieras que buscar nuevos clientes desde cero para la Consultora JB, ¿por dónde comenzarías y por qué?

Lugar de trabajo: Híbrido en Lima, Lima",,https://pe.indeed.com/cmp/Consultora-De-Asesoria-Empresarial-Jb-Eirl-1,,,,,,,,,,,,,"""Relaciones Internacionales"""
in-a9a265f9b68d2a8e,indeed,https://pe.indeed.com/viewjob?jk=a9a265f9b68d2a8e,http://pe.indeed.com/job/practicante-de-dise%C3%B1o-grafico-o-publicitario-audioisualv2-practicas-pre-profesionales-a9a265f9b68d2a8e,PRACTICANTE DE DISEÑO GRAFICO o PUBLICITARIO - AUDIOISUALV2 - Practicas Pre Profesionales,,"Remote, PE",2026-07-22,"temporary, parttime, internship",,,,,,True,,,,,"Empresa RYBIU, empresa líder en la importación, distribución y comercialización de productos de diversas categorias.

Principal proveedor de las principales plataformas Retail del mercado como Saga, Plaza Vea, Real Plaza Go, Promart entre otros.

Estamos en busca de practicante con deseos de aprender diversas tareas en las diversas áreas de la empresa. Carrera de Administración, Ing. Industrial, Relaciones Internacionales, o carreras afines.

**FUNCIONES**:

**Diseño**

\- Diseñar piezas gráficas para redes sociales, página web, marketplace y material publicitario de la empresa.  
\- Crear contenido visual atractivo alineado con la identidad de marca  
\- Desarrollar material gráfico para lanzamientos de productos, promociones y eventos.

**Marketing**

\- Planificar y ejecutar campañas de marketing digital.  
\- Gestionar y optimizar el contenido visual de productos en plataformas de Marketplace (imágenes, banners, videos).  
\- Apoyar en la planificación y ejecución de campañas de marketing digital.  
\- Desarrollar material gráfico y audiovisual para lanzamientos, promociones y eventos.  
\- Administrar y actualizar contenido en redes sociales, garantizando una comunicación visual efectiva.  
\- Coordinar con el equipo para mejorar el posicionamiento de la marca y aumentar el alcance de las campañas.

**Audiovisual**

\- Crear contenido audiovisual atractivo alineado con la identidad de marca.  
\- Planificar, grabar y editar contenido audiovisual para campañas digitales, redes sociales y promociones.

**Requisitos**

\- No es necesaria experiencia previa.  
\- Muchas ganas de aprender y crecer profesionalmente.  
\- Creatividad, proactividad y disposición para trabajar en equipo.

Sueldo: S/.1,130\.00 la hora

Lugar de trabajo: Empleo remoto",,https://pe.indeed.comNone,,,,,,,,,,,,,"""Relaciones Internacionales"""
in-04bdf98f8d1815a1,indeed,https://pe.indeed.com/viewjob?jk=04bdf98f8d1815a1,https://carrera.deloitteslatam.com/job/Asentamiento-Humano-Mi-Peru-Consultor%28a%29-Snr-Migratorio-Lima/1415027633/,Consultor(a) Snr Migratorio,Deloitte,"Lima, LIM, PE",2026-07-14,,,,,,,False,,,,,"**Fecha:** 14 jul 2026
  
  

**Ubicación:** Perú, Lima
  
  

**\#job\-location.job\-location\-inline { display:** inline; }
  
  

**Empresa:** deloittemx
  
  

¿Cómo es el día a día de la posición?
  
Como Consultor(a) Senior GES Migración – Impuestos aplicarás de manera efectiva la comprensión de normas fiscales, movilidad, conceptos, fallos y regulaciones claves de inmigración, Mobility Tax. Comprenderás los beneficios y explicarás de manera eficiente las aplicaciones de Global Advantage (GA). Formarás parte de equipos de trabajo para avanzar hacia la automatización fiscal y la introducción de nuevos enfoques. Realizarás los procesos, procedimientos y uso de tecnología de movilidad.
  
Trabajarás en un ambiente dinámico y enriquecedor con personas de diferentes culturas, perspectivas, especialidades y conocimientos. Juntos(as), creamos soluciones únicas y de calidad, superando las expectativas y alcance de nuestros proyectos y clientes. Nos motiva generar un impacto significativo en todo lo que hacemos.
  
  

¿Qué se necesita para aplicar?
  
* Egresado(a) en Derecho, Relaciones Internacionales o carreras afines.
* 3 a 7 años de experiencia.
* Conocimientos: Aspectos migratorios en el rubro de personas físicas.
* Inglés intermedio.
* Herramientas: Microsoft Office.
* Habilidades: Capacidad de análisis e interpretación de resultados, proactividad, capacidad de toma de decisiones, capacidad de transmitir conocimientos, comunicación efectiva, organización, orientación a resultados, negociación, solución de problemas, trabajo en equipo.


¿Por qué Deloitte?
  
Con nuestro trabajo creamos un impacto significativo, que marca una diferencia positiva en nuestros(as) clientes, la sociedad y el planeta. Colaboramos en distintos proyectos con personas que nos escuchan, inspiran, alientan y apoyan a dar lo mejor de nosotros(as) mismos(as).
  
Para Deloitte, nuestro desarrollo integral es una prioridad. A través de las oportunidades de aprendizaje, movilidad, voluntariado y la asesoría personalizada de nuestros(as) líderes, crecemos en nuestras carreras y formamos lazos que perduran.
  
  

Siguientes pasos
  
¿Estas listo(a) para crear un impacto? Te estamos buscando, postúlate.",,https://pe.indeed.com/cmp/Deloitte,https://d2q79iu7y748jz.cloudfront.net/s/_squarelogo/256x256/b245a75ba4a28df29f8f1551ac296deb,http://www.deloitte.com,"New York, NY","10,000+",more than $10B (USD),"We’re a leading professional services firm, but what makes working at Deloitte unique? When you join us, you become connected. To inspiring people. To meaningful work with fascinating clients.",,,,,,,"""Relaciones Internacionales"""
in-d3046c82114c6246,indeed,https://pe.indeed.com/viewjob?jk=d3046c82114c6246,https://careers-didiglobal.icims.com/jobs/20503/job?utm_source=indeed_integration&iis=Job%20Board&iisn=Indeed&indeed-apply-token=73a2d2b2a8d6d5c0a62696875eaebd669103652d3f0c2cd5445d3e66b1592b0f,Sr. CKA Hunter,DiDi Global,"Lima, LIM, PE",2026-07-06,,,,,,,False,,,,,"Company Overview:

DiDi es la plataforma de tecnología de movilidad más grande del mundo. Con más de 10 años en el mercado, somos la empresa líder en servicios basados en aplicaciones para transporte inteligente, entrega de alimentos y servicios de pago. Haciendo la vida mejor y más fácil para las personas todos los días.
Cuando te unes a Didi, vas a formar parte de una comunidad abierta, inclusiva y diversa de más de 12,000 empleados en todo el mundo. Desde el primer día encontrará una rica cultura global colaborativa donde sus responsabilidades tendrán un impacto directo en la estrategia y el crecimiento de la empresa.
\#LI\-Hybrid Team Overview:

 City Key Account Hunter – DiDi Food  

  

¿Eres un apasionado del cierre de acuerdos con una motivación imparable por conquistar nuevos mercados? En DiDi Food buscamos un Sr. City Key Account Hunter que lidere nuestro crecimiento identificando, convenciendo y sumando a los mejores restaurantes de la ciudad.


Role Responsibilities:
* Identificar y prospectar las mejores marcas y restaurantes en tu territorio mediante trabajo de campo, llamadas en frío, networking y estrategias de alcance directo.
* Comprender las necesidades de cada potencial socio y presentar propuestas de valor personalizadas que conviertan prospectos en aliados a largo plazo.
* Superar objeciones con negociación estratégica y empatía para asegurar cierres exitosos.
* Construir relaciones sólidas con tomadores de decisiones (dueños, gerentes de operación, etc.) para establecer alianzas duraderas de alto impacto.
* Colaborar con equipos multifuncionales para garantizar un servicio y soporte excepcionales a nuevos socios.
* Proporcionar reportes semanales con insights relevantes del mercado y desempeño comercial.
* Superar tus metas comerciales con una mentalidad competitiva y enfoque en resultados.
* Liderar el plan de lanzamiento de los primeros 90 días de cada nueva cuenta, asegurando un arranque sólido.

Role Qualifications:
* \+3 años de experiencia en ventas comerciales, B2B o desarrollo de negocios, con historial comprobado en cierre de acuerdos y negociación de contratos complejos.
* Licenciatura en Administración, Mercadotecnia, Relaciones Internacionales o afines.
* Mentalidad Hunter: proactivo, orientado a objetivos, resiliente y con alta automotivación.
* Excelentes habilidades de comunicación e influencia a todos los niveles.
* Alta adaptabilidad y autonomía para operar en entornos dinámicos y con ritmo acelerado.
* Inglés intermedio y experiencia con sistemas CRM.
* Conocimiento básico o intermedio de Excel.

EEO Statement:  

* Creamos valor para nuestros clientes: nos esforzamos por crear siempre experiencias valiosas para nuestros usuarios en todo lo que hacemos. Nuestro enfoque es siempre innovar nuevas experiencias que sean seguras, placenteras y eficientes.
* Nos basamos en los datos: creemos firmemente en tomar decisiones informadas, por eso nos basamos en los datos. Podemos navegar mejor por el panorama empresarial estratégicamente mediante el análisis de métricas valiosas.
* Creemos en la colaboración de ganar\-ganar: el éxito es un deporte de equipo. Cuando trabajamos para ayudar a nuestros socios y
* los compañeros ganan, nosotros también ganamos. Mientras nos preocupamos por los mejores intereses de todos, nos comunicamos con franqueza y ejecutamos con excelencia en todo lo que hacemos.
* Creemos en la integridad: la integridad es el núcleo de nuestro negocio. Somos personas que siempre queremos hacer lo correcto. Nuestras intenciones son sinceras, decimos lo que pensamos y nos escuchamos unos a otros.
* Siempre nos esforzamos por hacerlo mejor. Eso significa aventurarse más allá de nuestras zonas de confort, aprender de nuestros errores y ayudarnos a crecer unos a otros.
* Creemos en la diversidad y la inclusión: la diversidad es una de nuestras mayores fortalezas. Nuestras diferencias son las que nos hacen distintos. Nos respetamos y creemos en la igualdad de oportunidades para todos.

 **Estamos comprometidos con desarrollar equipos diversos e inclusivos**  

En DiDi creemos que nuestras diferencias son nuestra mayor fortaleza. Es por eso que estamos comprometidos con crear y promover igualdad de oportunidades para todos los empleados.  

Las decisiones de empleo y desarrollo en DiDi, siempre se basan en las necesidades de la posición y habilidades del candidato. No discriminamos a ningún empleado o aplicarte por raza, edad, sexo, genero, orientación sexual, nacionalidad, estado civil, embarazo, raza, religión o cualquier otro estado protegido por las leyes aplicables donde operamos.  

Estamos comprometidos con desarrollar equipos diversos e inclusivos, además de un espacio de trabajo libre de discriminación, es así como creamos mejores productos y servicios, tomamos mejores decisiones y servimos a la comunidad de la cual somos parte. ***Confirmo que antes de ingresar mi postulación ya he leído y acepto el aviso de privacidad para candidatos que está disponible en*** ***https://careers.didiglobal.com/terms***",,https://pe.indeed.com/cmp/Didi-Global-1,https://d2q79iu7y748jz.cloudfront.net/s/_squarelogo/256x256/b0d85b92b3d4509d6e755d1802a10a55,https://ir.didiglobal.com/,"Address: No. 1 Block B, Shangdong Digital Valley No. 8 Dongbeiwang West Road Haidian District, Beijing, People's Republic of China",,,,,,,,,,"""Relaciones Internacionales"""
li-4425177333,linkedin,https://www.linkedin.com/jobs/view/4425177333,,Compliance Officer,Cuatrecasas,"Lima, Peru",2026-07-30,fulltime,,,,,,False,mid-senior level,Other,,,"**DESCRIPCIÓN EMPRESA**
 Cuatrecasas, firma de abogados internacional con marcada implantación en España, Portugal y América Latina, cuenta con un equipo multidisciplinar y diverso de más de 1\.900 profesionales en 26 oficinas con 29 nacionalidades de 12 países, que cubren todas las disciplinas del derecho de empresa y trabajan en colaboración constante, compartiendo retos y aunando esfuerzos para superar siempre las expectativas de nuestros clientes.
   

  

 Con las personas siempre en el centro, en Cuatrecasas incorporamos profesionales del más alto potencial, valorando la diversidad y apostando por la igualdad de oportunidades. Queremos que cada persona, con independencia de su origen, sexo, raza, color, características genéticas, lengua, religión o convicciones, opiniones políticas o de cualquier otro tipo, nacimiento, discapacidad, edad u orientación e identidad sexual, sienta que puede desarrollarse profesionalmente en un ambiente de confianza y seguridad.
   

  

 Únete a nosotros y forma parte de un gran equipo, plenamente cohesionado y con pasión por lo que hace. Súmate a un proyecto profesional lleno de desafíos y oportunidades, en un excelente ambiente de trabajo y un entorno tan global y heterogéneo como innovador.
   

  

**Compliance Officer**
**MISIÓN DEL PUESTO**
 En CUATRECASAS buscamos un Oficial de Cumplimiento para ser responsable de garantizar que Cuatrecasas Perú cumpla con las regulaciones y leyes vigentes en materia de prevención, en general, y, en concreto, de lavado de activos y financiación del terrorismo, atendiendo a los requerimientos corporativos y de la normativa local. Además, tendrás entre tus cometidos hacer extensiva la normativa interna de la Firma a su actividad en Perú.
   

  

**FUNCIONES**
**Sus Principales Funciones Son**
* Asistir en el diseño, implementación y mantenimiento de sistemas de prevención de LA/FT y de prevención de delitos.
* Realizar análisis de riesgos y evaluación de controles internos para asegurar el cumplimiento normativo, según la metodología de análisis establecida por la Firma.
* Dar apoyo a la identificación, análisis y admisión de clientes en cumplimiento de la normativa LA/FT y a la normativa española en la materia, así como en la identificacion y análisis de otras terceras partes en relación con el programa de prevención de delitos.
* Monitorear y actualizar las políticas y procedimientos de cumplimiento de aplicación a nivel global, manteniéndolos alineados con la normativa vigente. Monitoreo de efectividad de controles.
* Apoyo en los procesos de remediación de hallazgos, deficiencias y debilidades de control identificadas sobre los sistemas de control interno y programas de asuntos relacionados con la ética y de cumplimiento de Cuatrecasas Perú.
* Reportes internos y externos, asegurando una comunicación clara y precisa con los organismos reguladores pertinentes.
* Interlocución con abogados y socios del despacho para transmitir la normativa interna del despacho.


**REQUISITOS MÍNIMOS**
* Formación universitaria en Derecho.
* Experiencia acreditada mínima de cuatro años en el cargo como Oficial de Cumplimiento en empresas de consultoría, prestación de servicios profesionales o despacho de abogados.
* Valorable formación específica en sistema de prevención de delitos y SPLAFT.
* Conocimientos en normativa de protección de datos.
* Experiencia en el diseño e implementación de sistemas de prevención de delitos y SPLAFT, realización de análisis de riesgos, elaboración de capacitaciones y adaptaciones de la normativa de la sociedad matriz a la legislación local.
* Conocimiento del marco legislativo y regulatorio que regula la UIF y CONTRALAFT.
* Familiaridad con regulaciones y estándares internacionales de cumplimiento.


**COMPETENCIAS** 
****Y HABILIDADES****
* Excelentes habilidades de comunicación y capacidad para interactuar con diferentes niveles jerárquicos dentro de la organización.
* Perfil internacional en constante evolución y aprendizaje, capaz de trabajar en un entorno flexible, colaborativo, 3\.0 y multidisciplinar.
* Profesional capaz de generar y compartir nuevos conocimientos demostrando sensibilidad a las necesidades de negocio y en búsqueda continua de la eficiencia y la excelencia.",Law Practice,https://es.linkedin.com/company/cuatrecasas,https://media.licdn.com/dms/image/v2/D4E0BAQFThcYxbxiBxA/company-logo_100_100/B4EZ9hRK_aHoAI-/0/1784043319490/cuatrecasas_logo?e=2147483647&v=beta&t=HrQ6U7cY89L_rVPoyuJ_a5zDZ_SDgrkldGi2Y4SQMyg,,,,,,,,,,,,"""Relaciones Internacionales"""
li-4444594463,linkedin,https://www.linkedin.com/jobs/view/4444594463,,Analista de Clima y Cultura,Empresa Confidencial,"Lima, Peru",2026-07-30,fulltime,,,,,,False,entry level,Human Resources,,,Empresa confidencial se encuentra en búsqueda de un Analista de Clima y Cultura,Retail,https://br.linkedin.com/company/empresa-confidencial,https://media.licdn.com/dms/image/v2/D4D0BAQE5LKe2moMnHg/company-logo_100_100/company-logo_100_100/0/1736630274411/empresa_confidencial_logo?e=2147483647&v=beta&t=sS0AldO_PjNIlU-TC-ehYg2AY8a1l3UgmPDGUK8kH-M,,,,,,,,,,,,"""Relaciones Internacionales"""
li-4445037692,linkedin,https://www.linkedin.com/jobs/view/4445037692,,Coordinador de Comunicación Digital- Comunicación Externa,Industrias San Miguel,"Santiago de Surco, Peru",2026-07-30,fulltime,,,,,,False,mid-senior level,Advertising,,,"*MISION DEL PUESTO:* 




 Liderar la estrategia de comunicación digital y gestión reputacional de ISM, integrando escucha activa, análisis del entorno y criterio editorial para construir y gestionar la narrativa institucional, anticipar riesgos reputacionales y promover mensajes, contenidos y acciones de comunicación que fortalezcan la confianza, el posicionamiento y las relaciones con los grupos de interés del Grupo del equipo de Perú.
 



  





*FUNCIONES DEL PUESTO:* 



1. Implementar y optimizar la estrategia de comunicación digital corporativa del Grupo, alineando con la estrategia de reputación, sostenibilidad, propósito corporativo y relacionamiento con grupos de interés, a fin de fortalecer el posicionamiento institucional y la confianza de los stakeholders.
2. Gestionar la agenda editorial de manera permanente, monitoreando el entorno informativo, los medios de comunicación, las tendencias y la conversación digital; con el fin de identificar oportunidades de posicionamiento y asegurar una comunicación alineada con las prioridades del negocio.
3. Administrar y asegurar la gestión integral de los canales digitales institucionales, garantizando el cumplimiento de gobierno editorial, consistencia narrativa, calidad de contenido, lineamientos de marca y flujos de aprobación, con el fin de fortalecer la presencia digital y la reputación del grupo y de la Asociación Jorge Añaños \& Tania Alcázar.
4. Planificar, producir y gestionar contenidos en formatos periodísticos, audiovisuales y digitales, mediante la investigación, redacción, edición y adaptación de mensajes y piezas de comunicación alineadas al criterio editorial institucional, para fortalecer la narrativa corporativa.
5. Implementar monitoreo de medios y la escucha activa del entorno digital, mediante herramientas de social listening y análisis reputacional, a fin de anticipar riesgos, identificar tendencias, oportunidades y expectativas de los stakeholders, así como generar alertas e información estratégica para la toma de decisiones comunicacionales.
6. Coordinar la gestión comunicacional de incidentes y situaciones de crisis, en conjunto con la Jefatura de Comunicación Externa, mediante la activación de protocolos, elaboración de mensajes clave, definición de rutas de escalamiento y seguimiento en tiempo real, con el fin de proteger la reputación institucional.
7. Diseñar, coordinar e implementar campañas de comunicación corporativa en canales digitales, desarrollando estrategias, planes de contenido y acciones de difusión alineadas a iniciativas de reputación, sostenibilidad, ciudadanía corporativa, marca empleadora e hitos institucionales, para fortalecer la confianza y el posicionamiento con los grupos de interés.
8. Gestionar la pauta digital asociada a las campañas, coordinando con agencias especializadas y equipos de Paid Media el plan de medios, la segmentación de audiencias, inversión, formatos y optimización de campañas, para maximizar el alcance y el cumplimiento de los objetivos reputacionales.
9. Aplicar herramientas de inteligencia artificial generativa y analítica digital de manera responsable, para recopilación y síntesis de información, generación y adaptación de contenidos, automatización de reportes y simulación de escenarios; garantizando el cumplimiento de criterios de calidad, fuentes, privacidad, transparencia, derechos de autor y mitigación de sesgos.
10. Elaborar y presentar reportes ejecutivos de desempeño e impacto comunicacional, mediante el análisis de indicadores de alcance de calidad, engagement, tráfico, sentimiento, share of voice, riesgos reputacionales, respuesta de stakeholders y eficiencia de campañas, con el fin de facilitar la toma de decisiones y proponer mejoras basadas en evidencia.
11. Coordinar transversalmente con las áreas, unidades de negocio, voceros y socios externos de comunicación, alineando mensajes, iniciativas, planes y entregables con la estrategia de comunicación corporativa y reputacional, para asegurar una narrativa institucional consistente y fortalecer las relaciones con los grupos de interés del Grupo.
12. Impulsar la mejora continua del ecosistema digital institucional del grupo y de la Asociación Jorge Añaños \& Tania Alcazar, promoviendo buenas prácticas de SEO, GEO, experiencia de usuario (UX), accesibilidad, analítica digital, gestión de contenidos y lineamientos de marca, con el propósito de optimizar la visibilidad, experiencia y reputación de los activos digitales de la organización.



  





*PERFIL DEL PUESTO:* 



1. **Estudios:** 
 Licenciado/Titulado en Ciencias de la Comunicación, Periodismo, Comunicación Corporativa, Relaciones Públicas o carreras afines.
2. **Experiencia:** 
 De 03 a 05 años de experiencia en puestos de comunicación corporativa digital, reputación o gestión editorial de canales.
3. **Conocimientos:**


* Inglés Intermedio (indispensable)
* Comunicación, reputación y gestión de crisis.
* Periodismo digital y gestión de agenda noticiosa.
* Social listening, inteligencia de medios y analítica digital.
* Campañas de comunicación, planificación de pauta y gestión de presupuestos.
* Storytelling y producción de contenidos multimedia.
* Herramientas Digitales: Monitoreo de medios y social listening (Meltwater, Brandwatch, Talkwalker, Sprinklr o similares) \- Nivel Intermedio
* Gestión y analítica de canales (GA4, Looker Studio, Meta Business Suite, LinkedIn, YouTube, TikTok, Metricool/Hootsuite y CMS) \- Nivel Avanzado.
* Campañas y pauta (Meta Ads, LinkedIn Campaign Manager, Google Ads, YouTube Ads u otros): segmentación, presupuesto, optimización y brand safety \- Nivel Intermedio
* IA aplicada a comunicación (ChatGPT, Copilot, Gemini, Claude o similares): prompting, síntesis, análisis, producción asistida y automatización de reportes, con verificación humana \- Nivel Avanzado
* SEO, GEO, CMS",Food and Beverage Services,https://pe.linkedin.com/company/industriassanmiguel,https://media.licdn.com/dms/image/v2/D560BAQE536d_UnOqrQ/company-logo_100_100/B56Z6tWSqkI8AI-/0/1781024763027/industriassanmiguel_logo?e=2147483647&v=beta&t=h7VPjgDhShZyLNp-7fFP_JlzqfnrbGLrLm7WXDY540A,,,,,,,,,,,,"""Relaciones Internacionales"""
li-4445159148,linkedin,https://www.linkedin.com/jobs/view/4445159148,,ANALISTA DE INTELIGENCIA COMERCIAL,Universia Perú,,2026-07-27,fulltime,,,,,,False,not applicable,Analyst,,,"**Descripción del puesto** 




 Somos una empresa peruana dedicada a la comercialización y exportación de productos, comprometida con la calidad, la innovación y el desarrollo de nuevos mercados internacionales. Buscamos incorporar a nuestro equipo un profesional que contribuya con el crecimiento y fortalecimiento de nuestra estrategia comercial.
 



  





**Requisitos** 



* Investigar y analizar mercados nacionales e internacionales.
* Identificar nuevos mercados, clientes y oportunidades de negocio.
* Evaluar el potencial comercial de nuevos productos para su comercialización y exportación.
* Monitorear tendencias de mercado, precios internacionales y comportamiento de la competencia.
* Elaborar estudios de mercado, indicadores e informes ejecutivos para la toma de decisiones.
* Prospectar clientes potenciales y realizar seguimiento a oportunidades comerciales.
* Participar en el desarrollo de estrategias para la diversificación de mercados y productos.
* Mantener actualizada la información comercial y de inteligencia de mercados.



  





**Información adicional** 



* Estudios universitarios concluidos (bachiller o titulado) en Negocios Internacionales, Administración, Economía, Ingeniería Industrial, Ingeniería Comercial, Comercio Exterior o carreras afines.
* Experiencia mínima de 2 años en inteligencia comercial, análisis de mercados, comercio exterior, desarrollo de negocios o posiciones similares.
* Conocimiento de comercio internacional y procesos de exportación.
* Manejo de Excel a nivel avanzado y Power BI.
* Manejo de herramientas de inteligencia comercial (Trade Map, SIICEX, Veritrade o similares).
* Inglés a nivel intermedio o avanzado.
* Disponibilidad para viajar a las oficinas del interior del país.",International Trade and Development,https://pe.linkedin.com/company/universia-per%C3%BA,https://media.licdn.com/dms/image/v2/C4E0BAQFjNjS5DI_0Xw/company-logo_100_100/company-logo_100_100/0/1631304516552?e=2147483647&v=beta&t=xA5at42Ki0TAs7VB60DWUq_E3cfHMlEOzpUMLUgfYnw,,,,,,,,,,,,"""Relaciones Internacionales"""
li-4441861183,linkedin,https://www.linkedin.com/jobs/view/4441861183,,IDB Invest - Institutional and Corporate Legal Affairs Division - Compliance Officer,IDB Invest,"Lima, Peru",2026-07-25,contract,,,,,,False,mid-senior level,Legal,,accommodations@iadb.org,"**We improve lives**
 IDB Invest is the private sector arm of the IDB Group and an international financial institution committed to addressing thedevelopment needs of Latin America and the Caribbean. Our mission is to support sustainable enterprises and projects thatdeliver financial results while maximizing social and environmental impact in the region.
   

  

 IDB Invest operates in 26 countries, structured across four geographic regions and three industry verticals: Infrastructure andEnergy, Financial Intermediaries, and Corporates.
   

  

**About This Position**
 We are looking for a strategic, independent, and collaborative Compliance Officer. As Compliance Officer, you will support the management of non\-financial risks such as integrity, AML/CFT, operational conflicts of interest, and related compliance matters, while serving as a strategic partner to business teams and championing sound risk management.
   

  

 Our Legal Department advises Management, the Board of Executive Directors, and the Board of Governors on all legal mattersrelating to IDB Invest. As part of its functions, the Legal Department provides full legal support to Non\-Sovereign Guaranteed(NSG) operations throughout the entire transaction cycle, including origination, portfolio management, workouts, and thedevelopment of new products. Also, we provide legal advice on all institutional and financial matters for IDB Invest, includinggovernance, financial management, institutional integrity, and administration of human resources.
   

  

 You will work in the Compliance function (GCL/ICL Compliance), part of the Legal Department (GCL). This team is responsible for providing advice and compliance oversight in relation to non\-financial risks related to investments, advisory work, and corporate functions, including integrity, ethics and reputational risks, operational conflicts of interest, AML/CFT and economic sanctions, nominee directorships, and material non\-public information.
   

  

**What You’ll Do**
* Advise on the identification, management, and mitigation of operational conflicts of interest in investment and advisory operations.
* Support KYC requests from counterparties and assist in the design and execution of AML/CFT program controls, including reviews of economic sanctions matters.
* Conduct integrity due diligence and provide support on anti\-corruption laws, regulations, and related compliance programs.
* Advise on nominee directorships in coordination with business teams and the Corporate Governance Officer.
* Apply sound judgment and a practical approach to address IDB Invest’s non\-financial risk profile.
* Assist in the development and implementation of policies, procedures, and guidelines to prevent, detect, assess, and mitigate compliance risks.
* Support implementation of compliance processes and controls in IDB Invest systems, including business requirements, testing, and coordination with internal teams.
* Develop and deliver training programs, outreach initiatives, and internal knowledge\-sharing resources for personnel and Management.
* Liaise with other IDB Group entities, other multilateral development banks, and external stakeholders on substantive compliance matters.
* Monitor global initiatives and private sector developments to benchmark compliance approaches against international best practices.


**What You'll Need**
* Education: Master's degree (Juris Doctor, LL.M., or equivalent degree) from an accredited university. Candidates with other advanced degrees at the master’s level, such as an MBA, may also be considered if they demonstrate relevant compliance experience in financial services.
* Experience: At least 4 years of experience, strongly preferred between 5 to 10 years of relevant experience, with a strong background in international business and finance transactions, gained at a well\-recognized law firm, regulated financial institution, or international financial institution. The ideal candidate will have advised on one or more of the following: anti\-corruption, economic sanctions, AML/CFT, regulatory compliance, international business transactions, or litigation.
* Languages: Proficiency in English and one of the other Bank official languages (Spanish, French or Portuguese) is required, with Spanish preferred.
* Strong personal integrity and commitment to ethical conduct and professional values.
* Ability to work independently with sound judgment, including knowing when to escalate, while maintaining strong working relationships.
* Excellent writing skills, experience delivering engaging workshops and training, familiarity with integrity and AML/CFT standards, data analytics and reporting skills, and advanced proficiency in Microsoft Office Apps.


*Please note that for this position, the final candidates will be required to successfully pass a background check to the satisfaction of the IDB Group, as a pre\-employment condition, which will be conducted by third\-parties.*
**Requirements**
* Citizenship: You are either a citizen of the corresponding post of duty or with residency or legal permit to work in the corresponding post of duty.
* Consanguinity: You have no family members (up to the fourth degree of consanguinity and second degree of affinity, including spouse) working at the IDB, IDB Invest, or IDB Lab.


**Type of contract and duration**
* Staff: National staff contract, 36 months initially, renewable upon mutual agreement.


**What We Offer**
 The IDB group provides benefits that respond to the different needs and moments of an employee's life. These benefits include:
   

  

* A competitive compensation package
* Leaves and vacations: 24 days of paid time off \+ 8 personal days \+ sick leave \+ gender\-neutral parental leave
* Health Insurance: IDB Group provides employees and eligible dependents with a robust medical benefits program that covers medical, dental, vision, preventive care, and prescription drugs.
* Pension plan: defined benefit pension plan that provides financial security and support employees in planning for their future.
* On\-site position with the occasional flexibility of teleworking.
* Health and well\-being: Access to our Health Services Center that provides preventive care and health education for employees.
* Development support: We offer tools to boost your professional profile, such as mentoring, 1:1 professional counseling, training and learning opportunities, language classes, mobility options, among others.


**Our culture**
 At the IDB, we work so everyone brings their best and authentic selves to work while finding their purpose. Our people consistently strive for excellence, and we recognize and celebrate the impact of their contributions.
   

  

 In our efforts to drive innovation, we intentionally include all voices, cultivate a sense of belonging and champion fairness. We welcome individuals from underrepresented groups to join us and share their unique perspectives.
   

  

 We ensure that individuals with disabilities are provided reasonable accommodations to participate in the job interview process. If you require an accommodation to complete this application, please email us at accommodations@iadb.org.
   

  

 \#IDBInvest",International Trade and Development,https://www.linkedin.com/company/idbinvest,https://media.licdn.com/dms/image/v2/D4E0BAQFOXfNJzkKOkw/company-logo_100_100/company-logo_100_100/0/1714667244432/idbinvest_logo?e=2147483647&v=beta&t=Bpfa95YAQSESboIDnOUPVOThxF2jDW__BRVP7nQDlFA,,,,,,,,,,,,"""Relaciones Internacionales"""
li-4432738366,linkedin,https://www.linkedin.com/jobs/view/4432738366,,Procurador Legal,EY,,2026-07-23,fulltime,,,,,,False,associate,"Design, Art/Creative, and Information Technology",,,"En EY, nos encontramos en búsqueda de profesionales apasionados y visionarios como tú, que estén dispuestos a unirse a nosotros en la construcción de un mundo mejor de negocios. Como parte de una red global de servicios profesionales, te unirías a más de 280,000 profesionales distribuidos en 150 países y 700 oficinas alrededor del mundo. Nuestra práctica local cuenta con más de 2,400 colaboradores en 4 ciudades y atiende a los grupos económicos más grandes del país, lo que nos convierte en los líderes de servicios profesionales del Perú. Nuestro objetivo es desarrollar líderes excepcionales y valorar la diversidad y la inclusión
   

  

 Requisitos:
   

  

* Egresado técnico y/o bachiller de Administración, Archivo o afines.
* Experiencia de 1 año a más realizando trámites migratorios ante entidades del estado (migraciones, relaciones exteriores, Interpol, etc.).
* Deseable experiencia en Estudio de abogados y/o Consultoras.
* Inglés básico \- intermedio (deseable).


 Funciones:
   

  

* Acompañamiento al personal extranjero para citas ante Interpol y Migraciones.
* Presentación de documentos ante diversas entidades (migraciones, relaciones exteriores, consulados, entre otras).
* Acudir a citas de informes ante migraciones para ver el estado de expedientes.
* Obtención de citas en Interpol.",Professional Services,https://uk.linkedin.com/company/ernstandyoung,https://media.licdn.com/dms/image/v2/C510BAQGpRhkpxp5A9A/company-logo_100_100/company-logo_100_100/0/1630570672166/ernstandyoung_logo?e=2147483647&v=beta&t=b0upZAfAhCLoq3ru166xwEzp681OHwS_p2jRguRs5Fo,,,,,,,,,,,,"""Relaciones Internacionales"""
li-4442720918,linkedin,https://www.linkedin.com/jobs/view/4442720918,,Communications Manager,Pfizer,"Lima, Peru",2026-07-20,fulltime,,,,,,False,mid-senior level,"Marketing, Public Relations, and Writing/Editing",,,"**Use Your Power for Purpose**
 At Pfizer, the Global Supply division is pivotal in shaping and maintaining our reputation and perceptions. This role offers a unique opportunity to make a significant impact on improving patients' lives. By leveraging best practices in branding, digital strategies, media, and planning, you will be instrumental in our mission to be recognized as the most patient\-centric company. Your efforts will ensure that our brand resonates with patients and stakeholders alike, driving our commitment to excellence and innovation in healthcare.
   

  

**What You Will Achieve**
 In this role, you will:
   

  

* Lead and co\-lead moderately complex projects, effectively managing time and resources, and provide guidance to operational teams.
* Apply skills and discipline knowledge to contribute to departmental work, making decisions to resolve moderately complex problems and operating independently in ambiguous situations.
* Work independently on assignments, seek directional review from others, and mentor colleagues by reviewing their work.
* Utilize judgment and experience to potentially become a resource for others, and plan public relations programs to enhance Pfizer's relations with various stakeholders.
* Manage internal and external communication materials, including company publications, industry articles, and press releases.
* Develop and implement a colleague engagement program to foster a culture of scientific innovation and patient impact.
* Guide activities such as multimedia events, leader coaching, branding, manager toolkits, and training, while collaborating with corporate project teams to enhance corporate reputation.
* Identify innovative ways to engage colleagues through events, communication tools, and internal communication vehicles, ensuring the Pfizer intranet is updated and user\-friendly.
* Work with leadership to grow their social media profiles, create opportunities for editorial cross\-pollination, and manage an integrated editorial program across multiple channels.
* Collaborate with brand teams to facilitate a cohesive media and brand approach, monitor and measure communication program success, and support global reputation initiatives and change management.


**Here Is What You Need (Minimum Requirements)**
* BA/BS with at least 6 years of experience or MBA/MS with at least 2 years of experience or PhD/JD with any years of experience.
* Strong background in developing and managing a wide array of communications projects within an organization.
* Demonstrated expertise in crafting and implementing strategic, insight\-driven, and measurable communications programs.
* Deep understanding of current trends in marketing media.
* Ability to lead or collaborate effectively with diverse cross\-functional teams.
* Exceptional written and oral communication skills.
* Proficiency in digital communication tools and platforms.


**Bonus Points If You Have (Preferred Requirements)**
* Master's degree with relevant pharmaceutical experience
* Exceptional public speaking and media relations skills
* Proven track record in global product communications, media relations, or public relations
* Experience in managing large\-scale multimedia events and leader communications
* Ability to develop and implement colleague engagement programs
* Expertise in optimizing intranet design and architecture
* Experience using common AI tools, including generative technologies such as ChatGPT or Microsoft Copilot, to support problem solving and enhance productivity. Demonstrated curiosity for exploring how these tools can improve outcomes and understanding of responsible AI practices, including risk management and ethical use


**Other Job Details**
* Work Location Assignment: On\-site 2\-3x/week or as needed by the business
* Last day to apply for job: July 31


**EEO (Equal Employment Opportunity) \& Employment Eligibility**
 Pfizer is committed to equal opportunity in the terms and conditions of employment for all employees and job applicants without regard to race, color, religion, sex, sexual orientation, age, gender identity or gender expression, national origin, or disability.
   

  

 To learn more about acceptable and prohibited uses of AI during the recruitment process, please review our candidate AI\-use guidelines available on Pfizer Careers.
   

  

 Public Affairs \& Communication",Pharmaceutical Manufacturing,https://www.linkedin.com/company/pfizer,https://media.licdn.com/dms/image/v2/D4D0BAQERpLAiIJVVMw/company-logo_100_100/B4DZf1t8KvGsAQ-/0/1752174150996/pfizer_logo?e=2147483647&v=beta&t=RbBQWin5mcpfV3Hun2q-Dup_i8Ua8XuauVT_jzLbm38,,,,,,,,,,,,"""Relaciones Internacionales"""
li-4442146395,linkedin,https://www.linkedin.com/jobs/view/4442146395,,Coordinador(a) de Exámenes Internacionales - Centro de Idiomas | Desarrollo Comercial,Universidad Continental,"Lima, Peru",2026-07-17,fulltime,,,,,,False,mid-senior level,Education and Sales,,,"Si tienes experiencia desarrollando alianzas estratégicas en el sector educativo y te apasiona generar nuevas oportunidades de negocio, esta oportunidad es para ti.
 



  





**¿Qué buscamos?** 



* Bachiller en Educación, Administración o carreras afines.
* Experiencia mínima de 2 años en un rol comercial, gestionando convenios y alianzas con instituciones educativas.
* Experiencia en prospección y desarrollo de cartera de clientes.
* Inglés intermedio (indispensable).
* Deseable conocimiento en exámenes internacionales como Cambridge, Michigan u otros.



  





**Tu principal reto será:** 



* Generar alianzas con instituciones educativas y empresas.
* Impulsar campañas junto a los equipos de Marketing y Comercial.
* Coordinar la planificación y ejecución de exámenes internacionales, garantizando altos estándares de calidad.
* Fortalecer la relación con clientes e instituciones, asegurando una excelente experiencia de servicio.



  





**¿Qué ofrecemos?** 



* Planilla completa desde el primer día.
* Capacitación continua y desarrollo profesional.
* Descuentos en programas académicos nacionales e internacionales.
* EPS de libre afiliación y utilidades.
* Formar parte de una organización con propósito y proyección internacional.



  





 Si cuentas con un perfil comercial, dominio del inglés y deseas desarrollarte en el sector educativo, ¡queremos conocerte!",Higher Education,https://pe.linkedin.com/school/universidad-continental/,https://media.licdn.com/dms/image/v2/D560BAQH5a7NstPNFRg/company-logo_100_100/company-logo_100_100/0/1707176695910/universidad_continental_logo?e=2147483647&v=beta&t=eYowOetGaAaN3ahSiEyRQQ4-I6hjcTd0L_FQgOTvjsc,,,,,,,,,,,,"""Relaciones Internacionales"""
li-4432848979,linkedin,https://www.linkedin.com/jobs/view/4432848979,,MANAGER RELACIONES LABORALES,Scotiabank,"San Isidro, Peru",2026-07-17,fulltime,,,,,,False,mid-senior level,Human Resources,,,"Requisition ID: 265596
   

  

 Thanks so much for been interested to be part of Scotiabank Peru. In this company we are focus on hire talented people that want to develop an amazing career, achieving their goals and been aligned with our main purpose. This is the start of an incredible journey, we wish the best to you!
   

  

**Propósito**
 El/la
 **Gerente, Relaciones Laborales y con los Empleados en Peru** 
 cumple un rol fundamental para fomentar un entorno laboral seguro, respetuoso, responsable e inclusivo en Scotiabank, mediante la gestión proactiva de los riesgos de conducta, cultura y laborales. Este rol apoya a las/los líderes de empleados y a las/los empleados en la resolución de asuntos laborales complejos, incluida la resolución de disputas y las investigaciones.
   

  

**Responsabilidades**
* Gestión de casos e investigaciones
* Gestionar de manera independiente los casos de Relaciones Laborales y con los Empleados que requieran experiencia en derecho laboral, el Código de Conducta de Scotiabank y las políticas globales de RR. HH.
* Realizar investigaciones formales sobre denuncias de falta grave (p. ej., acoso, discriminación, violencia u otras infracciones al Código de Conducta de Scotiabank), ya sea de forma independiente o en colaboración con otros equipos de investigación.
* Brindar apoyo para la resolución temprana y/o mediación a líderes de empleados y empleados.
* Liderar entrevistas a empleados, analizar los hechos, preparar informes de investigación y presentar hallazgos y recomendaciones a la alta dirección.
* Asesoría y acompañamiento (coaching)
* Actuar como asesor(a) de confianza para líderes de empleados, empleados y HRBP, brindando orientación sobre asuntos laborales, gestión del desempeño y resolución de conflictos, garantizando consistencia global y cumplimiento.
* Demostrar capacidad y flexibilidad al formular recomendaciones para responder a los requisitos cambiantes de un negocio o circunstancia en particular.
* Proporcionar acompañamiento proactivo para favorecer una toma de decisiones sólida, alineada con las políticas y marcos de riesgo de Scotiabank, evitando resultados que sienten precedentes.
* Gestionar, cuando corresponda, la terminación de la relación laboral, tras analizar y evaluar las circunstancias de cada caso, aplicando siempre las disposiciones legales aplicables y procurando minimizar los riesgos.
* Aplicar, cuando corresponda, medidas disciplinarias, tras analizar y evaluar las circunstancias de cada caso, la gravedad de la falta y su impacto en el Banco.
* Alianzas estratégicas e información (insights)
* Colaborar con los HRBP en iniciativas estratégicas, tales como reorganizaciones, cambios en los términos y condiciones de empleo y reestructuraciones.
* Identificar tendencias y aportar información a la alta dirección para orientar la estrategia de RR. HH., la gestión del talento y la mitigación de riesgos.
* Impartir capacitación a líderes de empleados y empleados sobre temas de Relaciones Laborales y con los Empleados, según se requiera.
* Demostrar innovación identificando proactivamente eficiencias que mejoren los procesos, resultados y prestación del servicio de Relaciones Laborales y con los Empleados.
* Gestionar los procesos de salida (offboarding) vinculados con la terminación de la relación laboral, incluidos, entre otros, casos por desempeño, reestructuración o faltas graves, conforme a las políticas del Banco y la legislación aplicable.
* Cumplimiento y gestión de riesgos
* Garantizar el cumplimiento de los marcos de riesgo operativo, cumplimiento regulatorio, AML/ATF y riesgo de conducta en todas las actividades de Relaciones Laborales y con los Empleados.
* Mantener documentación de casos precisa y sustentable, que cumpla con los estándares legales e internos.
* Comprender cómo deben considerarse el apetito de riesgo y la cultura de riesgo del Banco en las actividades y decisiones del día a día.
* Atender inspecciones, fiscalizaciones y requerimientos de organismos supervisores y reguladores (SUNAFIL, MTPE, entre otras), cuando corresponda, y asegurar que las respuestas cumplan con la legislación aplicable y los estándares internos.
* Lograr una gestión eficaz del sistema RCM y la finalización oportuna del CRCA anual mediante una estrecha colaboración con el equipo de Cumplimiento.
* Gestionar y coordinar los procesos administrativos ante el regulador, incluidas actuaciones inspectivas cuando corresponda, asegurando el cumplimiento, la ejecución oportuna, la coordinación eficaz de las partes interesadas y resultados regulatorios satisfactorios.
* Relaciones laborales
* Colaborar con el/la Gerente Senior de Relaciones Laborales y con los Empleados para adaptar los programas y prácticas de relaciones laborales a los requisitos locales, aprovechando las mejores prácticas globales.
* Colaborar con el/la Gerente Senior de Relaciones Laborales y con los Empleados para gobernar y revisar los convenios colectivos y abordar asuntos laborales, así como para considerar los riesgos laborales y el impacto de las iniciativas en países con sindicatos.
* Brindar orientación sobre asuntos de relaciones laborales, anticipar tendencias y abordar los desafíos de manera proactiva.
* Cultura
* Promover una cultura enfocada en el cliente y de alto desempeño que fomente la inclusión, el compromiso y la alineación con la visión y los valores de Scotiabank.
* Contribuir a un entorno de equipo que atraiga, retenga y desarrolle al mejor talento.
* Actuar como promotor(a) a nivel Banco de ScotiaBond y del programa Raise a Concern Program.
* Relaciones sindicales
* Asesorar y, cuando corresponda, participar en negociaciones relacionadas con solicitudes sindicales, supervisando el cumplimiento de las normas laborales y de las disposiciones contractuales y legales aplicables.
* Gestionar y resolver casos presentados por el sindicato con base en principios de equidad y transparencia, fortaleciendo la relación Empresa–Sindicato.


**Requisitos**
* Título de educación superior o diploma técnico en Recursos Humanos, Derecho Laboral u otra disciplina relacionada; y/o más de 3 años de experiencia en Relaciones Laborales y con los Empleados o Recursos Humanos
* Conocimiento de la legislación laboral, políticas de RR. HH. y mejores prácticas de Relaciones Laborales y con los Empleados.
* Capacidad para leer e interpretar convenios colectivos (internacional).
* Sólidas habilidades de investigación y análisis.
* Habilidades de resolución de problemas con buen criterio.
* Experiencia en resolución de conflictos y técnicas alternativas de resolución de disputas.
* Excelentes habilidades de comunicación oral y escrita, incluida la elaboración de informes y la capacidad de presentar.
* Capacidad para gestionar múltiples prioridades, mantenerse organizado(a) y cumplir plazos.
* Capacidad comprobada para gestionar casos complejos y sensibles con discreción y profesionalismo.
* Dominio del inglés


 Location(s): Peru : Lima : San Isidro
   

  

 Thanks so much for apply to this position; it is important to mention that the recruitment consultant is going to communicate only with the candidates that make the perfect match with the job description
   

  

* At Scotiabank Group Peru, we value the unique skills, experiences and perspectives each individual brings. We actively promote inclusivity and respect. If you feel we could provide you with some reasonable accommodation during the selection process, we encourage you to let us know when entering your information on the platform or when contacting our talent attraction team. We are committed to creating and maintaining an inclusive, accessible and safe environment where everyone is welcome.",Banking,https://ca.linkedin.com/company/scotiabank,https://media.licdn.com/dms/image/v2/D560BAQGx2sArNKVDLw/company-logo_100_100/company-logo_100_100/0/1718999423222/scotiabank_logo?e=2147483647&v=beta&t=jBewBCBrGzXGmvX8nuyThCe-iMqa5jnWV1BcUJbMJlM,,,,,,,,,,,,"""Relaciones Internacionales"""
li-4441479560,linkedin,https://www.linkedin.com/jobs/view/4441479560,,"Canal escrito/Con Exp 3 meses/Full time,Semi full/Remoto",Partner Service,"Surquillo, Peru",2026-07-16,fulltime,,,,,,False,entry level,Other,,,"**Estamos buscando un Asesor de migraciones para incorporarse en nuestra oficina de Santa Anita.**
**Funciones**
* Contactar a clientes de nuestro operador con el fin de retener al cliente móvil de su servicio a través de un canal escrito.
* Ofrecer servicio postventa al cliente ( Llamar para legislación de contratos)


**Requisitos**
* Sin experiencia previa, pero con capacidad de aprendizaje rápido.
* Conocimientos básicos de trámites migratorios.
* Habilidades de comunicación efectivas.


**Beneficios**
* Ofrecemos un ambiente de trabajo colaborativo.
* Contarás con oportunidades de realizar linea de carrera desarrollo .
* Acceso a recursos de capacitación continua.
* Capacitaciones Remotas


**Horario**
**FULLTIME L\-D**
 ANGO 1
   

  

 L\-D: 9AM A 7PM
   

  

 RANGO 2
   

  

 L\-D: 10AM A 8PM
   

  

**SEMIFULL L\-D**
 RANGO 1
   

  

 L\-D: 10AM A 7PM
   

  

 RANGO 2
   

  

 L\-D: 2PM A 8PM
   

  

 La oportunidad de formar parte de nuestro equipo te permitirá crecer profesionalmente y contribuir al éxito de Partner Service.",Telecommunications,https://pe.linkedin.com/company/partner-service-sac,https://media.licdn.com/dms/image/v2/D4E0BAQFCSucvMMQJzA/company-logo_100_100/company-logo_100_100/0/1736536706200/partner_service_sac_logo?e=2147483647&v=beta&t=1cZ1lVsbU-FmNQlDkTKSrInyIsyBknFNhW_fs1bPDIU,,,,,,,,,,,,"""Relaciones Internacionales"""
li-4441231636,linkedin,https://www.linkedin.com/jobs/view/4441231636,,SUSTAINABILITY RISK ASSOCIATE I,BBVA en Perú,"Lima, Peru",2026-07-15,fulltime,,,,,,False,mid-senior level,Consulting and Strategy/Planning,,,"**¿Qué estamos buscando?** 




  





  





**Funciones** 




  




* Gestionar la implementación local de metodologías, modelos, herramientas y marcos de gestión de riesgo climáticos definidos por Holding y la geografía
* Coordinar la incorporación de criterios y variables climáticas en los procesos de admisión, seguimiento y gestión de riesgos
* Promover la adopción y uso de herramientas de gestión climática por parte de todos aquellos equipos involucrados para su correcto uso como admisión, banca empresa, cib, otros.
* Brindar soporte técnico y funcional a los usuarios de herramientas y metodologías de riesgo climático
* Coordinar con equipos globales y locales la ejecución de iniciativas y proyectos relacionados con riesgo climático y sostenible.
* Realizar el seguimiento de indicadores, métricas y resultados asociados a la gestión de riesgos climáticos en clientes y portafolios.
* Participar en el desarrollo e implementación de capacidades para la identificación, medición, monitoreo y mitigación de riesgos de transición y riesgos físicos.
* Impulsa la integración de consideraciones climáticas dentro de los marcos de gestión integral de riesgos del bancos.
* Diseñar y ejecutar programas de capacitación y acompañamiento para fortalecer las capacidades de gestión climática en equipos de negocio y riesgo.
* Elaborar presentaciones, reportes y análisis para comités, foros de gestión y órganos de gobierno relacionados con la gestión de sostenibilidad y riesgo climático.
* Identificar oportunidades de mejora en metodologías, procesos y herramientas de gestión climática, promoviendo su evolución continua.
* Coordinar la implementación de requerimientos regulatorios y corporativos relacionados con riesgos climáticos y sostenibles.
* Buscar continuamente oportunidades de negocio basado en la gestión de riesgo climático a través de explotación de datos, métricas, proycttos u otros.
* Impulsar el uso de inteligencia artificial para la búsqueda de eficiencia y automatización de procesos , contribuyendo a la gestión y evaluación de riesgos climáticos y reporting.
* Realizar otras funciones inherentes al cargo y las asignadas por su responsable, contribuyendo al cumplimiento de los objetivos del área



  





  





**Requisitos:** 




  




* Bachiller o titulado en Economía, Ingeniería Ambiental, Ingeniería Industrial, Ingeniería Económica, Ingeniería Empresarial, Finanzas, Administración o carreras afines.
* Experiencia
 **de 3** 
 años en gestión de riesgos, sostenibilidad, cambio climático, riesgos ESG o gestión ambiental, de preferencia en el sector financiero, consultoría o entidades públicas relacionadas.
* Especialización o estudios complementarios en gestión del riesgo climático, sostenibilidad, finanzas sostenibles, cambio climático o temas afines.
* Conocimiento de riesgos climáticos físicos y de transición, así como de su integración en los procesos de gestión integral de riesgos.
* Experiencia participando en proyectos de implementación de metodologías, modelos, herramientas o iniciativas relacionadas con riesgo climático, sostenibilidad oESG.
* Conocimiento de marcos regulatorios y estándares internacionales relacionados con sostenibilidad y riesgo climático (TCFD, ISSB, TNFD, IFRS S1/S2, PCAF, NGFS, Principios de Ecuador, entre otros) (deseable).
* Experiencia en análisis de información, elaboración de indicadores (KPIs), métricas y reportes ejecutivos para la toma de decisiones.
* Experiencia coordinando proyectos multidisciplinarios con equipos locales y globales.
* Conocimiento de procesos de gestión de riesgos de crédito, admisión, seguimiento y monitoreo de portafolios (deseable).
* Experiencia diseñando o facilitando programas de capacitación y acompañamiento a usuarios internos (deseable).
* Manejo de Microsoft Excel a nivel avanzado (tablas dinámicas, análisis de datos y elaboración de reportes).
* Conocimientos en herramientas de análisis de datos y visualización como Power BI, SQL o Python (deseable).
* Interés y conocimientos en inteligencia artificial aplicada a la automatización de procesos y análisis de datos (deseable).
* Inglés a nivel intermedio o avanzado",Banking,https://pe.linkedin.com/company/bbva-peru,https://media.licdn.com/dms/image/v2/D560BAQGJbdXwhVZL8A/company-logo_100_100/B56ZbzLj14HUAU-/0/1747836616734/bbva_peru_logo?e=2147483647&v=beta&t=Y6KD7Ro2OonrCj1CJf2kuXTmId908Df6gQb54op3Rz0,,,,,,,,,,,,"""Relaciones Internacionales"""
li-4409721468,linkedin,https://www.linkedin.com/jobs/view/4409721468,,"Associate, Peru",Boston Consulting Group (BCG),"Lima, Peru",,fulltime,,,,,,False,entry level,Other,,,"Who We Are
   

  

 Boston Consulting Group partners with leaders in business and society to tackle their most important challenges and capture their greatest opportunities. BCG was the pioneer in business strategy when it was founded in 1963\. Today, we help clients with total transformation\-inspiring complex change, enabling organizations to grow, building competitive advantage, and driving bottom\-line impact.
   

  

 To succeed, organizations must blend digital and human capabilities. Our diverse, global teams bring deep industry and functional expertise and a range of perspectives to spark change. BCG delivers solutions through leading\-edge management consulting along with technology and design, corporate and digital ventures—and business purpose. We work in a uniquely collaborative model across the firm and throughout all levels of the client organization, generating results that allow our clients to thrive.
   

  

 Boston Consulting Group is an Equal Opportunity Employer. All qualified applicants will receive consideration for employment without regard to race, color, age, religion, sex, sexual orientation, gender identity / expression, national origin, disability, protected veteran status, or any other characteristic protected under national, provincial, or local law, where applicable, and those with criminal histories will be considered in a manner consistent with applicable state and local laws.
   

  

 BCG is an E \- Verify Employer. Click here for more information on E\-Verify.",Business Consulting and Services,https://www.linkedin.com/company/boston-consulting-group,https://media.licdn.com/dms/image/v2/D4E0BAQFRjmUd2-ll4A/company-logo_100_100/B4EZ50Ww6wG0AM-/0/1780068585403/boston_consulting_group_logo?e=2147483647&v=beta&t=pmrmnbkT2Q1VmNnihTuL7njDTMdNjGItMDOGVFvw7is,,,,,,,,,,,,"""Relaciones Internacionales"""
li-4447528206,linkedin,https://www.linkedin.com/jobs/view/4447528206,,COORDINADOR DE EXPERIENCIA ESTUDIANTIL ONLINE,Universidad Norbert Wiener,"Lima, Peru",,fulltime,,,,,,False,not applicable,Education and Training,,,"En la Universidad Norbert Wiener, licenciada por SUNEDU, estamos comprometidos en ofrecer una experiencia educativa de clase mundial que transforma la vida de miles de estudiantes. Únete a nuestro propósito y conviértete en nuestro(a) próximo(a)
 **COORDINADOR DE EXPERIENCIA ESTUDIANTIL ONLINE.**
**Nuestro (a) Próximo (a) Colaborador Debe Contar Con**
* Formación: Bachiller de las carreras profesionales de Administración, marketing, psicología, comunicador, educación o afines (Indispensable).
* Mínimo 02 años de experiencia como coordinador de experiencia estudiantil (Indispensable).
* Conocimientos en gestión por indicadores (KPIs) y segmentación de estudiantes.
* Conocimientos en el desarrollo de contenidos educativos (talleres, webinars,etc).
* Liderazgo y gestión del acompañamiento estudiantil .
* Diseño de estrategias de retención y fidelización.
* Dominio del idioma inglés a nivel básico.


**Estas Serán Tus Principales Funciones**
* Coordinar y supervisar los programas de onboarding, retención, coaching y bienestar estudiantil.
* Acompañar y retroalimentar a los coach de éxito para garantizar la mejora continua de los procesos.
* Diseñar estrategias basadas en datos para identificar los indicadores de riesgo, permanencia y satisfacción.
* Articular con diversas áreas institucionales (académica, financiera, empleabilidad, soporte) para una atención integral.
* Diseñar e implementar acciones que fortalezcan la cultura universitaria, el liderazgo y la vinculación estudiantil.
* Gestionar planes de intervención y seguimiento para estudiantes en riesgo emocional, académico o social.
* Elaborar reportes mensuales de gestión, con análisis de KPIs y propuestas de mejora.
* Elaborar informes detallados sobre los KPIs de experiencia para la permanencia y satisfacción del estudiantil.


**Horario**
* Lunes a Viernes de 2:00 pm a 10:00 pm


**Disfruta De Los Beneficios Que Tenemos Para Ti**
* Todos los beneficios de ley: 14 sueldos al año, CTS, vacaciones, utilidades, entre otros.
* Descuentos exclusivos para ti y tu familia en nuestras instituciones educativas.
* Programas de bienestar integral y equilibrio entre la vida personal y laboral.
* Descuentos corporativos en más de 50 establecimientos y servicios.


**¡Postula y sigamos brindando una experiencia educativa de clase mundial para miles de estudiantes!**
*En Universidad Norbert Wiener nos caracterizamos por ser una organización socialmente responsable, que no consiente actos de discriminación en nuestros procesos y velamos el cumplimiento de la ley N° 29973\.*
*En la U. Wiener estamos comprometidos en brindar igualdad de oportunidades para todos los candidatos(as) respetando la inclusión, diversidad y fomentando un espacio libre de discriminación.*",Commercial and Service Industry Machinery Manufacturing,https://pe.linkedin.com/school/universidadnorbertwiener/,https://media.licdn.com/dms/image/v2/D4E0BAQEOdmY8nYMYFg/company-logo_100_100/B4EZ9I7aT0HsAI-/0/1783634961944/universidadnorbertwiener_logo?e=2147483647&v=beta&t=ZeSo6ZwSbJSF8SRjgmUCBLQG2bVVTv_fE5HmYX3a9tM,,,,,,,,,,,,"""Relaciones Internacionales"""
li-4437573487,linkedin,https://www.linkedin.com/jobs/view/4437573487,,Performance Specialist,Google,"Lima, Peru",,fulltime,,,,,,False,not applicable,"Sales, Advertising, and Customer Service",,,"**Please submit your resume in English \- we can only consider applications submitted in this language.**
 Note: By applying to this position you will have an opportunity to share your preferred working location from the following:
 **Lima, Peru; Bogotá, Bogota, Colombia; Santiago, Chile** 
 .
 **Minimum qualifications:**
* Bachelor's degree or equivalent practical experience.
* 8 years of experience in digital media, sales, marketing, or product roles.
* Experience working with digital organizations.
* Experience identifying and recommending solutions to improve customer strategy, and working with executive leadership.


**Preferred qualifications:**
* Experience using product and domain expertise to increase product adoption.
* Experience identifying and recommending new processes, procedures, and methods for product adoption strategy, addressing future needs by partnering and collaborating with regional partners/stakeholders.
* Ability to influence and build relationships across teams and functions to address customer needs and facilitate agreements.
* Ability to be a thought leader of Google product and engaged landscape.


**About The Job**
 In this role, you will help to activate Google’s business strategy for our advertisers and will be ultimately responsible for driving adoption of our advertising solutions. Your knowledge of online media combined with your communication skills and problem\-solving abilities shapes how new and existing businesses grow. Using your influencing and relationship\-building skills, you will provide Google\-caliber client service, research and market analysis. You will anticipate how decisions are made, persistently explore and uncover the business needs of Google's key clients and understand how our range of product offerings can grow their business.
   

  

**Responsibilities**
* Educate the ecosystem and work with Sales and Agency teams to prioritize short, mid, and long term actions for Search products and solutions.
* Develop key client lists, narratives and execute selling of product priorities in partnership with Sales and Agency.
* Co\-develop and co\-own the product strategy for Search solutions.
* Help Sales and Agency influence customers to increase the adoption of Performance solutions to maximize business outcomes.
* Execute Go\-to\-Market plan to drive Search solutions successfully in the region.


 Google is proud to be an equal opportunity workplace and is an affirmative action employer. We are committed to equal employment opportunity regardless of race, color, ancestry, religion, sex, national origin, sexual orientation, age, citizenship, marital status, disability, gender identity or Veteran status. We also consider qualified applicants regardless of criminal histories, consistent with legal requirements. See also Google's EEO Policy and EEO is the Law. If you have a disability or special need that requires accommodation, please let us know by completing our Accommodations for Applicants form .","Information Services and Technology, Information and Internet",https://www.linkedin.com/company/google,https://media.licdn.com/dms/image/v2/D4E0BAQGv3cqOuUMY7g/company-logo_100_100/B4EZmhegXHGcAU-/0/1759350753990/google_logo?e=2147483647&v=beta&t=zYekdwB_mnXarr4wa4kw8w3Jikm8YaakM5aiDyAyvP0,,,,,,,,,,,,"""Relaciones Internacionales"""
li-4444649080,linkedin,https://www.linkedin.com/jobs/view/4444649080,,ANALISTA DE INTELIGENCIA COMERCIAL,Universia Perú,"Santiago de Surco, Peru",,fulltime,,,,,,False,entry level,"Research, Analyst, and Information Technology",,,"Somos una empresa peruana dedicada a la comercialización y exportación de productos, comprometida con la calidad, la innovación y el desarrollo de nuevos mercados internacionales. Buscamos incorporar a nuestro equipo un profesional que contribuya con el crecimiento y fortalecimiento de nuestra estrategia comercial.",Higher Education,https://pe.linkedin.com/company/universia-per%C3%BA,https://media.licdn.com/dms/image/v2/C4E0BAQFjNjS5DI_0Xw/company-logo_100_100/company-logo_100_100/0/1631304516552?e=2147483647&v=beta&t=xA5at42Ki0TAs7VB60DWUq_E3cfHMlEOzpUMLUgfYnw,,,,,,,,,,,,"""Relaciones Internacionales"""
